"TIME","TYPE","AMOUNT","CATEGORY","ACCOUNT","NOTES"
"Jan 01, 2000 12:00 AM","(#) Opening","1800.00","-","Cash","Opening balance"
"Jan 01, 2000 12:00 AM","(#) Opening","-5500.00","-","Credit","Opening balance"
"Jan 01, 2000 12:00 AM","(#) Opening","25000.00","-","Emergency","Opening balance"
"Jan 01, 2000 12:00 AM","(#) Opening","0.00","-","Metro","Opening balance"
"Jan 01, 2000 12:00 AM","(#) Opening","4200.00","-","Primary","Opening balance"
"Jan 01, 2000 12:00 AM","(#) Opening","85000.00","-","Savings","Opening balance"
"Aug 01, 2023 7:02 AM","(-) Expense","146.00","Sport","Primary","gym day pass"
"Aug 01, 2023 8:22 AM","(-) Expense","12.00","Food","Cash","cutting chai"
"Aug 01, 2023 8:48 AM","(-) Expense","43.00","Transportation","Metro","metro"
"Aug 01, 2023 9:17 AM","(+) Income","48000.00","Salary","Primary","monthly salary"
"Aug 01, 2023 9:38 AM","(*) Transfer","8779.50","-","Primary->Savings","monthly save"
"Aug 01, 2023 1:08 PM","(-) Expense","169.50","Food","Primary","thali"
"Aug 01, 2023 4:39 PM","(-) Expense","61.00","Food","Primary","dosa"
"Aug 01, 2023 7:12 PM","(-) Expense","48.00","Transportation","Metro","metro"
"Aug 01, 2023 9:00 PM","(-) Expense","116.00","Food","Primary","burger"
"Aug 02, 2023 8:23 AM","(-) Expense","11.00","Food","Primary","tea"
"Aug 02, 2023 8:48 AM","(-) Expense","22.00","Transportation","Primary","bus"
"Aug 02, 2023 10:02 AM","(-) Expense","9092.00","Home","Primary","rent share"
"Aug 02, 2023 1:03 PM","(-) Expense","98.00","Food","Primary","office cafeteria"
"Aug 02, 2023 7:12 PM","(-) Expense","28.00","Transportation","Primary","bus"
"Aug 03, 2023 8:07 AM","(*) Transfer","263.50","-","Primary->Metro","metro card top-up"
"Aug 03, 2023 8:52 AM","(-) Expense","49.00","Transportation","Metro","metro"
"Aug 03, 2023 1:05 PM","(-) Expense","64.50","Food","Primary","dosa"
"Aug 03, 2023 4:37 PM","(-) Expense","41.50","Food","Cash","poha"
"Aug 03, 2023 5:00 PM","(-) Expense","2023.00","Clothing","Primary","ethnic wear"
"Aug 03, 2023 7:11 PM","(-) Expense","51.00","Transportation","Metro","metro"
"Aug 03, 2023 9:01 PM","(-) Expense","86.00","Food","Primary","burger"
"Aug 04, 2023 8:22 AM","(-) Expense","33.00","Food","Cash","filter coffee"
"Aug 04, 2023 8:47 AM","(-) Expense","52.00","Transportation","Metro","metro"
"Aug 04, 2023 1:02 PM","(-) Expense","74.00","Food","Primary","dosa"
"Aug 04, 2023 4:43 PM","(-) Expense","46.00","Food","Cash","idli"
"Aug 04, 2023 7:11 PM","(-) Expense","35.00","Transportation","Metro","metro"
"Aug 05, 2023 7:00 AM","(-) Expense","117.00","Sport","Primary","swimming"
"Aug 05, 2023 8:23 AM","(-) Expense","14.00","Food","Primary","tea"
"Aug 05, 2023 11:05 AM","(-) Expense","727.00","Ration","Primary","grocery restock"
"Aug 05, 2023 11:08 AM","(-) Expense","86.00","Ration","Primary","milk and curd"
"Aug 05, 2023 11:18 AM","(-) Expense","636.00","Ration","Primary","grocery restock"
"Aug 05, 2023 11:21 AM","(-) Expense","549.00","Bills","Primary","wifi"
"Aug 05, 2023 1:05 PM","(-) Expense","425.00","Food","Primary","pizza"
"Aug 05, 2023 4:39 PM","(-) Expense","20.00","Food","Primary","filter coffee"
"Aug 05, 2023 6:23 PM","(-) Expense","1333.00","Entertainment","Primary","game purchase"
"Aug 05, 2023 8:08 PM","(-) Expense","1844.00","Social","Primary","wedding gift"
"Aug 05, 2023 9:00 PM","(-) Expense","87.00","Food","Primary","lunch"
"Aug 06, 2023 8:23 AM","(-) Expense","11.00","Food","Primary","tea"
"Aug 06, 2023 1:02 PM","(-) Expense","96.00","Food","Primary","burger"
"Aug 06, 2023 4:43 PM","(-) Expense","58.00","Food","Primary","fruit salad"
"Aug 06, 2023 8:08 PM","(-) Expense","342.00","Social","Primary","festival sweets"
"Aug 07, 2023 8:47 AM","(-) Expense","47.00","Transportation","Metro","metro"
"Aug 07, 2023 1:07 PM","(-) Expense","58.00","Food","Primary","idli"
"Aug 07, 2023 7:11 PM","(-) Expense","36.00","Transportation","Metro","metro"
"Aug 07, 2023 7:27 PM","(-) Expense","784.00","gift","Primary","diwali gift"
"Aug 07, 2023 9:00 PM","(-) Expense","266.00","Food","Primary","pizza"
"Aug 08, 2023 7:01 AM","(-) Expense","297.50","Sport","Primary","badminton court"
"Aug 08, 2023 8:21 AM","(-) Expense","12.00","Food","Primary","cutting chai"
"Aug 08, 2023 8:49 AM","(-) Expense","59.00","Transportation","Primary","metro"
"Aug 08, 2023 12:07 PM","(-) Expense","1303.00","Bills","Primary","electricity"
"Aug 08, 2023 1:07 PM","(-) Expense","124.00","Food","Primary","lunch"
"Aug 08, 2023 7:32 PM","(-) Expense","1182.00","gift","Primary","diwali gift"
"Aug 09, 2023 8:22 AM","(-) Expense","15.00","Food","Cash","tea"
"Aug 09, 2023 8:50 AM","(-) Expense","43.00","Transportation","Metro","metro"
"Aug 09, 2023 1:04 PM","(-) Expense","97.00","Food","Primary","lunch"
"Aug 09, 2023 4:41 PM","(-) Expense","75.00","Food","Primary","fruit salad"
"Aug 09, 2023 9:03 PM","(-) Expense","81.50","Food","Primary","office cafeteria"
"Aug 10, 2023 7:02 AM","(-) Expense","79.00","Sport","Primary","sports drink"
"Aug 10, 2023 8:23 AM","(-) Expense","14.00","Food","Primary","tea"
"Aug 10, 2023 8:48 AM","(-) Expense","19.00","Transportation","Primary","bus"
"Aug 10, 2023 1:05 PM","(-) Expense","89.50","Food","Primary","office cafeteria"
"Aug 10, 2023 7:13 PM","(-) Expense","31.00","Transportation","Primary","bus"
"Aug 11, 2023 8:20 AM","(-) Expense","11.00","Food","Primary","cutting chai"
"Aug 11, 2023 8:47 AM","(-) Expense","54.00","Transportation","Metro","metro"
"Aug 11, 2023 1:04 PM","(-) Expense","96.00","Food","Primary","office cafeteria"
"Aug 12, 2023 7:00 AM","(-) Expense","67.00","Sport","Primary","sports drink"
"Aug 12, 2023 11:00 AM","(-) Expense","72.00","Ration","Primary","eggs pack"
"Aug 12, 2023 11:17 AM","(-) Expense","78.50","Ration","Primary","milk and curd"
"Aug 12, 2023 11:19 AM","(-) Expense","100.00","Ration","Primary","milk and curd"
"Aug 12, 2023 1:06 PM","(-) Expense","185.00","Food","Primary","dinner"
"Aug 12, 2023 6:31 PM","(-) Expense","224.00","Telephone","Primary","prepaid top-up"
"Aug 12, 2023 8:12 PM","(-) Expense","2152.00","Social","Primary","wedding gift"
"Aug 12, 2023 9:00 PM","(-) Expense","125.00","Food","Primary","office cafeteria"
"Aug 13, 2023 8:22 AM","(-) Expense","13.00","Food","Cash","tea"
"Aug 13, 2023 1:05 PM","(-) Expense","133.00","Food","Primary","thali"
"Aug 13, 2023 4:41 PM","(-) Expense","30.00","Food","Primary","egg puff"
"Aug 14, 2023 8:19 AM","(-) Expense","26.50","Food","Primary","filter coffee"
"Aug 14, 2023 8:49 AM","(-) Expense","33.00","Transportation","Primary","bus"
"Aug 14, 2023 1:04 PM","(-) Expense","56.00","Food","Primary","idli"
"Aug 14, 2023 2:00 PM","(-) Expense","65.00","Education","Primary","printouts"
"Aug 14, 2023 4:40 PM","(-) Expense","86.00","Food","Primary","dosa"
"Aug 14, 2023 7:10 PM","(-) Expense","29.00","Transportation","Primary","bus"
"Aug 15, 2023 7:00 AM","(-) Expense","73.00","Sport","Primary","sports drink"
"Aug 15, 2023 8:19 AM","(-) Expense","30.00","Food","Cash","filter coffee"
"Aug 15, 2023 8:48 AM","(-) Expense","35.00","Transportation","Primary","bus"
"Aug 15, 2023 1:02 PM","(-) Expense","131.00","Food","Primary","lunch"
"Aug 15, 2023 4:39 PM","(-) Expense","12.00","Food","Cash","tea"
"Aug 15, 2023 8:06 PM","(*) Transfer","8387.00","-","Primary->Credit","credit card payment"
"Aug 16, 2023 8:17 AM","(-) Expense","13.00","Food","Cash","tea"
"Aug 16, 2023 8:48 AM","(-) Expense","42.00","Transportation","Metro","metro"
"Aug 16, 2023 1:04 PM","(-) Expense","76.00","Food","Primary","office cafeteria"
"Aug 16, 2023 4:40 PM","(-) Expense","42.00","Food","Cash","juice"
"Aug 16, 2023 7:11 PM","(-) Expense","45.00","Transportation","Metro","metro"
"Aug 17, 2023 8:22 AM","(-) Expense","26.00","Food","Primary","filter coffee"
"Aug 17, 2023 8:53 AM","(-) Expense","25.00","Transportation","Primary","bus"
"Aug 17, 2023 1:07 PM","(-) Expense","61.00","Food","Primary","dosa"
"Aug 17, 2023 4:40 PM","(-) Expense","36.50","Food","Cash","poha"
"Aug 17, 2023 7:13 PM","(-) Expense","24.00","Transportation","Primary","bus"
"Aug 18, 2023 8:13 AM","(*) Transfer","298.00","-","Primary->Metro","metro card top-up"
"Aug 18, 2023 8:21 AM","(-) Expense","31.00","Food","Primary","filter coffee"
"Aug 18, 2023 8:52 AM","(-) Expense","40.00","Transportation","Metro","metro"
"Aug 18, 2023 1:04 PM","(-) Expense","98.00","Food","Primary","lunch"
"Aug 18, 2023 4:39 PM","(-) Expense","17.00","Food","Primary","biscuit"
"Aug 18, 2023 7:10 PM","(-) Expense","46.00","Transportation","Metro","metro"
"Aug 19, 2023 7:00 AM","(-) Expense","75.00","Sport","Primary","sports drink"
"Aug 19, 2023 8:18 AM","(-) Expense","11.00","Food","Cash","cutting chai"
"Aug 19, 2023 1:06 PM","(-) Expense","413.00","Food","Primary","outside dinner"
"Aug 19, 2023 4:39 PM","(-) Expense","24.00","Food","Primary","vada pav"
"Aug 19, 2023 9:01 PM","(-) Expense","109.00","Food","Primary","lunch"
"Aug 20, 2023 8:18 AM","(-) Expense","22.00","Food","Cash","filter coffee"
"Aug 20, 2023 1:08 PM","(-) Expense","107.00","Food","Primary","office cafeteria"
"Aug 20, 2023 2:02 PM","(-) Expense","1391.00","Education","Primary","exam fee"
"Aug 20, 2023 4:41 PM","(-) Expense","119.00","Food","Primary","ice cream"
"Aug 20, 2023 5:47 PM","(*) Transfer","2373.00","-","Primary->Cash","atm cash"
"Aug 20, 2023 8:09 PM","(-) Expense","315.00","Social","Primary","team lunch share"
"Aug 21, 2023 8:22 AM","(-) Expense","29.00","Food","Primary","filter coffee"
"Aug 21, 2023 8:52 AM","(-) Expense","34.00","Transportation","Metro","metro"
"Aug 21, 2023 1:04 PM","(-) Expense","68.00","Food","Primary","dosa"
"Aug 21, 2023 4:39 PM","(-) Expense","70.00","Food","Cash","dosa"
"Aug 21, 2023 7:07 PM","(-) Expense","34.00","Transportation","Metro","metro"
"Aug 21, 2023 9:02 PM","(-) Expense","112.00","Food","Primary","burger"
"Aug 22, 2023 7:02 AM","(-) Expense","389.00","Sport","Primary","badminton court"
"Aug 22, 2023 8:18 AM","(-) Expense","12.00","Food","Primary","tea"
"Aug 22, 2023 1:05 PM","(-) Expense","75.00","Food","Primary","dosa"
"Aug 22, 2023 4:40 PM","(-) Expense","37.00","Food","Primary","idli"
"Aug 23, 2023 8:47 AM","(-) Expense","44.00","Transportation","Metro","metro"
"Aug 23, 2023 1:04 PM","(-) Expense","96.00","Food","Primary","office cafeteria"
"Aug 23, 2023 4:41 PM","(-) Expense","54.00","Food","Cash","juice"
"Aug 23, 2023 7:12 PM","(-) Expense","49.00","Transportation","Metro","metro"
"Aug 23, 2023 9:00 PM","(-) Expense","102.50","Food","Primary","burger"
"Aug 24, 2023 8:18 AM","(-) Expense","27.00","Food","Primary","filter coffee"
"Aug 24, 2023 8:48 AM","(-) Expense","57.00","Transportation","Metro","metro"
"Aug 24, 2023 1:04 PM","(-) Expense","138.00","Food","Primary","lunch"
"Aug 24, 2023 7:10 PM","(-) Expense","47.00","Transportation","Metro","metro"
"Aug 25, 2023 8:48 AM","(-) Expense","32.00","Transportation","Primary","bus"
"Aug 25, 2023 1:05 PM","(-) Expense","128.00","Food","Primary","office cafeteria"
"Aug 25, 2023 7:10 PM","(-) Expense","29.00","Transportation","Primary","bus"
"Aug 26, 2023 1:04 PM","(-) Expense","231.00","Food","Primary","biryani"
"Aug 26, 2023 4:43 PM","(-) Expense","43.00","Food","Primary","idli"
"Aug 27, 2023 8:20 AM","(-) Expense","10.00","Food","Primary","cutting chai"
"Aug 27, 2023 1:08 PM","(-) Expense","214.00","Food","Primary","pizza"
"Aug 27, 2023 4:41 PM","(-) Expense","28.00","Food","Cash","vada pav"
"Aug 27, 2023 6:20 PM","(-) Expense","605.00","Entertainment","Primary","game purchase"
"Aug 27, 2023 9:01 PM","(-) Expense","148.00","Food","Primary","burger"
"Aug 28, 2023 8:19 AM","(-) Expense","23.00","Food","Primary","filter coffee"
"Aug 28, 2023 8:49 AM","(-) Expense","44.50","Transportation","Metro","metro"
"Aug 28, 2023 1:06 PM","(-) Expense","139.50","Food","Primary","lunch"
"Aug 28, 2023 7:13 PM","(-) Expense","46.00","Transportation","Metro","metro"
"Aug 29, 2023 7:00 AM","(-) Expense","175.00","Sport","Primary","gym day pass"
"Aug 29, 2023 8:22 AM","(-) Expense","13.00","Food","Primary","tea"
"Aug 29, 2023 8:48 AM","(-) Expense","42.00","Transportation","Metro","metro"
"Aug 29, 2023 1:06 PM","(-) Expense","140.00","Food","Primary","thali"
"Aug 29, 2023 4:40 PM","(-) Expense","117.00","Food","Primary","ice cream"
"Aug 29, 2023 7:08 PM","(-) Expense","44.00","Transportation","Metro","metro"
"Aug 30, 2023 8:22 AM","(-) Expense","14.00","Food","Primary","tea"
"Aug 30, 2023 8:47 AM","(-) Expense","53.00","Transportation","Primary","metro"
"Aug 30, 2023 1:07 PM","(-) Expense","49.00","Food","Primary","idli"
"Aug 30, 2023 4:39 PM","(-) Expense","15.00","Food","Cash","tea"
"Aug 30, 2023 7:11 PM","(-) Expense","47.00","Transportation","Primary","metro"
"Aug 31, 2023 7:00 AM","(-) Expense","393.50","Sport","Primary","badminton court"
"Aug 31, 2023 8:51 AM","(-) Expense","23.00","Transportation","Primary","bus"
"Aug 31, 2023 1:02 PM","(-) Expense","178.00","Food","Primary","thali"
"Aug 31, 2023 7:09 PM","(-) Expense","19.00","Transportation","Primary","bus"
"Sep 01, 2023 8:23 AM","(-) Expense","14.00","Food","Primary","tea"
"Sep 01, 2023 8:53 AM","(-) Expense","59.50","Transportation","Metro","metro"
"Sep 01, 2023 9:13 AM","(+) Income","48000.00","Salary","Primary","monthly salary"
"Sep 01, 2023 9:43 AM","(*) Transfer","13509.00","-","Primary->Savings","monthly save"
"Sep 01, 2023 1:04 PM","(-) Expense","143.00","Food","Primary","lunch"
"Sep 01, 2023 4:39 PM","(-) Expense","10.00","Food","Primary","cutting chai"
"Sep 01, 2023 7:13 PM","(-) Expense","43.00","Transportation","Metro","metro"
"Sep 02, 2023 7:00 AM","(-) Expense","399.00","Sport","Primary","badminton court"
"Sep 02, 2023 8:17 AM","(-) Expense","12.00","Food","Primary","cutting chai"
"Sep 02, 2023 10:08 AM","(-) Expense","10818.00","Home","Primary","rent share"
"Sep 02, 2023 11:01 AM","(-) Expense","816.00","Ration","Primary","grocery restock"
"Sep 02, 2023 11:09 AM","(-) Expense","332.50","Ration","Primary","chicken"
"Sep 02, 2023 11:15 AM","(-) Expense","194.00","Ration","Primary","fruits"
"Sep 02, 2023 11:25 AM","(-) Expense","765.00","Ration","Primary","grocery restock"
"Sep 02, 2023 11:27 AM","(-) Expense","422.00","Ration","Primary","rice and dal"
"Sep 02, 2023 1:05 PM","(-) Expense","191.00","Food","Primary","thali"
"Sep 02, 2023 6:23 PM","(-) Expense","455.00","Entertainment","Primary","game purchase"
"Sep 02, 2023 9:00 PM","(-) Expense","119.00","Food","Primary","dinner"
"Sep 03, 2023 8:19 AM","(-) Expense","22.00","Food","Primary","filter coffee"
"Sep 03, 2023 1:03 PM","(-) Expense","462.00","Food","Primary","weekend brunch"
"Sep 03, 2023 9:01 PM","(-) Expense","179.00","Food","Primary","biryani"
"Sep 04, 2023 8:18 AM","(-) Expense","33.00","Food","Primary","filter coffee"
"Sep 04, 2023 8:47 AM","(-) Expense","32.00","Transportation","Primary","metro"
"Sep 04, 2023 1:06 PM","(-) Expense","53.00","Food","Primary","dosa"
"Sep 04, 2023 4:37 PM","(-) Expense","20.00","Food","Primary","biscuit"
"Sep 04, 2023 7:10 PM","(-) Expense","39.00","Transportation","Primary","metro"
"Sep 05, 2023 7:02 AM","(-) Expense","66.00","Sport","Primary","sports drink"
"Sep 05, 2023 8:18 AM","(-) Expense","11.00","Food","Cash","cutting chai"
"Sep 05, 2023 8:49 AM","(-) Expense","22.00","Transportation","Primary","bus"
"Sep 05, 2023 11:20 AM","(-) Expense","657.00","Bills","Primary","wifi"
"Sep 05, 2023 1:08 PM","(-) Expense","77.00","Food","Primary","dosa"
"Sep 05, 2023 4:37 PM","(-) Expense","24.00","Food","Cash","water bottle"
"Sep 05, 2023 7:08 PM","(-) Expense","18.00","Transportation","Primary","bus"
"Sep 06, 2023 8:21 AM","(-) Expense","12.00","Food","Cash","tea"
"Sep 06, 2023 8:49 AM","(-) Expense","56.00","Transportation","Metro","metro"
"Sep 06, 2023 1:03 PM","(-) Expense","76.00","Food","Primary","office cafeteria"
"Sep 06, 2023 4:43 PM","(-) Expense","12.00","Food","Primary","cutting chai"
"Sep 06, 2023 7:11 PM","(-) Expense","50.00","Transportation","Metro","metro"
"Sep 07, 2023 8:20 AM","(-) Expense","10.00","Food","Primary","cutting chai"
"Sep 07, 2023 8:51 AM","(-) Expense","16.00","Transportation","Primary","bus"
"Sep 07, 2023 1:06 PM","(-) Expense","128.00","Food","Primary","lunch"
"Sep 07, 2023 7:10 PM","(-) Expense","16.00","Transportation","Primary","bus"
"Sep 08, 2023 8:22 AM","(-) Expense","10.00","Food","Cash","cutting chai"
"Sep 08, 2023 8:51 AM","(-) Expense","25.00","Transportation","Primary","bus"
"Sep 08, 2023 12:10 PM","(-) Expense","683.00","Bills","Primary","electricity"
"Sep 08, 2023 1:08 PM","(-) Expense","130.00","Food","Primary","lunch"
"Sep 08, 2023 4:42 PM","(-) Expense","31.00","Food","Primary","egg puff"
"Sep 08, 2023 7:09 PM","(-) Expense","22.50","Transportation","Primary","bus"
"Sep 09, 2023 8:17 AM","(-) Expense","12.00","Food","Primary","tea"
"Sep 09, 2023 11:24 AM","(-) Expense","322.00","Ration","Primary","rice and dal"
"Sep 09, 2023 11:31 AM","(-) Expense","223.00","Ration","Primary","chicken"
"Sep 09, 2023 6:19 PM","(-) Expense","411.00","Entertainment","Primary","movie"
"Sep 10, 2023 8:23 AM","(-) Expense","12.00","Food","Primary","cutting chai"
"Sep 10, 2023 1:07 PM","(-) Expense","380.00","Food","Primary","pizza"
"Sep 10, 2023 6:19 PM","(-) Expense","2441.50","Entertainment","Primary","concert ticket"
"Sep 11, 2023 8:23 AM","(-) Expense","13.00","Food","Primary","tea"
"Sep 11, 2023 8:53 AM","(-) Expense","22.50","Transportation","Primary","bus"
"Sep 11, 2023 1:05 PM","(-) Expense","172.00","Food","Primary","thali"
"Sep 11, 2023 4:03 PM","(-) Expense","1572.00","Shopping","Primary","earphones"
"Sep 11, 2023 4:43 PM","(-) Expense","29.00","Food","Cash","vada pav"
"Sep 11, 2023 7:11 PM","(-) Expense","32.00","Transportation","Primary","bus"
"Sep 11, 2023 9:00 PM","(-) Expense","394.50","Food","Primary","outside dinner"
"Sep 12, 2023 7:01 AM","(-) Expense","135.00","Sport","Primary","gym day pass"
"Sep 12, 2023 8:18 AM","(-) Expense","14.00","Food","Cash","tea"
"Sep 12, 2023 8:53 AM","(-) Expense","46.00","Transportation","Metro","metro"
"Sep 12, 2023 1:06 PM","(-) Expense","56.00","Food","Primary","idli"
"Sep 12, 2023 6:33 PM","(-) Expense","340.00","Telephone","Primary","prepaid top-up"
"Sep 12, 2023 7:10 PM","(-) Expense","53.00","Transportation","Metro","metro"
"Sep 13, 2023 8:20 AM","(-) Expense","10.00","Food","Primary","tea"
"Sep 13, 2023 8:53 AM","(-) Expense","41.00","Transportation","Metro","metro"
"Sep 13, 2023 1:04 PM","(-) Expense","123.50","Food","Primary","lunch"
"Sep 13, 2023 4:42 PM","(-) Expense","59.00","Food","Primary","fruit salad"
"Sep 13, 2023 7:07 PM","(-) Expense","55.50","Transportation","Metro","metro"
"Sep 14, 2023 8:47 AM","(-) Expense","55.00","Transportation","Metro","metro"
"Sep 14, 2023 1:05 PM","(-) Expense","171.00","Food","Primary","thali"
"Sep 14, 2023 7:13 PM","(-) Expense","41.00","Transportation","Metro","metro"
"Sep 15, 2023 8:22 AM","(-) Expense","11.00","Food","Cash","tea"
"Sep 15, 2023 8:49 AM","(-) Expense","41.00","Transportation","Metro","metro"
"Sep 15, 2023 1:04 PM","(-) Expense","59.00","Food","Primary","idli"
"Sep 15, 2023 4:42 PM","(-) Expense","42.00","Food","Primary","juice"
"Sep 15, 2023 8:06 PM","(*) Transfer","8971.00","-","Primary->Credit","credit card payment"
"Sep 15, 2023 9:00 PM","(-) Expense","165.00","Food","Primary","lunch"
"Sep 16, 2023 7:02 AM","(-) Expense","289.50","Sport","Primary","badminton court"
"Sep 16, 2023 8:19 AM","(-) Expense","27.00","Food","Primary","filter coffee"
"Sep 16, 2023 1:05 PM","(-) Expense","279.00","Food","Primary","pizza"
"Sep 16, 2023 6:18 PM","(-) Expense","180.50","Entertainment","Primary","cafe hangout"
"Sep 16, 2023 9:00 PM","(-) Expense","177.50","Food","Primary","dinner"
"Sep 17, 2023 8:19 AM","(-) Expense","11.50","Food","Primary","cutting chai"
"Sep 17, 2023 6:23 PM","(-) Expense","1036.00","Entertainment","Primary","concert ticket"
"Sep 17, 2023 8:10 PM","(-) Expense","301.00","Social","Primary","festival sweets"
"Sep 18, 2023 8:13 AM","(*) Transfer","372.00","-","Primary->Metro","metro card top-up"
"Sep 18, 2023 8:22 AM","(-) Expense","13.00","Food","Primary","tea"
"Sep 18, 2023 8:48 AM","(-) Expense","55.00","Transportation","Metro","metro"
"Sep 18, 2023 1:03 PM","(-) Expense","89.50","Food","Primary","office cafeteria"
"Sep 18, 2023 4:39 PM","(-) Expense","38.00","Food","Primary","egg puff"
"Sep 18, 2023 7:13 PM","(-) Expense","41.00","Transportation","Metro","metro"
"Sep 19, 2023 7:02 AM","(-) Expense","398.00","Sport","Primary","badminton court"
"Sep 19, 2023 8:19 AM","(-) Expense","12.00","Food","Primary","cutting chai"
"Sep 19, 2023 8:52 AM","(-) Expense","49.00","Transportation","Metro","metro"
"Sep 19, 2023 1:04 PM","(-) Expense","76.00","Food","Primary","dosa"
"Sep 19, 2023 4:42 PM","(-) Expense","56.00","Food","Primary","fruit salad"
"Sep 19, 2023 7:11 PM","(-) Expense","40.00","Transportation","Metro","metro"
"Sep 19, 2023 9:00 PM","(-) Expense","126.00","Food","Primary","burger"
"Sep 20, 2023 8:23 AM","(-) Expense","12.00","Food","Primary","cutting chai"
"Sep 20, 2023 1:08 PM","(-) Expense","79.50","Food","Primary","office cafeteria"
"Sep 20, 2023 4:40 PM","(-) Expense","15.50","Food","Primary","samosa"
"Sep 20, 2023 5:43 PM","(*) Transfer","1194.00","-","Primary->Cash","atm cash"
"Sep 21, 2023 7:03 AM","(-) Expense","295.00","Sport","Primary","badminton court"
"Sep 21, 2023 8:19 AM","(-) Expense","13.50","Food","Primary","tea"
"Sep 21, 2023 8:47 AM","(-) Expense","26.00","Transportation","Primary","bus"
"Sep 21, 2023 1:07 PM","(-) Expense","74.00","Food","Primary","dosa"
"Sep 21, 2023 4:43 PM","(-) Expense","50.00","Food","Cash","idli"
"Sep 21, 2023 7:07 PM","(-) Expense","23.00","Transportation","Primary","bus"
"Sep 21, 2023 9:00 PM","(-) Expense","500.00","Food","Primary","outside dinner"
"Sep 22, 2023 8:21 AM","(-) Expense","28.00","Food","Primary","filter coffee"
"Sep 22, 2023 8:52 AM","(-) Expense","33.00","Transportation","Metro","metro"
"Sep 22, 2023 1:07 PM","(-) Expense","162.50","Food","Primary","thali"
"Sep 22, 2023 7:12 PM","(-) Expense","52.00","Transportation","Metro","metro"
"Sep 23, 2023 8:17 AM","(-) Expense","11.00","Food","Cash","cutting chai"
"Sep 23, 2023 1:05 PM","(-) Expense","105.00","Food","Primary","office cafeteria"
"Sep 23, 2023 4:42 PM","(-) Expense","98.00","Food","Primary","ice cream"
"Sep 24, 2023 8:18 AM","(-) Expense","34.00","Food","Primary","filter coffee"
"Sep 24, 2023 11:15 AM","(-) Expense","74.50","Ration","Primary","eggs pack"
"Sep 24, 2023 11:28 AM","(-) Expense","275.00","Ration","Primary","chicken"
"Sep 24, 2023 1:08 PM","(-) Expense","188.00","Food","Primary","biryani"
"Sep 24, 2023 6:22 PM","(-) Expense","214.00","Entertainment","Primary","cafe hangout"
"Sep 24, 2023 8:11 PM","(-) Expense","274.00","Social","Primary","festival sweets"
"Sep 24, 2023 9:01 PM","(-) Expense","433.50","Food","Primary","pizza"
"Sep 25, 2023 8:22 AM","(-) Expense","12.00","Food","Primary","cutting chai"
"Sep 25, 2023 8:50 AM","(-) Expense","42.00","Transportation","Metro","metro"
"Sep 25, 2023 1:08 PM","(-) Expense","87.00","Food","Primary","lunch"
"Sep 25, 2023 4:43 PM","(-) Expense","29.50","Food","Cash","water bottle"
"Sep 26, 2023 7:00 AM","(-) Expense","111.00","Sport","Primary","swimming"
"Sep 26, 2023 8:51 AM","(-) Expense","32.50","Transportation","Metro","metro"
"Sep 26, 2023 1:05 PM","(-) Expense","61.00","Food","Primary","dosa"
"Sep 26, 2023 4:40 PM","(-) Expense","26.50","Food","Cash","water bottle"
"Sep 26, 2023 7:12 PM","(-) Expense","44.00","Transportation","Metro","metro"
"Sep 27, 2023 8:48 AM","(-) Expense","24.00","Transportation","Primary","bus"
"Sep 27, 2023 1:02 PM","(-) Expense","110.00","Food","Primary","office cafeteria"
"Sep 27, 2023 4:41 PM","(-) Expense","57.50","Food","Primary","juice"
"Sep 27, 2023 7:11 PM","(-) Expense","29.00","Transportation","Primary","bus"
"Sep 28, 2023 7:03 AM","(-) Expense","304.00","Sport","Primary","badminton court"
"Sep 28, 2023 8:50 AM","(-) Expense","55.00","Transportation","Metro","metro"
"Sep 28, 2023 1:06 PM","(-) Expense","115.50","Food","Primary","lunch"
"Sep 28, 2023 4:37 PM","(-) Expense","11.00","Food","Primary","biscuit"
"Sep 28, 2023 7:13 PM","(-) Expense","45.00","Transportation","Metro","metro"
"Sep 29, 2023 8:22 AM","(-) Expense","14.00","Food","Primary","tea"
"Sep 29, 2023 8:51 AM","(-) Expense","32.00","Transportation","Primary","metro"
"Sep 29, 2023 1:02 PM","(-) Expense","49.00","Food","Primary","idli"
"Sep 29, 2023 4:42 PM","(-) Expense","49.00","Food","Primary","juice"
"Sep 29, 2023 7:11 PM","(-) Expense","55.00","Transportation","Primary","metro"
"Sep 30, 2023 7:00 AM","(-) Expense","96.00","Sport","Primary","swimming"
"Sep 30, 2023 8:20 AM","(-) Expense","12.50","Food","Primary","tea"
"Sep 30, 2023 1:08 PM","(-) Expense","82.00","Food","Primary","lunch"
"Sep 30, 2023 4:00 PM","(-) Expense","450.00","Shopping","Primary","t-shirt"
"Sep 30, 2023 6:17 PM","(-) Expense","402.00","Entertainment","Primary","movie"
"Oct 01, 2023 8:21 AM","(-) Expense","11.00","Food","Primary","cutting chai"
"Oct 01, 2023 9:13 AM","(+) Income","48000.00","Salary","Primary","monthly salary"
"Oct 01, 2023 9:43 AM","(*) Transfer","11778.50","-","Primary->Savings","monthly save"
"Oct 01, 2023 9:52 AM","(*) Transfer","2420.50","-","Savings->Emergency","emergency fund"
"Oct 01, 2023 1:03 PM","(-) Expense","278.00","Food","Primary","biryani"
"Oct 01, 2023 4:37 PM","(-) Expense","23.00","Food","Primary","samosa"
"Oct 01, 2023 9:01 PM","(-) Expense","129.50","Food","Primary","burger"
"Oct 02, 2023 8:20 AM","(-) Expense","13.00","Food","Primary","tea"
"Oct 02, 2023 8:47 AM","(-) Expense","53.00","Transportation","Metro","metro"
"Oct 02, 2023 10:04 AM","(-) Expense","10715.00","Home","Primary","rent share"
"Oct 02, 2023 1:06 PM","(-) Expense","52.00","Food","Primary","dosa"
"Oct 02, 2023 7:12 PM","(-) Expense","51.00","Transportation","Metro","metro"
"Oct 03, 2023 7:02 AM","(-) Expense","65.00","Sport","Primary","swimming"
"Oct 03, 2023 8:08 AM","(*) Transfer","489.00","-","Primary->Metro","metro card top-up"
"Oct 03, 2023 8:52 AM","(-) Expense","35.00","Transportation","Metro","metro"
"Oct 03, 2023 1:04 PM","(-) Expense","129.00","Food","Primary","thali"
"Oct 03, 2023 4:42 PM","(-) Expense","59.00","Food","Primary","fruit salad"
"Oct 03, 2023 7:13 PM","(-) Expense","37.00","Transportation","Metro","metro"
"Oct 04, 2023 8:19 AM","(-) Expense","10.50","Food","Primary","cutting chai"
"Oct 04, 2023 1:05 PM","(-) Expense","45.00","Food","Primary","idli"
"Oct 04, 2023 4:41 PM","(-) Expense","25.00","Food","Primary","water bottle"
"Oct 05, 2023 7:00 AM","(-) Expense","142.00","Sport","Primary","swimming"
"Oct 05, 2023 8:19 AM","(-) Expense","10.00","Food","Primary","tea"
"Oct 05, 2023 11:23 AM","(-) Expense","688.00","Bills","Primary","wifi"
"Oct 05, 2023 1:02 PM","(-) Expense","40.00","Food","Primary","idli"
"Oct 05, 2023 4:42 PM","(-) Expense","29.00","Food","Cash","egg puff"
"Oct 06, 2023 8:18 AM","(-) Expense","11.50","Food","Primary","tea"
"Oct 06, 2023 8:47 AM","(-) Expense","48.00","Transportation","Primary","metro"
"Oct 06, 2023 1:07 PM","(-) Expense","64.00","Food","Primary","idli"
"Oct 06, 2023 7:12 PM","(-) Expense","40.00","Transportation","Primary","metro"
"Oct 06, 2023 9:00 PM","(-) Expense","392.00","Food","Primary","outside dinner"
"Oct 07, 2023 7:00 AM","(-) Expense","351.00","Sport","Primary","badminton court"
"Oct 07, 2023 8:19 AM","(-) Expense","10.00","Food","Primary","tea"
"Oct 07, 2023 11:00 AM","(-) Expense","132.50","Ration","Primary","fruits"
"Oct 07, 2023 11:41 AM","(-) Expense","154.00","Ration","Primary","fruits"
"Oct 07, 2023 1:02 PM","(-) Expense","110.00","Food","Primary","burger"
"Oct 08, 2023 8:17 AM","(-) Expense","11.00","Food","Primary","tea"
"Oct 08, 2023 12:11 PM","(-) Expense","1129.00","Bills","Primary","electricity"
"Oct 08, 2023 3:31 PM","(-) Expense","228.00","Health","Primary","vitamins"
"Oct 08, 2023 4:39 PM","(-) Expense","64.00","Food","Primary","dosa"
"Oct 08, 2023 9:00 PM","(-) Expense","167.00","Food","Primary","biryani"
"Oct 09, 2023 1:07 PM","(-) Expense","93.00","Food","Primary","office cafeteria"
"Oct 09, 2023 4:38 PM","(-) Expense","31.00","Food","Primary","poha"
"Oct 10, 2023 8:21 AM","(-) Expense","25.50","Food","Primary","filter coffee"
"Oct 10, 2023 8:53 AM","(-) Expense","31.00","Transportation","Primary","bus"
"Oct 10, 2023 1:03 PM","(-) Expense","177.00","Food","Primary","thali"
"Oct 10, 2023 4:42 PM","(-) Expense","25.00","Food","Cash","water bottle"
"Oct 10, 2023 7:09 PM","(-) Expense","21.50","Transportation","Primary","bus"
"Oct 11, 2023 8:53 AM","(-) Expense","46.00","Transportation","Metro","metro"
"Oct 11, 2023 1:03 PM","(-) Expense","120.00","Food","Primary","thali"
"Oct 11, 2023 4:37 PM","(-) Expense","68.00","Food","Primary","dosa"
"Oct 11, 2023 7:13 PM","(-) Expense","56.00","Transportation","Metro","metro"
"Oct 12, 2023 7:00 AM","(-) Expense","293.00","Sport","Primary","badminton court"
"Oct 12, 2023 8:18 AM","(-) Expense","11.00","Food","Primary","cutting chai"
"Oct 12, 2023 1:08 PM","(-) Expense","50.00","Food","Primary","idli"
"Oct 12, 2023 4:39 PM","(-) Expense","23.50","Food","Primary","filter coffee"
"Oct 12, 2023 6:31 PM","(-) Expense","327.00","Telephone","Primary","prepaid top-up"
"Oct 13, 2023 8:19 AM","(-) Expense","10.50","Food","Cash","cutting chai"
"Oct 13, 2023 8:50 AM","(-) Expense","17.00","Transportation","Primary","bus"
"Oct 13, 2023 1:07 PM","(-) Expense","108.50","Food","Primary","thali"
"Oct 13, 2023 7:07 PM","(-) Expense","21.00","Transportation","Primary","bus"
"Oct 14, 2023 7:00 AM","(-) Expense","61.00","Sport","Primary","swimming"
"Oct 14, 2023 8:17 AM","(-) Expense","11.50","Food","Primary","cutting chai"
"Oct 14, 2023 11:14 AM","(-) Expense","67.00","Ration","Primary","milk and curd"
"Oct 14, 2023 11:25 AM","(-) Expense","135.00","Ration","Primary","fruits"
"Oct 14, 2023 11:32 AM","(-) Expense","81.00","Ration","Primary","eggs pack"
"Oct 14, 2023 11:38 AM","(-) Expense","153.00","Ration","Primary","fruits"
"Oct 14, 2023 11:40 AM","(-) Expense","53.00","Ration","Primary","bread and butter"
"Oct 14, 2023 1:05 PM","(-) Expense","80.00","Food","Primary","burger"
"Oct 14, 2023 4:43 PM","(-) Expense","28.00","Food","Primary","water bottle"
"Oct 14, 2023 6:20 PM","(-) Expense","1880.00","Entertainment","Primary","concert ticket"
"Oct 15, 2023 8:21 AM","(-) Expense","30.00","Food","Primary","filter coffee"
"Oct 15, 2023 1:05 PM","(-) Expense","292.00","Food","Primary","weekend brunch"
"Oct 15, 2023 8:04 PM","(*) Transfer","8711.00","-","Primary->Credit","credit card payment"
"Oct 15, 2023 9:00 PM","(-) Expense","102.00","Food","Primary","lunch"
"Oct 16, 2023 8:18 AM","(-) Expense","12.00","Food","Primary","cutting chai"
"Oct 16, 2023 8:47 AM","(-) Expense","41.00","Transportation","Metro","metro"
"Oct 16, 2023 1:08 PM","(-) Expense","114.00","Food","Primary","office cafeteria"
"Oct 16, 2023 7:10 PM","(-) Expense","52.00","Transportation","Metro","metro"
"Oct 17, 2023 8:22 AM","(-) Expense","11.00","Food","Primary","tea"
"Oct 17, 2023 1:03 PM","(-) Expense","157.00","Food","Primary","lunch"
"Oct 18, 2023 8:10 AM","(*) Transfer","243.00","-","Primary->Metro","metro card top-up"
"Oct 18, 2023 8:22 AM","(-) Expense","32.00","Food","Primary","filter coffee"
"Oct 18, 2023 8:49 AM","(-) Expense","49.00","Transportation","Metro","metro"
"Oct 18, 2023 1:07 PM","(-) Expense","60.00","Food","Primary","idli"
"Oct 18, 2023 4:40 PM","(-) Expense","28.00","Food","Cash","egg puff"
"Oct 18, 2023 7:13 PM","(-) Expense","55.50","Transportation","Metro","metro"
"Oct 19, 2023 7:02 AM","(-) Expense","110.00","Sport","Primary","gym day pass"
"Oct 19, 2023 8:23 AM","(-) Expense","12.00","Food","Primary","tea"
"Oct 19, 2023 8:50 AM","(-) Expense","15.00","Transportation","Primary","bus"
"Oct 19, 2023 1:02 PM","(-) Expense","152.00","Food","Primary","thali"
"Oct 19, 2023 4:38 PM","(-) Expense","32.00","Food","Primary","juice"
"Oct 19, 2023 7:12 PM","(-) Expense","33.00","Transportation","Primary","bus"
"Oct 19, 2023 7:33 PM","(-) Expense","136.00","gift","Primary","return gift"
"Oct 20, 2023 8:19 AM","(-) Expense","22.00","Food","Primary","filter coffee"
"Oct 20, 2023 8:52 AM","(-) Expense","34.00","Transportation","Metro","metro"
"Oct 20, 2023 1:05 PM","(-) Expense","107.00","Food","Primary","office cafeteria"
"Oct 20, 2023 4:38 PM","(-) Expense","31.00","Food","Cash","filter coffee"
"Oct 20, 2023 5:43 PM","(*) Transfer","1766.00","-","Primary->Cash","atm cash"
"Oct 20, 2023 7:12 PM","(-) Expense","34.00","Transportation","Metro","metro"
"Oct 21, 2023 7:00 AM","(-) Expense","193.00","Sport","Primary","gym day pass"
"Oct 21, 2023 8:23 AM","(-) Expense","11.00","Food","Cash","cutting chai"
"Oct 21, 2023 1:03 PM","(-) Expense","599.00","Food","Primary","outside dinner"
"Oct 21, 2023 4:38 PM","(-) Expense","60.00","Food","Primary","fruit salad"
"Oct 22, 2023 8:23 AM","(-) Expense","12.00","Food","Primary","tea"
"Oct 22, 2023 11:06 AM","(-) Expense","87.00","Ration","Primary","bread and butter"
"Oct 22, 2023 11:33 AM","(-) Expense","80.00","Ration","Primary","eggs pack"
"Oct 22, 2023 9:00 PM","(-) Expense","144.00","Food","Primary","burger"
"Oct 23, 2023 8:22 AM","(-) Expense","11.50","Food","Cash","cutting chai"
"Oct 23, 2023 8:47 AM","(-) Expense","43.50","Transportation","Metro","metro"
"Oct 23, 2023 1:07 PM","(-) Expense","171.00","Food","Primary","thali"
"Oct 23, 2023 4:40 PM","(-) Expense","51.00","Food","Primary","fruit salad"
"Oct 23, 2023 7:13 PM","(-) Expense","56.00","Transportation","Metro","metro"
"Oct 24, 2023 7:00 AM","(-) Expense","300.50","Sport","Primary","badminton court"
"Oct 24, 2023 8:17 AM","(-) Expense","10.00","Food","Primary","cutting chai"
"Oct 24, 2023 8:50 AM","(-) Expense","39.00","Transportation","Metro","metro"
"Oct 24, 2023 1:03 PM","(-) Expense","50.00","Food","Primary","idli"
"Oct 24, 2023 7:13 PM","(-) Expense","31.00","Transportation","Metro","metro"
"Oct 25, 2023 8:20 AM","(-) Expense","20.00","Food","Cash","filter coffee"
"Oct 25, 2023 8:52 AM","(-) Expense","27.00","Transportation","Primary","bus"
"Oct 25, 2023 1:08 PM","(-) Expense","82.00","Food","Primary","dosa"
"Oct 25, 2023 3:27 PM","(-) Expense","428.00","Health","Primary","vitamins"
"Oct 25, 2023 7:10 PM","(-) Expense","35.00","Transportation","Primary","bus"
"Oct 25, 2023 9:00 PM","(-) Expense","554.00","Food","Primary","outside dinner"
"Oct 26, 2023 7:00 AM","(-) Expense","79.00","Sport","Primary","swimming"
"Oct 26, 2023 8:47 AM","(-) Expense","16.00","Transportation","Primary","bus"
"Oct 26, 2023 4:41 PM","(-) Expense","22.00","Food","Cash","filter coffee"
"Oct 26, 2023 7:10 PM","(-) Expense","29.00","Transportation","Primary","bus"
"Oct 27, 2023 8:17 AM","(-) Expense","10.00","Food","Cash","cutting chai"
"Oct 27, 2023 8:53 AM","(-) Expense","44.00","Transportation","Metro","metro"
"Oct 27, 2023 1:02 PM","(-) Expense","58.50","Food","Primary","dosa"
"Oct 27, 2023 4:38 PM","(-) Expense","30.00","Food","Cash","water bottle"
"Oct 27, 2023 7:07 PM","(-) Expense","42.00","Transportation","Metro","metro"
"Oct 28, 2023 8:17 AM","(-) Expense","14.00","Food","Cash","tea"
"Oct 28, 2023 1:04 PM","(-) Expense","148.50","Food","Primary","burger"
"Oct 28, 2023 4:39 PM","(-) Expense","24.00","Food","Primary","biscuit"
"Oct 28, 2023 6:20 PM","(-) Expense","212.50","Entertainment","Primary","movie"
"Oct 28, 2023 9:03 PM","(-) Expense","282.00","Food","Primary","weekend brunch"
"Oct 29, 2023 8:21 AM","(-) Expense","13.00","Food","Cash","tea"
"Oct 29, 2023 1:05 PM","(-) Expense","324.00","Food","Primary","outside dinner"
"Oct 29, 2023 4:42 PM","(-) Expense","38.00","Food","Primary","vada pav"
"Oct 30, 2023 8:23 AM","(-) Expense","14.00","Food","Cash","tea"
"Oct 30, 2023 1:03 PM","(-) Expense","89.00","Food","Primary","dosa"
"Oct 31, 2023 8:21 AM","(-) Expense","11.50","Food","Cash","tea"
"Oct 31, 2023 8:52 AM","(-) Expense","47.00","Transportation","Metro","metro"
"Oct 31, 2023 4:40 PM","(-) Expense","10.00","Food","Primary","cutting chai"
"Oct 31, 2023 7:08 PM","(-) Expense","56.50","Transportation","Metro","metro"
"Oct 31, 2023 9:00 PM","(-) Expense","333.00","Food","Primary","weekend brunch"
"Nov 01, 2023 8:22 AM","(-) Expense","12.00","Food","Primary","tea"
"Nov 01, 2023 8:52 AM","(-) Expense","53.50","Transportation","Primary","metro"
"Nov 01, 2023 9:13 AM","(+) Income","48000.00","Salary","Primary","monthly salary"
"Nov 01, 2023 9:43 AM","(*) Transfer","13420.50","-","Primary->Savings","monthly save"
"Nov 01, 2023 1:07 PM","(-) Expense","128.00","Food","Primary","office cafeteria"
"Nov 02, 2023 8:53 AM","(-) Expense","59.00","Transportation","Metro","metro"
"Nov 02, 2023 10:06 AM","(-) Expense","9783.00","Home","Primary","rent share"
"Nov 02, 2023 1:03 PM","(-) Expense","151.00","Food","Primary","thali"
"Nov 02, 2023 4:00 PM","(-) Expense","747.00","Shopping","Primary","t-shirt"
"Nov 02, 2023 7:00 PM","(-) Expense","1486.00","Shopping","Primary","diwali shopping"
"Nov 02, 2023 7:10 PM","(-) Expense","43.00","Transportation","Metro","metro"
"Nov 02, 2023 8:01 PM","(-) Expense","425.00","gift","Primary","diwali gift"
"Nov 03, 2023 8:13 AM","(*) Transfer","459.00","-","Primary->Metro","metro card top-up"
"Nov 03, 2023 8:23 AM","(-) Expense","14.00","Food","Primary","tea"
"Nov 03, 2023 8:48 AM","(-) Expense","52.00","Transportation","Metro","metro"
"Nov 03, 2023 1:05 PM","(-) Expense","155.00","Food","Primary","lunch"
"Nov 03, 2023 7:03 PM","(-) Expense","1482.00","Shopping","Primary","diwali shopping"
"Nov 03, 2023 7:07 PM","(-) Expense","38.50","Transportation","Metro","metro"
"Nov 03, 2023 8:00 PM","(-) Expense","457.00","gift","Primary","diwali gift"
"Nov 03, 2023 9:00 PM","(-) Expense","141.00","Food","Primary","thali"
"Nov 04, 2023 7:00 AM","(-) Expense","367.00","Sport","Primary","badminton court"
"Nov 04, 2023 8:17 AM","(-) Expense","10.00","Food","Primary","cutting chai"
"Nov 04, 2023 11:07 AM","(-) Expense","81.00","Ration","Primary","milk and curd"
"Nov 04, 2023 11:32 AM","(-) Expense","410.00","Ration","Primary","rice and dal"
"Nov 04, 2023 11:36 AM","(-) Expense","359.00","Ration","Primary","chicken"
"Nov 04, 2023 1:05 PM","(-) Expense","204.00","Food","Primary","thali"
"Nov 04, 2023 4:42 PM","(-) Expense","34.00","Food","Cash","poha"
"Nov 04, 2023 9:00 PM","(-) Expense","99.00","Food","Primary","burger"
"Nov 05, 2023 8:23 AM","(-) Expense","11.00","Food","Primary","tea"
"Nov 05, 2023 11:03 AM","(-) Expense","750.00","Ration","Primary","grocery restock"
"Nov 05, 2023 11:07 AM","(-) Expense","244.00","Ration","Primary","chicken"
"Nov 05, 2023 11:07 AM","(-) Expense","107.00","Ration","Primary","milk and curd"
"Nov 05, 2023 11:21 AM","(-) Expense","543.00","Bills","Primary","wifi"
"Nov 05, 2023 11:25 AM","(-) Expense","126.00","Ration","Primary","fruits"
"Nov 05, 2023 1:03 PM","(-) Expense","180.00","Food","Primary","burger"
"Nov 05, 2023 8:10 PM","(-) Expense","136.00","Social","Primary","festival sweets"
"Nov 05, 2023 9:00 PM","(-) Expense","159.00","Food","Primary","thali"
"Nov 06, 2023 8:49 AM","(-) Expense","21.00","Transportation","Primary","bus"
"Nov 06, 2023 1:08 PM","(-) Expense","65.00","Food","Primary","idli"
"Nov 06, 2023 4:37 PM","(-) Expense","36.00","Food","Primary","juice"
"Nov 06, 2023 7:07 PM","(-) Expense","34.00","Transportation","Primary","bus"
"Nov 07, 2023 8:17 AM","(-) Expense","10.50","Food","Primary","cutting chai"
"Nov 07, 2023 8:50 AM","(-) Expense","31.00","Transportation","Metro","metro"
"Nov 07, 2023 1:07 PM","(-) Expense","82.00","Food","Primary","lunch"
"Nov 07, 2023 7:09 PM","(-) Expense","51.00","Transportation","Metro","metro"
"Nov 07, 2023 9:01 PM","(-) Expense","388.00","Food","Primary","weekend brunch"
"Nov 08, 2023 8:21 AM","(-) Expense","20.50","Food","Primary","filter coffee"
"Nov 08, 2023 8:48 AM","(-) Expense","46.00","Transportation","Metro","metro"
"Nov 08, 2023 12:08 PM","(-) Expense","1286.00","Bills","Primary","electricity"
"Nov 08, 2023 1:05 PM","(-) Expense","171.50","Food","Primary","thali"
"Nov 08, 2023 3:31 PM","(-) Expense","394.00","Health","Primary","vitamins"
"Nov 08, 2023 4:40 PM","(-) Expense","26.00","Food","Primary","vada pav"
"Nov 08, 2023 7:09 PM","(-) Expense","45.00","Transportation","Metro","metro"
"Nov 09, 2023 7:02 AM","(-) Expense","103.50","Sport","Primary","swimming"
"Nov 09, 2023 8:22 AM","(-) Expense","11.00","Food","Primary","cutting chai"
"Nov 09, 2023 8:53 AM","(-) Expense","50.00","Transportation","Primary","metro"
"Nov 09, 2023 4:40 PM","(-) Expense","66.00","Food","Primary","dosa"
"Nov 09, 2023 7:08 PM","(-) Expense","48.00","Transportation","Primary","metro"
"Nov 10, 2023 8:22 AM","(-) Expense","14.00","Food","Primary","tea"
"Nov 10, 2023 8:52 AM","(-) Expense","42.00","Transportation","Primary","metro"
"Nov 10, 2023 1:04 PM","(-) Expense","69.00","Food","Primary","dosa"
"Nov 10, 2023 4:41 PM","(-) Expense","47.00","Food","Primary","juice"
"Nov 10, 2023 7:09 PM","(-) Expense","48.50","Transportation","Primary","metro"
"Nov 10, 2023 9:03 PM","(-) Expense","188.00","Food","Primary","thali"
"Nov 11, 2023 11:03 AM","(-) Expense","707.00","Ration","Primary","grocery restock"
"Nov 11, 2023 11:20 AM","(-) Expense","423.00","Ration","Primary","rice and dal"
"Nov 11, 2023 11:27 AM","(-) Expense","281.00","Ration","Primary","chicken"
"Nov 11, 2023 1:08 PM","(-) Expense","112.00","Food","Primary","dinner"
"Nov 11, 2023 8:12 PM","(-) Expense","640.00","Social","Primary","friend birthday gift"
"Nov 11, 2023 9:00 PM","(-) Expense","125.00","Food","Primary","lunch"
"Nov 12, 2023 8:18 AM","(-) Expense","25.00","Food","Primary","filter coffee"
"Nov 12, 2023 11:05 AM","(-) Expense","208.00","Ration","Primary","weekly veggies"
"Nov 12, 2023 11:26 AM","(-) Expense","241.00","Ration","Primary","weekly veggies"
"Nov 12, 2023 11:34 AM","(-) Expense","88.00","Ration","Primary","milk and curd"
"Nov 12, 2023 11:35 AM","(-) Expense","339.00","Ration","Primary","weekly veggies"
"Nov 12, 2023 1:03 PM","(-) Expense","136.50","Food","Primary","office cafeteria"
"Nov 12, 2023 4:38 PM","(-) Expense","35.00","Food","Primary","vada pav"
"Nov 12, 2023 6:29 PM","(-) Expense","290.00","Telephone","Primary","prepaid top-up"
"Nov 13, 2023 8:19 AM","(-) Expense","10.00","Food","Primary","cutting chai"
"Nov 13, 2023 8:53 AM","(-) Expense","43.00","Transportation","Primary","metro"
"Nov 13, 2023 1:04 PM","(-) Expense","47.00","Food","Primary","idli"
"Nov 13, 2023 4:43 PM","(-) Expense","29.00","Food","Primary","filter coffee"
"Nov 13, 2023 7:09 PM","(-) Expense","34.00","Transportation","Primary","metro"
"Nov 14, 2023 7:00 AM","(-) Expense","223.00","Sport","Primary","badminton court"
"Nov 14, 2023 8:23 AM","(-) Expense","11.50","Food","Primary","tea"
"Nov 14, 2023 8:53 AM","(-) Expense","55.00","Transportation","Metro","metro"
"Nov 14, 2023 1:04 PM","(-) Expense","91.00","Food","Primary","office cafeteria"
"Nov 15, 2023 8:51 AM","(-) Expense","25.00","Transportation","Primary","bus"
"Nov 15, 2023 1:05 PM","(-) Expense","125.00","Food","Primary","office cafeteria"
"Nov 15, 2023 4:37 PM","(-) Expense","11.00","Food","Primary","tea"
"Nov 15, 2023 7:11 PM","(-) Expense","23.00","Transportation","Primary","bus"
"Nov 15, 2023 8:03 PM","(*) Transfer","7177.00","-","Primary->Credit","credit card payment"
"Nov 16, 2023 7:01 AM","(-) Expense","114.00","Sport","Primary","swimming"
"Nov 16, 2023 8:22 AM","(-) Expense","11.00","Food","Primary","tea"
"Nov 16, 2023 8:48 AM","(-) Expense","32.00","Transportation","Primary","bus"
"Nov 16, 2023 1:06 PM","(-) Expense","121.00","Food","Primary","office cafeteria"
"Nov 16, 2023 9:00 PM","(-) Expense","310.00","Food","Primary","weekend brunch"
"Nov 17, 2023 8:20 AM","(-) Expense","11.00","Food","Cash","cutting chai"
"Nov 17, 2023 8:51 AM","(-) Expense","46.00","Transportation","Primary","metro"
"Nov 17, 2023 1:08 PM","(-) Expense","98.00","Food","Primary","lunch"
"Nov 17, 2023 7:12 PM","(-) Expense","47.00","Transportation","Primary","metro"
"Nov 18, 2023 8:19 AM","(-) Expense","31.00","Food","Primary","filter coffee"
"Nov 18, 2023 1:08 PM","(-) Expense","207.50","Food","Primary","dinner"
"Nov 18, 2023 4:38 PM","(-) Expense","13.00","Food","Cash","biscuit"
"Nov 18, 2023 8:07 PM","(-) Expense","2854.00","Social","Primary","wedding gift"
"Nov 19, 2023 8:20 AM","(-) Expense","14.00","Food","Primary","tea"
"Nov 19, 2023 11:10 AM","(-) Expense","356.00","Ration","Primary","rice and dal"
"Nov 19, 2023 11:27 AM","(-) Expense","95.00","Ration","Primary","eggs pack"
"Nov 19, 2023 11:38 AM","(-) Expense","62.50","Ration","Primary","bread and butter"
"Nov 19, 2023 1:07 PM","(-) Expense","187.00","Food","Primary","dinner"
"Nov 19, 2023 4:42 PM","(-) Expense","74.00","Food","Primary","dosa"
"Nov 19, 2023 6:22 PM","(-) Expense","1905.00","Entertainment","Primary","concert ticket"
"Nov 19, 2023 9:00 PM","(-) Expense","98.00","Food","Primary","office cafeteria"
"Nov 20, 2023 8:21 AM","(-) Expense","22.00","Food","Primary","filter coffee"
"Nov 20, 2023 8:53 AM","(-) Expense","49.50","Transportation","Metro","metro"
"Nov 20, 2023 1:02 PM","(-) Expense","64.00","Food","Primary","dosa"
"Nov 20, 2023 5:45 PM","(*) Transfer","2348.50","-","Primary->Cash","atm cash"
"Nov 20, 2023 7:08 PM","(-) Expense","51.00","Transportation","Metro","metro"
"Nov 21, 2023 7:00 AM","(-) Expense","232.00","Sport","Primary","badminton court"
"Nov 21, 2023 8:20 AM","(-) Expense","12.00","Food","Primary","tea"
"Nov 21, 2023 8:52 AM","(-) Expense","45.00","Transportation","Metro","metro"
"Nov 21, 2023 1:08 PM","(-) Expense","147.00","Food","Primary","thali"
"Nov 21, 2023 3:32 PM","(-) Expense","1725.00","Health","Primary","lab test"
"Nov 21, 2023 4:38 PM","(-) Expense","23.00","Food","Primary","water bottle"
"Nov 21, 2023 7:13 PM","(-) Expense","49.00","Transportation","Metro","metro"
"Nov 21, 2023 9:02 PM","(-) Expense","177.00","Food","Primary","dinner"
"Nov 22, 2023 8:23 AM","(-) Expense","11.00","Food","Primary","cutting chai"
"Nov 22, 2023 1:03 PM","(-) Expense","67.00","Food","Primary","dosa"
"Nov 22, 2023 4:38 PM","(-) Expense","33.00","Food","Cash","vada pav"
"Nov 23, 2023 8:21 AM","(-) Expense","10.00","Food","Primary","cutting chai"
"Nov 23, 2023 8:53 AM","(-) Expense","34.00","Transportation","Primary","bus"
"Nov 23, 2023 1:08 PM","(-) Expense","70.00","Food","Primary","dosa"
"Nov 23, 2023 4:38 PM","(-) Expense","40.00","Food","Cash","juice"
"Nov 23, 2023 7:09 PM","(-) Expense","15.00","Transportation","Primary","bus"
"Nov 24, 2023 8:22 AM","(-) Expense","12.00","Food","Primary","cutting chai"
"Nov 24, 2023 1:02 PM","(-) Expense","98.00","Food","Primary","office cafeteria"
"Nov 24, 2023 4:01 PM","(-) Expense","509.00","Shopping","Primary","earphones"
"Nov 24, 2023 4:38 PM","(-) Expense","14.00","Food","Primary","tea"
"Nov 24, 2023 9:00 PM","(-) Expense","200.00","Food","Primary","biryani"
"Nov 25, 2023 8:19 AM","(-) Expense","29.00","Food","Primary","filter coffee"
"Nov 25, 2023 4:42 PM","(-) Expense","42.00","Food","Cash","ice cream"
"Nov 26, 2023 8:17 AM","(-) Expense","10.00","Food","Cash","cutting chai"
"Nov 26, 2023 1:04 PM","(-) Expense","141.00","Food","Primary","thali"
"Nov 26, 2023 6:22 PM","(-) Expense","2159.50","Entertainment","Primary","concert ticket"
"Nov 26, 2023 9:00 PM","(-) Expense","364.00","Food","Primary","outside dinner"
"Nov 27, 2023 8:19 AM","(-) Expense","22.00","Food","Primary","filter coffee"
"Nov 27, 2023 8:48 AM","(-) Expense","46.00","Transportation","Metro","metro"
"Nov 27, 2023 1:05 PM","(-) Expense","113.00","Food","Primary","thali"
"Nov 27, 2023 7:09 PM","(-) Expense","54.00","Transportation","Metro","metro"
"Nov 28, 2023 7:02 AM","(-) Expense","71.00","Sport","Primary","sports drink"
"Nov 28, 2023 8:18 AM","(-) Expense","30.00","Food","Primary","filter coffee"
"Nov 28, 2023 8:48 AM","(-) Expense","36.50","Transportation","Primary","metro"
"Nov 28, 2023 1:06 PM","(-) Expense","66.00","Food","Primary","dosa"
"Nov 28, 2023 7:07 PM","(-) Expense","52.50","Transportation","Primary","metro"
"Nov 29, 2023 8:23 AM","(-) Expense","12.00","Food","Cash","cutting chai"
"Nov 29, 2023 8:48 AM","(-) Expense","44.00","Transportation","Metro","metro"
"Nov 29, 2023 1:04 PM","(-) Expense","41.00","Food","Primary","idli"
"Nov 29, 2023 4:39 PM","(-) Expense","19.00","Food","Primary","samosa"
"Nov 30, 2023 7:02 AM","(-) Expense","123.00","Sport","Primary","gym day pass"
"Nov 30, 2023 8:19 AM","(-) Expense","29.00","Food","Primary","filter coffee"
"Nov 30, 2023 8:49 AM","(-) Expense","27.00","Transportation","Primary","bus"
"Nov 30, 2023 1:08 PM","(-) Expense","169.00","Food","Primary","thali"
"Nov 30, 2023 4:37 PM","(-) Expense","18.00","Food","Cash","biscuit"
"Nov 30, 2023 7:09 PM","(-) Expense","22.50","Transportation","Primary","bus"
"Nov 30, 2023 9:00 PM","(-) Expense","170.00","Food","Primary","biryani"
"Dec 01, 2023 8:18 AM","(-) Expense","10.00","Food","Primary","tea"
"Dec 01, 2023 8:51 AM","(-) Expense","34.00","Transportation","Primary","bus"
"Dec 01, 2023 9:12 AM","(+) Income","48000.00","Salary","Primary","monthly salary"
"Dec 01, 2023 9:38 AM","(*) Transfer","8895.00","-","Primary->Savings","monthly save"
"Dec 01, 2023 1:02 PM","(-) Expense","117.00","Food","Primary","thali"
"Dec 01, 2023 4:38 PM","(-) Expense","33.00","Food","Cash","poha"
"Dec 02, 2023 8:21 AM","(-) Expense","13.50","Food","Primary","tea"
"Dec 02, 2023 10:02 AM","(-) Expense","9460.00","Home","Primary","rent share"
"Dec 02, 2023 11:09 AM","(-) Expense","670.00","Ration","Primary","grocery restock"
"Dec 02, 2023 11:33 AM","(-) Expense","279.00","Ration","Primary","chicken"
"Dec 02, 2023 1:05 PM","(-) Expense","235.00","Food","Primary","dinner"
"Dec 02, 2023 8:13 PM","(-) Expense","2538.00","Social","Primary","wedding gift"
"Dec 03, 2023 11:10 AM","(-) Expense","680.00","Ration","Primary","grocery restock"
"Dec 03, 2023 11:19 AM","(-) Expense","71.00","Ration","Primary","bread and butter"
"Dec 03, 2023 11:20 AM","(-) Expense","245.00","Ration","Primary","chicken"
"Dec 03, 2023 11:28 AM","(-) Expense","58.00","Ration","Primary","bread and butter"
"Dec 03, 2023 1:05 PM","(-) Expense","403.00","Food","Primary","outside dinner"
"Dec 03, 2023 9:00 PM","(-) Expense","508.00","Food","Primary","outside dinner"
"Dec 04, 2023 8:49 AM","(-) Expense","56.00","Transportation","Metro","metro"
"Dec 04, 2023 1:08 PM","(-) Expense","91.50","Food","Primary","lunch"
"Dec 04, 2023 4:39 PM","(-) Expense","23.00","Food","Cash","filter coffee"
"Dec 04, 2023 7:07 PM","(-) Expense","43.00","Transportation","Metro","metro"
"Dec 05, 2023 7:00 AM","(-) Expense","331.00","Sport","Primary","badminton court"
"Dec 05, 2023 11:22 AM","(-) Expense","647.00","Bills","Primary","wifi"
"Dec 05, 2023 1:02 PM","(-) Expense","117.00","Food","Primary","office cafeteria"
"Dec 06, 2023 8:22 AM","(-) Expense","14.00","Food","Primary","tea"
"Dec 06, 2023 8:48 AM","(-) Expense","27.00","Transportation","Primary","bus"
"Dec 06, 2023 1:03 PM","(-) Expense","133.00","Food","Primary","thali"
"Dec 06, 2023 4:39 PM","(-) Expense","29.00","Food","Primary","samosa"
"Dec 07, 2023 8:51 AM","(-) Expense","32.00","Transportation","Primary","bus"
"Dec 07, 2023 1:08 PM","(-) Expense","89.00","Food","Primary","office cafeteria"
"Dec 07, 2023 4:42 PM","(-) Expense","14.00","Food","Cash","tea"
"Dec 07, 2023 7:10 PM","(-) Expense","27.50","Transportation","Primary","bus"
"Dec 08, 2023 8:23 AM","(-) Expense","11.00","Food","Primary","tea"
"Dec 08, 2023 8:53 AM","(-) Expense","42.00","Transportation","Metro","metro"
"Dec 08, 2023 12:12 PM","(-) Expense","1344.00","Bills","Primary","electricity"
"Dec 08, 2023 1:08 PM","(-) Expense","119.00","Food","Primary","lunch"
"Dec 08, 2023 4:43 PM","(-) Expense","14.00","Food","Primary","biscuit"
"Dec 08, 2023 7:12 PM","(-) Expense","50.00","Transportation","Metro","metro"
"Dec 09, 2023 7:00 AM","(-) Expense","371.00","Sport","Primary","badminton court"
"Dec 09, 2023 8:20 AM","(-) Expense","12.00","Food","Primary","cutting chai"
"Dec 09, 2023 11:09 AM","(-) Expense","100.00","Ration","Primary","eggs pack"
"Dec 09, 2023 11:16 AM","(-) Expense","67.00","Ration","Primary","bread and butter"
"Dec 09, 2023 11:38 AM","(-) Expense","71.00","Ration","Primary","eggs pack"
"Dec 09, 2023 1:02 PM","(-) Expense","147.00","Food","Primary","lunch"
"Dec 09, 2023 4:41 PM","(-) Expense","47.00","Food","Cash","idli"
"Dec 09, 2023 9:00 PM","(-) Expense","246.00","Food","Primary","pizza"
"Dec 10, 2023 8:18 AM","(-) Expense","12.00","Food","Cash","cutting chai"
"Dec 10, 2023 11:06 AM","(-) Expense","359.00","Ration","Primary","chicken"
"Dec 10, 2023 11:37 AM","(-) Expense","362.00","Ration","Primary","rice and dal"
"Dec 10, 2023 1:07 PM","(-) Expense","334.00","Food","Primary","weekend brunch"
"Dec 11, 2023 8:49 AM","(-) Expense","48.00","Transportation","Primary","metro"
"Dec 11, 2023 1:07 PM","(-) Expense","121.00","Food","Primary","thali"
"Dec 11, 2023 4:43 PM","(-) Expense","43.00","Food","Primary","poha"
"Dec 11, 2023 7:07 PM","(-) Expense","42.00","Transportation","Primary","metro"
"Dec 12, 2023 7:02 AM","(-) Expense","135.50","Sport","Primary","gym day pass"
"Dec 12, 2023 8:17 AM","(-) Expense","32.00","Food","Primary","filter coffee"
"Dec 12, 2023 1:03 PM","(-) Expense","53.50","Food","Primary","dosa"
"Dec 12, 2023 4:38 PM","(-) Expense","35.00","Food","Cash","vada pav"
"Dec 12, 2023 6:27 PM","(-) Expense","241.00","Telephone","Primary","prepaid top-up"
"Dec 13, 2023 8:22 AM","(-) Expense","11.50","Food","Primary","cutting chai"
"Dec 13, 2023 8:49 AM","(-) Expense","58.00","Transportation","Metro","metro"
"Dec 13, 2023 12:00 PM","(+) Income","135.00","Refunds","Primary","cashback"
"Dec 13, 2023 1:02 PM","(-) Expense","100.00","Food","Primary","thali"
"Dec 13, 2023 4:03 PM","(-) Expense","122.00","Shopping","Primary","stationery"
"Dec 13, 2023 7:07 PM","(-) Expense","49.00","Transportation","Metro","metro"
"Dec 14, 2023 7:00 AM","(-) Expense","127.00","Sport","Primary","gym day pass"
"Dec 14, 2023 8:20 AM","(-) Expense","12.00","Food","Primary","cutting chai"
"Dec 14, 2023 8:53 AM","(-) Expense","56.00","Transportation","Metro","metro"
"Dec 14, 2023 1:03 PM","(-) Expense","66.00","Food","Primary","idli"
"Dec 14, 2023 4:40 PM","(-) Expense","49.00","Food","Primary","juice"
"Dec 14, 2023 7:09 PM","(-) Expense","45.50","Transportation","Metro","metro"
"Dec 14, 2023 9:00 PM","(-) Expense","85.00","Food","Primary","lunch"
"Dec 15, 2023 8:23 AM","(-) Expense","12.00","Food","Cash","tea"
"Dec 15, 2023 8:53 AM","(-) Expense","23.00","Transportation","Primary","bus"
"Dec 15, 2023 1:08 PM","(-) Expense","69.00","Food","Primary","idli"
"Dec 15, 2023 8:04 PM","(*) Transfer","5782.00","-","Primary->Credit","credit card payment"
"Dec 15, 2023 9:01 PM","(-) Expense","187.00","Food","Primary","thali"
"Dec 16, 2023 7:00 AM","(-) Expense","59.00","Sport","Primary","swimming"
"Dec 16, 2023 8:18 AM","(-) Expense","25.00","Food","Primary","filter coffee"
"Dec 16, 2023 1:03 PM","(-) Expense","183.00","Food","Primary","thali"
"Dec 16, 2023 4:41 PM","(-) Expense","17.00","Food","Cash","samosa"
"Dec 16, 2023 9:02 PM","(-) Expense","399.00","Food","Primary","weekend brunch"
"Dec 17, 2023 6:19 PM","(-) Expense","331.00","Entertainment","Primary","cafe hangout"
"Dec 17, 2023 8:11 PM","(-) Expense","1590.00","Social","Primary","wedding gift"
"Dec 18, 2023 8:11 AM","(*) Transfer","248.00","-","Primary->Metro","metro card top-up"
"Dec 18, 2023 8:20 AM","(-) Expense","20.00","Food","Primary","filter coffee"
"Dec 18, 2023 8:51 AM","(-) Expense","51.50","Transportation","Primary","metro"
"Dec 18, 2023 1:06 PM","(-) Expense","111.00","Food","Primary","office cafeteria"
"Dec 18, 2023 4:39 PM","(-) Expense","21.00","Food","Cash","samosa"
"Dec 18, 2023 7:12 PM","(-) Expense","31.50","Transportation","Primary","metro"
"Dec 19, 2023 7:01 AM","(-) Expense","89.00","Sport","Primary","swimming"
"Dec 19, 2023 8:21 AM","(-) Expense","29.00","Food","Primary","filter coffee"
"Dec 19, 2023 8:47 AM","(-) Expense","30.50","Transportation","Metro","metro"
"Dec 19, 2023 1:07 PM","(-) Expense","88.00","Food","Primary","dosa"
"Dec 19, 2023 4:37 PM","(-) Expense","28.00","Food","Cash","water bottle"
"Dec 19, 2023 7:13 PM","(-) Expense","32.00","Transportation","Metro","metro"
"Dec 19, 2023 9:00 PM","(-) Expense","273.00","Food","Primary","biryani"
"Dec 20, 2023 8:18 AM","(-) Expense","13.00","Food","Cash","tea"
"Dec 20, 2023 8:50 AM","(-) Expense","58.50","Transportation","Primary","metro"
"Dec 20, 2023 11:00 AM","(+) Income","14844.00","Awards","Primary","year-end bonus"
"Dec 20, 2023 1:06 PM","(-) Expense","119.00","Food","Primary","thali"
"Dec 20, 2023 4:42 PM","(-) Expense","29.00","Food","Primary","egg puff"
"Dec 20, 2023 5:46 PM","(*) Transfer","1716.00","-","Primary->Cash","atm cash"
"Dec 20, 2023 7:09 PM","(-) Expense","57.00","Transportation","Primary","metro"
"Dec 21, 2023 7:01 AM","(-) Expense","164.00","Sport","Primary","gym day pass"
"Dec 21, 2023 8:21 AM","(-) Expense","11.00","Food","Primary","cutting chai"
"Dec 21, 2023 8:49 AM","(-) Expense","34.00","Transportation","Metro","metro"
"Dec 21, 2023 1:08 PM","(-) Expense","124.00","Food","Primary","thali"
"Dec 21, 2023 9:02 PM","(-) Expense","152.00","Food","Primary","thali"
"Dec 22, 2023 8:53 AM","(-) Expense","45.00","Transportation","Primary","metro"
"Dec 22, 2023 1:03 PM","(-) Expense","63.00","Food","Primary","dosa"
"Dec 22, 2023 4:42 PM","(-) Expense","60.00","Food","Primary","juice"
"Dec 22, 2023 7:10 PM","(-) Expense","31.00","Transportation","Primary","metro"
"Dec 23, 2023 7:00 AM","(-) Expense","77.00","Sport","Primary","swimming"
"Dec 23, 2023 8:21 AM","(-) Expense","27.00","Food","Cash","filter coffee"
"Dec 23, 2023 4:40 PM","(-) Expense","28.00","Food","Primary","vada pav"
"Dec 24, 2023 8:23 AM","(-) Expense","27.00","Food","Primary","filter coffee"
"Dec 24, 2023 1:03 PM","(-) Expense","118.00","Food","Primary","office cafeteria"
"Dec 24, 2023 8:09 PM","(-) Expense","470.00","Social","Primary","friend birthday gift"
"Dec 24, 2023 9:00 PM","(-) Expense","175.00","Food","Primary","lunch"
"Dec 25, 2023 8:20 AM","(-) Expense","11.00","Food","Primary","cutting chai"
"Dec 25, 2023 8:48 AM","(-) Expense","50.00","Transportation","Metro","metro"
"Dec 25, 2023 1:08 PM","(-) Expense","109.00","Food","Primary","thali"
"Dec 25, 2023 7:12 PM","(-) Expense","54.00","Transportation","Metro","metro"
"Dec 26, 2023 7:00 AM","(-) Expense","378.00","Sport","Primary","badminton court"
"Dec 26, 2023 8:22 AM","(-) Expense","20.00","Food","Primary","filter coffee"
"Dec 26, 2023 8:50 AM","(-) Expense","23.00","Transportation","Primary","bus"
"Dec 26, 2023 3:28 PM","(-) Expense","245.50","Health","Primary","vitamins"
"Dec 26, 2023 7:09 PM","(-) Expense","22.00","Transportation","Primary","bus"
"Dec 27, 2023 8:20 AM","(-) Expense","15.00","Food","Primary","tea"
"Dec 27, 2023 8:52 AM","(-) Expense","43.00","Transportation","Metro","metro"
"Dec 27, 2023 1:05 PM","(-) Expense","129.50","Food","Primary","office cafeteria"
"Dec 27, 2023 4:38 PM","(-) Expense","15.00","Food","Primary","biscuit"
"Dec 27, 2023 7:13 PM","(-) Expense","43.00","Transportation","Metro","metro"
"Dec 27, 2023 9:03 PM","(-) Expense","420.00","Food","Primary","pizza"
"Dec 28, 2023 7:00 AM","(-) Expense","73.00","Sport","Primary","swimming"
"Dec 28, 2023 8:48 AM","(-) Expense","30.50","Transportation","Metro","metro"
"Dec 28, 2023 1:04 PM","(-) Expense","86.50","Food","Primary","lunch"
"Dec 28, 2023 4:41 PM","(-) Expense","78.00","Food","Cash","ice cream"
"Dec 28, 2023 7:11 PM","(-) Expense","44.00","Transportation","Metro","metro"
"Dec 29, 2023 8:20 AM","(-) Expense","30.50","Food","Primary","filter coffee"
"Dec 29, 2023 8:50 AM","(-) Expense","31.00","Transportation","Primary","bus"
"Dec 29, 2023 1:06 PM","(-) Expense","71.00","Food","Primary","dosa"
"Dec 29, 2023 7:12 PM","(-) Expense","21.00","Transportation","Primary","bus"
"Dec 30, 2023 7:00 AM","(-) Expense","133.00","Sport","Primary","swimming"
"Dec 30, 2023 8:17 AM","(-) Expense","10.00","Food","Primary","cutting chai"
"Dec 30, 2023 8:10 PM","(-) Expense","253.00","Social","Primary","team lunch share"
"Dec 30, 2023 9:00 PM","(-) Expense","144.00","Food","Primary","dinner"
"Dec 31, 2023 6:20 PM","(-) Expense","1736.00","Entertainment","Primary","concert ticket"
"Dec 31, 2023 8:11 PM","(-) Expense","318.00","Social","Primary","festival sweets"
"Dec 31, 2023 9:02 PM","(-) Expense","165.00","Food","Primary","thali"
"Jan 01, 2024 8:21 AM","(-) Expense","32.00","Food","Primary","filter coffee"
"Jan 01, 2024 8:50 AM","(-) Expense","41.00","Transportation","Metro","metro"
"Jan 01, 2024 9:14 AM","(+) Income","48000.00","Salary","Primary","monthly salary"
"Jan 01, 2024 9:38 AM","(*) Transfer","12385.00","-","Primary->Savings","monthly save"
"Jan 01, 2024 9:53 AM","(*) Transfer","2010.50","-","Savings->Emergency","emergency fund"
"Jan 01, 2024 1:08 PM","(-) Expense","83.00","Food","Primary","dosa"
"Jan 01, 2024 4:39 PM","(-) Expense","31.00","Food","Primary","juice"
"Jan 01, 2024 7:07 PM","(-) Expense","36.00","Transportation","Metro","metro"
"Jan 02, 2024 7:00 AM","(-) Expense","172.00","Sport","Primary","gym day pass"
"Jan 02, 2024 8:19 AM","(-) Expense","34.00","Food","Primary","filter coffee"
"Jan 02, 2024 8:50 AM","(-) Expense","31.50","Transportation","Primary","bus"
"Jan 02, 2024 10:07 AM","(-) Expense","10400.00","Home","Primary","rent share"
"Jan 02, 2024 1:04 PM","(-) Expense","142.00","Food","Primary","thali"
"Jan 02, 2024 7:07 PM","(-) Expense","21.00","Transportation","Primary","bus"
"Jan 03, 2024 8:08 AM","(*) Transfer","384.00","-","Primary->Metro","metro card top-up"
"Jan 03, 2024 8:18 AM","(-) Expense","33.00","Food","Primary","filter coffee"
"Jan 03, 2024 8:47 AM","(-) Expense","41.50","Transportation","Metro","metro"
"Jan 03, 2024 1:04 PM","(-) Expense","145.00","Food","Primary","thali"
"Jan 03, 2024 4:00 PM","(-) Expense","328.00","Shopping","Primary","household item"
"Jan 03, 2024 4:42 PM","(-) Expense","25.50","Food","Cash","vada pav"
"Jan 03, 2024 7:08 PM","(-) Expense","50.00","Transportation","Metro","metro"
"Jan 04, 2024 7:01 AM","(-) Expense","111.00","Sport","Primary","swimming"
"Jan 04, 2024 8:22 AM","(-) Expense","22.00","Food","Primary","filter coffee"
"Jan 04, 2024 8:50 AM","(-) Expense","56.00","Transportation","Primary","metro"
"Jan 04, 2024 1:06 PM","(-) Expense","51.00","Food","Primary","dosa"
"Jan 04, 2024 4:39 PM","(-) Expense","43.00","Food","Primary","fruit salad"
"Jan 04, 2024 7:13 PM","(-) Expense","50.00","Transportation","Primary","metro"
"Jan 05, 2024 8:17 AM","(-) Expense","11.00","Food","Primary","cutting chai"
"Jan 05, 2024 8:47 AM","(-) Expense","50.00","Transportation","Metro","metro"
"Jan 05, 2024 11:18 AM","(-) Expense","610.50","Bills","Primary","wifi"
"Jan 05, 2024 1:03 PM","(-) Expense","162.00","Food","Primary","thali"
"Jan 05, 2024 7:09 PM","(-) Expense","53.00","Transportation","Metro","metro"
"Jan 06, 2024 7:00 AM","(-) Expense","115.00","Sport","Primary","gym day pass"
"Jan 06, 2024 8:19 AM","(-) Expense","11.00","Food","Primary","cutting chai"
"Jan 06, 2024 11:14 AM","(-) Expense","81.00","Ration","Primary","milk and curd"
"Jan 06, 2024 11:19 AM","(-) Expense","72.00","Ration","Primary","eggs pack"
"Jan 06, 2024 1:02 PM","(-) Expense","225.00","Food","Primary","biryani"
"Jan 06, 2024 9:00 PM","(-) Expense","89.00","Food","Primary","office cafeteria"
"Jan 07, 2024 8:22 AM","(-) Expense","12.00","Food","Primary","cutting chai"
"Jan 07, 2024 1:04 PM","(-) Expense","256.50","Food","Primary","biryani"
"Jan 08, 2024 8:19 AM","(-) Expense","11.00","Food","Primary","cutting chai"
"Jan 08, 2024 8:50 AM","(-) Expense","25.00","Transportation","Primary","bus"
"Jan 08, 2024 12:10 PM","(-) Expense","976.50","Bills","Primary","electricity"
"Jan 08, 2024 1:06 PM","(-) Expense","55.00","Food","Primary","dosa"
"Jan 08, 2024 7:10 PM","(-) Expense","24.00","Transportation","Primary","bus"
"Jan 09, 2024 7:00 AM","(-) Expense","64.00","Sport","Primary","sports drink"
"Jan 09, 2024 8:19 AM","(-) Expense","23.00","Food","Primary","filter coffee"
"Jan 09, 2024 8:51 AM","(-) Expense","31.00","Transportation","Primary","bus"
"Jan 09, 2024 1:02 PM","(-) Expense","58.00","Food","Primary","idli"
"Jan 09, 2024 7:12 PM","(-) Expense","28.50","Transportation","Primary","bus"
"Jan 10, 2024 8:23 AM","(-) Expense","10.00","Food","Primary","cutting chai"
"Jan 10, 2024 8:51 AM","(-) Expense","27.00","Transportation","Primary","bus"
"Jan 10, 2024 1:07 PM","(-) Expense","69.00","Food","Primary","idli"
"Jan 10, 2024 4:41 PM","(-) Expense","15.00","Food","Cash","tea"
"Jan 10, 2024 7:09 PM","(-) Expense","21.00","Transportation","Primary","bus"
"Jan 11, 2024 7:03 AM","(-) Expense","58.00","Sport","Primary","sports drink"
"Jan 11, 2024 8:52 AM","(-) Expense","46.00","Transportation","Metro","metro"
"Jan 11, 2024 1:05 PM","(-) Expense","84.00","Food","Primary","dosa"
"Jan 11, 2024 4:43 PM","(-) Expense","25.00","Food","Cash","samosa"
"Jan 11, 2024 7:11 PM","(-) Expense","44.00","Transportation","Metro","metro"
"Jan 11, 2024 9:02 PM","(-) Expense","359.00","Food","Primary","weekend brunch"
"Jan 12, 2024 8:21 AM","(-) Expense","10.50","Food","Cash","cutting chai"
"Jan 12, 2024 8:51 AM","(-) Expense","42.00","Transportation","Primary","metro"
"Jan 12, 2024 1:05 PM","(-) Expense","141.00","Food","Primary","thali"
"Jan 12, 2024 6:28 PM","(-) Expense","284.00","Telephone","Primary","prepaid top-up"
"Jan 12, 2024 7:12 PM","(-) Expense","32.00","Transportation","Primary","metro"
"Jan 12, 2024 9:02 PM","(-) Expense","183.50","Food","Primary","thali"
"Jan 13, 2024 7:03 AM","(-) Expense","347.00","Sport","Primary","badminton court"
"Jan 13, 2024 8:23 AM","(-) Expense","24.00","Food","Primary","filter coffee"
"Jan 13, 2024 11:08 AM","(-) Expense","222.00","Ration","Primary","weekly veggies"
"Jan 13, 2024 11:09 AM","(-) Expense","61.00","Ration","Primary","bread and butter"
"Jan 13, 2024 11:09 AM","(-) Expense","64.50","Ration","Primary","milk and curd"
"Jan 13, 2024 11:27 AM","(-) Expense","100.00","Ration","Primary","eggs pack"
"Jan 13, 2024 11:29 AM","(-) Expense","400.00","Ration","Primary","rice and dal"
"Jan 13, 2024 1:07 PM","(-) Expense","252.00","Food","Primary","biryani"
"Jan 13, 2024 6:18 PM","(-) Expense","349.00","Entertainment","Primary","movie"
"Jan 14, 2024 8:23 AM","(-) Expense","14.00","Food","Primary","tea"
"Jan 14, 2024 1:04 PM","(-) Expense","369.00","Food","Primary","weekend brunch"
"Jan 14, 2024 6:20 PM","(-) Expense","319.50","Entertainment","Primary","cafe hangout"
"Jan 14, 2024 9:00 PM","(-) Expense","106.00","Food","Primary","burger"
"Jan 15, 2024 8:23 AM","(-) Expense","11.00","Food","Primary","cutting chai"
"Jan 15, 2024 8:52 AM","(-) Expense","47.00","Transportation","Metro","metro"
"Jan 15, 2024 1:02 PM","(-) Expense","77.00","Food","Primary","dosa"
"Jan 15, 2024 3:27 PM","(-) Expense","380.00","Health","Primary","pharmacy"
"Jan 15, 2024 7:12 PM","(-) Expense","30.00","Transportation","Metro","metro"
"Jan 15, 2024 8:04 PM","(*) Transfer","4622.00","-","Primary->Credit","credit card payment"
"Jan 16, 2024 7:00 AM","(-) Expense","196.00","Sport","Primary","gym day pass"
"Jan 16, 2024 8:22 AM","(-) Expense","11.00","Food","Primary","cutting chai"
"Jan 16, 2024 8:49 AM","(-) Expense","49.50","Transportation","Metro","metro"
"Jan 16, 2024 1:04 PM","(-) Expense","113.00","Food","Primary","thali"
"Jan 16, 2024 7:09 PM","(-) Expense","55.00","Transportation","Metro","metro"
"Jan 17, 2024 8:17 AM","(-) Expense","14.50","Food","Primary","tea"
"Jan 17, 2024 8:52 AM","(-) Expense","36.00","Transportation","Metro","metro"
"Jan 17, 2024 1:02 PM","(-) Expense","133.00","Food","Primary","lunch"
"Jan 18, 2024 8:13 AM","(*) Transfer","221.00","-","Primary->Metro","metro card top-up"
"Jan 18, 2024 8:20 AM","(-) Expense","10.00","Food","Primary","cutting chai"
"Jan 18, 2024 1:05 PM","(-) Expense","104.50","Food","Primary","thali"
"Jan 19, 2024 8:17 AM","(-) Expense","29.00","Food","Primary","filter coffee"
"Jan 19, 2024 8:48 AM","(-) Expense","43.00","Transportation","Metro","metro"
"Jan 19, 2024 1:05 PM","(-) Expense","142.50","Food","Primary","thali"
"Jan 19, 2024 4:37 PM","(-) Expense","12.00","Food","Primary","tea"
"Jan 19, 2024 7:11 PM","(-) Expense","45.00","Transportation","Metro","metro"
"Jan 20, 2024 7:03 AM","(-) Expense","182.00","Sport","Primary","gym day pass"
"Jan 20, 2024 8:21 AM","(-) Expense","10.00","Food","Cash","cutting chai"
"Jan 20, 2024 1:07 PM","(-) Expense","107.00","Food","Primary","dinner"
"Jan 20, 2024 5:43 PM","(*) Transfer","2850.00","-","Primary->Cash","atm cash"
"Jan 21, 2024 8:23 AM","(-) Expense","12.00","Food","Cash","cutting chai"
"Jan 21, 2024 1:04 PM","(-) Expense","109.00","Food","Primary","dinner"
"Jan 21, 2024 6:23 PM","(-) Expense","189.50","Entertainment","Primary","cafe hangout"
"Jan 21, 2024 8:08 PM","(-) Expense","755.50","Social","Primary","friend birthday gift"
"Jan 21, 2024 9:01 PM","(-) Expense","241.00","Food","Primary","pizza"
"Jan 22, 2024 8:18 AM","(-) Expense","29.00","Food","Primary","filter coffee"
"Jan 22, 2024 8:51 AM","(-) Expense","34.00","Transportation","Primary","bus"
"Jan 22, 2024 1:02 PM","(-) Expense","75.00","Food","Primary","dosa"
"Jan 22, 2024 7:09 PM","(-) Expense","23.00","Transportation","Primary","bus"
"Jan 23, 2024 7:00 AM","(-) Expense","240.00","Sport","Primary","badminton court"
"Jan 23, 2024 8:47 AM","(-) Expense","31.00","Transportation","Metro","metro"
"Jan 23, 2024 1:02 PM","(-) Expense","139.00","Food","Primary","lunch"
"Jan 23, 2024 4:37 PM","(-) Expense","59.00","Food","Primary","fruit salad"
"Jan 23, 2024 7:09 PM","(-) Expense","38.50","Transportation","Metro","metro"
"Jan 24, 2024 8:17 AM","(-) Expense","33.00","Food","Primary","filter coffee"
"Jan 24, 2024 1:04 PM","(-) Expense","44.00","Food","Primary","idli"
"Jan 25, 2024 8:19 AM","(-) Expense","29.00","Food","Cash","filter coffee"
"Jan 25, 2024 8:51 AM","(-) Expense","59.50","Transportation","Primary","metro"
"Jan 25, 2024 1:08 PM","(-) Expense","54.00","Food","Primary","idli"
"Jan 25, 2024 4:38 PM","(-) Expense","60.00","Food","Cash","ice cream"
"Jan 25, 2024 7:13 PM","(-) Expense","50.50","Transportation","Primary","metro"
"Jan 26, 2024 8:23 AM","(-) Expense","30.00","Food","Primary","filter coffee"
"Jan 26, 2024 8:47 AM","(-) Expense","47.00","Transportation","Metro","metro"
"Jan 26, 2024 1:07 PM","(-) Expense","49.00","Food","Primary","idli"
"Jan 26, 2024 3:30 PM","(-) Expense","1526.00","Health","Primary","lab test"
"Jan 26, 2024 7:09 PM","(-) Expense","37.00","Transportation","Metro","metro"
"Jan 27, 2024 7:00 AM","(-) Expense","329.50","Sport","Primary","badminton court"
"Jan 27, 2024 8:17 AM","(-) Expense","10.50","Food","Primary","cutting chai"
"Jan 27, 2024 1:06 PM","(-) Expense","618.00","Food","Primary","outside dinner"
"Jan 27, 2024 4:42 PM","(-) Expense","49.00","Food","Primary","idli"
"Jan 27, 2024 9:00 PM","(-) Expense","118.00","Food","Primary","lunch"
"Jan 28, 2024 8:19 AM","(-) Expense","11.00","Food","Primary","cutting chai"
"Jan 28, 2024 11:12 AM","(-) Expense","65.00","Ration","Primary","milk and curd"
"Jan 28, 2024 11:15 AM","(-) Expense","65.00","Ration","Primary","eggs pack"
"Jan 28, 2024 11:18 AM","(-) Expense","413.00","Ration","Primary","weekly veggies"
"Jan 28, 2024 11:29 AM","(-) Expense","104.00","Ration","Primary","eggs pack"
"Jan 28, 2024 1:02 PM","(-) Expense","158.00","Food","Primary","biryani"
"Jan 28, 2024 4:43 PM","(-) Expense","27.00","Food","Primary","egg puff"
"Jan 28, 2024 6:20 PM","(-) Expense","832.00","Entertainment","Primary","game purchase"
"Jan 29, 2024 8:22 AM","(-) Expense","30.50","Food","Primary","filter coffee"
"Jan 29, 2024 8:51 AM","(-) Expense","17.50","Transportation","Primary","bus"
"Jan 29, 2024 1:03 PM","(-) Expense","108.00","Food","Primary","lunch"
"Jan 29, 2024 4:42 PM","(-) Expense","11.00","Food","Cash","cutting chai"
"Jan 29, 2024 7:09 PM","(-) Expense","20.00","Transportation","Primary","bus"
"Jan 30, 2024 8:17 AM","(-) Expense","13.50","Food","Primary","tea"
"Jan 30, 2024 8:51 AM","(-) Expense","35.00","Transportation","Primary","bus"
"Jan 30, 2024 1:04 PM","(-) Expense","44.50","Food","Primary","idli"
"Jan 30, 2024 4:39 PM","(-) Expense","35.00","Food","Primary","egg puff"
"Jan 30, 2024 7:07 PM","(-) Expense","23.00","Transportation","Primary","bus"
"Jan 31, 2024 8:21 AM","(-) Expense","11.00","Food","Cash","tea"
"Jan 31, 2024 8:47 AM","(-) Expense","38.00","Transportation","Metro","metro"
"Jan 31, 2024 1:02 PM","(-) Expense","123.00","Food","Primary","lunch"
"Jan 31, 2024 7:11 PM","(-) Expense","35.50","Transportation","Metro","metro"
"Jan 31, 2024 9:00 PM","(-) Expense","378.00","Food","Primary","outside dinner"
"Feb 01, 2024 7:00 AM","(-) Expense","40.00","Sport","Primary","sports drink"
"Feb 01, 2024 8:50 AM","(-) Expense","49.00","Transportation","Metro","metro"
"Feb 01, 2024 9:14 AM","(+) Income","48000.00","Salary","Primary","monthly salary"
"Feb 01, 2024 9:39 AM","(*) Transfer","8085.00","-","Primary->Savings","monthly save"
"Feb 01, 2024 1:03 PM","(-) Expense","65.00","Food","Primary","idli"
"Feb 01, 2024 4:40 PM","(-) Expense","30.00","Food","Cash","samosa"
"Feb 01, 2024 7:08 PM","(-) Expense","50.00","Transportation","Metro","metro"
"Feb 02, 2024 8:21 AM","(-) Expense","11.00","Food","Primary","cutting chai"
"Feb 02, 2024 8:52 AM","(-) Expense","51.00","Transportation","Metro","metro"
"Feb 02, 2024 10:04 AM","(-) Expense","10108.00","Home","Primary","rent share"
"Feb 02, 2024 1:02 PM","(-) Expense","77.00","Food","Primary","office cafeteria"
"Feb 02, 2024 7:09 PM","(-) Expense","40.00","Transportation","Metro","metro"
"Feb 02, 2024 9:01 PM","(-) Expense","320.00","Food","Primary","pizza"
"Feb 03, 2024 7:03 AM","(-) Expense","59.50","Sport","Primary","swimming"
"Feb 03, 2024 8:19 AM","(-) Expense","11.00","Food","Cash","cutting chai"
"Feb 03, 2024 11:07 AM","(-) Expense","106.00","Ration","Primary","fruits"
"Feb 03, 2024 11:18 AM","(-) Expense","162.00","Ration","Primary","fruits"
"Feb 03, 2024 11:32 AM","(-) Expense","79.00","Ration","Primary","eggs pack"
"Feb 03, 2024 11:35 AM","(-) Expense","81.00","Ration","Primary","milk and curd"
"Feb 03, 2024 1:04 PM","(-) Expense","116.00","Food","Primary","lunch"
"Feb 03, 2024 9:01 PM","(-) Expense","233.00","Food","Primary","biryani"
"Feb 04, 2024 8:18 AM","(-) Expense","15.00","Food","Cash","tea"
"Feb 04, 2024 11:00 AM","(-) Expense","237.50","Ration","Primary","chicken"
"Feb 04, 2024 11:04 AM","(-) Expense","223.00","Ration","Primary","chicken"
"Feb 04, 2024 11:05 AM","(-) Expense","211.00","Ration","Primary","weekly veggies"
"Feb 04, 2024 11:17 AM","(-) Expense","252.50","Ration","Primary","rice and dal"
"Feb 04, 2024 1:03 PM","(-) Expense","404.50","Food","Primary","pizza"
"Feb 04, 2024 3:33 PM","(-) Expense","120.00","Health","Primary","pharmacy"
"Feb 04, 2024 8:09 PM","(-) Expense","226.00","Social","Primary","friend birthday gift"
"Feb 05, 2024 8:21 AM","(-) Expense","10.00","Food","Primary","cutting chai"
"Feb 05, 2024 8:51 AM","(-) Expense","44.00","Transportation","Primary","metro"
"Feb 05, 2024 11:19 AM","(-) Expense","784.00","Bills","Primary","wifi"
"Feb 05, 2024 1:06 PM","(-) Expense","121.00","Food","Primary","office cafeteria"
"Feb 05, 2024 7:13 PM","(-) Expense","50.50","Transportation","Primary","metro"
"Feb 05, 2024 9:00 PM","(-) Expense","203.50","Food","Primary","thali"
"Feb 06, 2024 7:02 AM","(-) Expense","149.00","Sport","Primary","gym day pass"
"Feb 06, 2024 8:21 AM","(-) Expense","31.00","Food","Primary","filter coffee"
"Feb 06, 2024 8:49 AM","(-) Expense","24.00","Transportation","Primary","bus"
"Feb 06, 2024 1:03 PM","(-) Expense","65.50","Food","Primary","idli"
"Feb 06, 2024 7:13 PM","(-) Expense","24.00","Transportation","Primary","bus"
"Feb 07, 2024 1:04 PM","(-) Expense","82.00","Food","Primary","office cafeteria"
"Feb 07, 2024 4:43 PM","(-) Expense","28.00","Food","Primary","vada pav"
"Feb 08, 2024 7:00 AM","(-) Expense","60.00","Sport","Primary","sports drink"
"Feb 08, 2024 8:20 AM","(-) Expense","11.00","Food","Primary","tea"
"Feb 08, 2024 8:47 AM","(-) Expense","50.00","Transportation","Metro","metro"
"Feb 08, 2024 12:10 PM","(-) Expense","1009.00","Bills","Primary","electricity"
"Feb 08, 2024 1:08 PM","(-) Expense","86.00","Food","Primary","lunch"
"Feb 08, 2024 2:00 PM","(-) Expense","2699.00","Education","Primary","online course"
"Feb 08, 2024 7:11 PM","(-) Expense","54.00","Transportation","Metro","metro"
"Feb 09, 2024 8:19 AM","(-) Expense","12.00","Food","Primary","cutting chai"
"Feb 09, 2024 8:52 AM","(-) Expense","23.00","Transportation","Primary","bus"
"Feb 09, 2024 1:06 PM","(-) Expense","66.00","Food","Primary","idli"
"Feb 09, 2024 4:00 PM","(-) Expense","1755.00","Shopping","Primary","earphones"
"Feb 09, 2024 4:41 PM","(-) Expense","45.00","Food","Cash","poha"
"Feb 09, 2024 7:10 PM","(-) Expense","28.00","Transportation","Primary","bus"
"Feb 10, 2024 8:17 AM","(-) Expense","30.00","Food","Primary","filter coffee"
"Feb 10, 2024 11:11 AM","(-) Expense","116.00","Ration","Primary","fruits"
"Feb 10, 2024 11:21 AM","(-) Expense","236.00","Ration","Primary","chicken"
"Feb 10, 2024 11:21 AM","(-) Expense","325.50","Ration","Primary","rice and dal"
"Feb 10, 2024 11:31 AM","(-) Expense","185.00","Ration","Primary","weekly veggies"
"Feb 10, 2024 1:07 PM","(-) Expense","127.00","Food","Primary","thali"
"Feb 10, 2024 4:41 PM","(-) Expense","12.00","Food","Primary","tea"
"Feb 10, 2024 6:23 PM","(-) Expense","413.00","Entertainment","Primary","movie"
"Feb 11, 2024 8:23 AM","(-) Expense","28.00","Food","Cash","filter coffee"
"Feb 11, 2024 1:07 PM","(-) Expense","202.00","Food","Primary","thali"
"Feb 11, 2024 4:41 PM","(-) Expense","39.00","Food","Cash","juice"
"Feb 12, 2024 8:22 AM","(-) Expense","29.00","Food","Primary","filter coffee"
"Feb 12, 2024 8:52 AM","(-) Expense","47.00","Transportation","Metro","metro"
"Feb 12, 2024 1:04 PM","(-) Expense","65.00","Food","Primary","idli"
"Feb 12, 2024 4:38 PM","(-) Expense","16.00","Food","Cash","biscuit"
"Feb 12, 2024 6:29 PM","(-) Expense","386.00","Telephone","Primary","prepaid top-up"
"Feb 12, 2024 7:09 PM","(-) Expense","51.50","Transportation","Metro","metro"
"Feb 12, 2024 9:00 PM","(-) Expense","213.00","Food","Primary","biryani"
"Feb 13, 2024 8:22 AM","(-) Expense","11.00","Food","Primary","cutting chai"
"Feb 13, 2024 8:49 AM","(-) Expense","51.50","Transportation","Metro","metro"
"Feb 13, 2024 1:03 PM","(-) Expense","76.50","Food","Primary","office cafeteria"
"Feb 13, 2024 7:09 PM","(-) Expense","47.00","Transportation","Metro","metro"
"Feb 14, 2024 8:23 AM","(-) Expense","11.00","Food","Primary","cutting chai"
"Feb 14, 2024 8:48 AM","(-) Expense","54.00","Transportation","Metro","metro"
"Feb 14, 2024 1:04 PM","(-) Expense","124.00","Food","Primary","lunch"
"Feb 14, 2024 3:33 PM","(-) Expense","316.50","Health","Primary","pharmacy"
"Feb 14, 2024 4:43 PM","(-) Expense","29.00","Food","Primary","samosa"
"Feb 14, 2024 7:11 PM","(-) Expense","31.00","Transportation","Metro","metro"
"Feb 15, 2024 7:00 AM","(-) Expense","186.50","Sport","Primary","gym day pass"
"Feb 15, 2024 8:20 AM","(-) Expense","10.00","Food","Primary","tea"
"Feb 15, 2024 1:02 PM","(-) Expense","175.00","Food","Primary","thali"
"Feb 15, 2024 4:38 PM","(-) Expense","113.00","Food","Primary","ice cream"
"Feb 15, 2024 8:07 PM","(*) Transfer","5177.00","-","Primary->Credit","credit card payment"
"Feb 16, 2024 8:17 AM","(-) Expense","11.00","Food","Primary","cutting chai"
"Feb 16, 2024 8:52 AM","(-) Expense","41.00","Transportation","Metro","metro"
"Feb 16, 2024 1:07 PM","(-) Expense","88.00","Food","Primary","office cafeteria"
"Feb 16, 2024 4:41 PM","(-) Expense","34.50","Food","Primary","vada pav"
"Feb 16, 2024 7:12 PM","(-) Expense","49.00","Transportation","Metro","metro"
"Feb 16, 2024 9:03 PM","(-) Expense","174.00","Food","Primary","burger"
"Feb 17, 2024 7:00 AM","(-) Expense","120.00","Sport","Primary","gym day pass"
"Feb 17, 2024 8:23 AM","(-) Expense","33.00","Food","Primary","filter coffee"
"Feb 17, 2024 6:21 PM","(-) Expense","257.00","Entertainment","Primary","cafe hangout"
"Feb 17, 2024 8:08 PM","(-) Expense","337.00","Social","Primary","festival sweets"
"Feb 18, 2024 8:20 AM","(-) Expense","26.00","Food","Primary","filter coffee"
"Feb 18, 2024 1:08 PM","(-) Expense","90.00","Food","Primary","office cafeteria"
"Feb 18, 2024 4:43 PM","(-) Expense","56.00","Food","Cash","dosa"
"Feb 18, 2024 6:17 PM","(-) Expense","153.00","Entertainment","Primary","cafe hangout"
"Feb 19, 2024 8:20 AM","(-) Expense","33.50","Food","Primary","filter coffee"
"Feb 20, 2024 7:00 AM","(-) Expense","379.00","Sport","Primary","badminton court"
"Feb 20, 2024 8:20 AM","(-) Expense","22.00","Food","Primary","filter coffee"
"Feb 20, 2024 8:49 AM","(-) Expense","31.00","Transportation","Metro","metro"
"Feb 20, 2024 1:05 PM","(-) Expense","122.50","Food","Primary","thali"
"Feb 20, 2024 5:46 PM","(*) Transfer","1082.00","-","Primary->Cash","atm cash"
"Feb 21, 2024 8:20 AM","(-) Expense","11.50","Food","Cash","tea"
"Feb 21, 2024 8:47 AM","(-) Expense","24.00","Transportation","Primary","bus"
"Feb 21, 2024 1:04 PM","(-) Expense","87.50","Food","Primary","lunch"
"Feb 21, 2024 4:42 PM","(-) Expense","11.00","Food","Primary","cutting chai"
"Feb 21, 2024 7:10 PM","(-) Expense","25.00","Transportation","Primary","bus"
"Feb 22, 2024 8:22 AM","(-) Expense","35.00","Food","Cash","filter coffee"
"Feb 22, 2024 8:48 AM","(-) Expense","31.00","Transportation","Primary","metro"
"Feb 22, 2024 1:04 PM","(-) Expense","158.00","Food","Primary","lunch"
"Feb 22, 2024 7:10 PM","(-) Expense","41.50","Transportation","Primary","metro"
"Feb 23, 2024 8:21 AM","(-) Expense","12.00","Food","Primary","tea"
"Feb 23, 2024 8:47 AM","(-) Expense","15.00","Transportation","Primary","bus"
"Feb 23, 2024 1:04 PM","(-) Expense","119.00","Food","Primary","lunch"
"Feb 23, 2024 7:10 PM","(-) Expense","20.50","Transportation","Primary","bus"
"Feb 24, 2024 7:00 AM","(-) Expense","147.00","Sport","Primary","gym day pass"
"Feb 24, 2024 8:17 AM","(-) Expense","11.50","Food","Primary","cutting chai"
"Feb 24, 2024 1:07 PM","(-) Expense","123.00","Food","Primary","burger"
"Feb 24, 2024 4:42 PM","(-) Expense","33.00","Food","Cash","poha"
"Feb 25, 2024 1:05 PM","(-) Expense","465.00","Food","Primary","outside dinner"
"Feb 25, 2024 3:28 PM","(-) Expense","1543.50","Health","Primary","lab test"
"Feb 26, 2024 8:23 AM","(-) Expense","32.00","Food","Primary","filter coffee"
"Feb 26, 2024 8:52 AM","(-) Expense","42.00","Transportation","Metro","metro"
"Feb 26, 2024 1:08 PM","(-) Expense","59.50","Food","Primary","idli"
"Feb 26, 2024 7:07 PM","(-) Expense","40.00","Transportation","Metro","metro"
"Feb 27, 2024 7:00 AM","(-) Expense","107.00","Sport","Primary","swimming"
"Feb 27, 2024 8:17 AM","(-) Expense","13.00","Food","Cash","tea"
"Feb 27, 2024 8:52 AM","(-) Expense","18.00","Transportation","Primary","bus"
"Feb 27, 2024 1:03 PM","(-) Expense","54.00","Food","Primary","idli"
"Feb 27, 2024 4:00 PM","(-) Expense","177.50","Shopping","Primary","stationery"
"Feb 27, 2024 4:42 PM","(-) Expense","11.50","Food","Primary","cutting chai"
"Feb 27, 2024 7:13 PM","(-) Expense","31.00","Transportation","Primary","bus"
"Feb 28, 2024 8:23 AM","(-) Expense","12.00","Food","Primary","cutting chai"
"Feb 28, 2024 8:49 AM","(-) Expense","44.00","Transportation","Metro","metro"
"Feb 28, 2024 1:07 PM","(-) Expense","53.00","Food","Primary","idli"
"Feb 28, 2024 7:10 PM","(-) Expense","33.00","Transportation","Metro","metro"
"Feb 29, 2024 7:00 AM","(-) Expense","105.50","Sport","Primary","swimming"
"Feb 29, 2024 8:20 AM","(-) Expense","34.50","Food","Primary","filter coffee"
"Feb 29, 2024 8:50 AM","(-) Expense","56.00","Transportation","Metro","metro"
"Feb 29, 2024 1:03 PM","(-) Expense","79.00","Food","Primary","office cafeteria"
"Feb 29, 2024 7:09 PM","(-) Expense","54.00","Transportation","Metro","metro"
"Mar 01, 2024 8:19 AM","(-) Expense","32.00","Food","Primary","filter coffee"
"Mar 01, 2024 8:48 AM","(-) Expense","57.00","Transportation","Metro","metro"
"Mar 01, 2024 9:14 AM","(+) Income","48000.00","Salary","Primary","monthly salary"
"Mar 01, 2024 9:37 AM","(*) Transfer","11014.00","-","Primary->Savings","monthly save"
"Mar 01, 2024 1:08 PM","(-) Expense","62.50","Food","Primary","idli"
"Mar 01, 2024 7:07 PM","(-) Expense","54.00","Transportation","Metro","metro"
"Mar 02, 2024 7:02 AM","(-) Expense","351.00","Sport","Primary","badminton court"
"Mar 02, 2024 8:23 AM","(-) Expense","10.00","Food","Primary","cutting chai"
"Mar 02, 2024 10:04 AM","(-) Expense","9314.00","Home","Primary","rent share"
"Mar 02, 2024 11:01 AM","(-) Expense","97.00","Ration","Primary","fruits"
"Mar 02, 2024 11:26 AM","(-) Expense","363.50","Ration","Primary","chicken"
"Mar 02, 2024 11:33 AM","(-) Expense","99.00","Ration","Primary","eggs pack"
"Mar 02, 2024 1:02 PM","(-) Expense","227.00","Food","Primary","dinner"
"Mar 02, 2024 4:37 PM","(-) Expense","50.00","Food","Cash","fruit salad"
"Mar 03, 2024 8:22 AM","(-) Expense","12.00","Food","Cash","cutting chai"
"Mar 03, 2024 6:21 PM","(-) Expense","1031.00","Entertainment","Primary","game purchase"
"Mar 03, 2024 9:03 PM","(-) Expense","421.50","Food","Primary","outside dinner"
"Mar 04, 2024 8:17 AM","(-) Expense","10.00","Food","Primary","tea"
"Mar 04, 2024 8:51 AM","(-) Expense","60.00","Transportation","Primary","metro"
"Mar 04, 2024 1:02 PM","(-) Expense","151.00","Food","Primary","lunch"
"Mar 04, 2024 4:43 PM","(-) Expense","64.00","Food","Primary","ice cream"
"Mar 04, 2024 7:11 PM","(-) Expense","46.00","Transportation","Primary","metro"
"Mar 05, 2024 7:00 AM","(-) Expense","71.00","Sport","Primary","swimming"
"Mar 05, 2024 8:52 AM","(-) Expense","53.50","Transportation","Metro","metro"
"Mar 05, 2024 11:21 AM","(-) Expense","720.00","Bills","Primary","wifi"
"Mar 05, 2024 1:07 PM","(-) Expense","92.50","Food","Primary","office cafeteria"
"Mar 05, 2024 4:41 PM","(-) Expense","28.00","Food","Primary","egg puff"
"Mar 05, 2024 7:09 PM","(-) Expense","45.50","Transportation","Metro","metro"
"Mar 05, 2024 9:03 PM","(-) Expense","121.00","Food","Primary","burger"
"Mar 06, 2024 8:52 AM","(-) Expense","34.50","Transportation","Primary","bus"
"Mar 06, 2024 4:37 PM","(-) Expense","35.00","Food","Cash","egg puff"
"Mar 06, 2024 7:08 PM","(-) Expense","25.00","Transportation","Primary","bus"
"Mar 06, 2024 9:00 PM","(-) Expense","669.00","Food","Primary","outside dinner"
"Mar 07, 2024 8:23 AM","(-) Expense","22.00","Food","Primary","filter coffee"
"Mar 07, 2024 8:49 AM","(-) Expense","19.50","Transportation","Primary","bus"
"Mar 07, 2024 1:06 PM","(-) Expense","49.00","Food","Primary","idli"
"Mar 07, 2024 4:40 PM","(-) Expense","83.50","Food","Cash","dosa"
"Mar 07, 2024 7:07 PM","(-) Expense","26.00","Transportation","Primary","bus"
"Mar 07, 2024 9:03 PM","(-) Expense","362.00","Food","Primary","weekend brunch"
"Mar 08, 2024 8:21 AM","(-) Expense","13.00","Food","Primary","tea"
"Mar 08, 2024 8:51 AM","(-) Expense","41.50","Transportation","Metro","metro"
"Mar 08, 2024 12:12 PM","(-) Expense","1312.00","Bills","Primary","electricity"
"Mar 08, 2024 1:06 PM","(-) Expense","67.00","Food","Primary","idli"
"Mar 08, 2024 7:13 PM","(-) Expense","41.00","Transportation","Metro","metro"
"Mar 08, 2024 9:00 PM","(-) Expense","159.00","Food","Primary","lunch"
"Mar 09, 2024 7:00 AM","(-) Expense","111.00","Sport","Primary","swimming"
"Mar 09, 2024 11:16 AM","(-) Expense","193.00","Ration","Primary","fruits"
"Mar 09, 2024 11:19 AM","(-) Expense","204.00","Ration","Primary","weekly veggies"
"Mar 09, 2024 1:03 PM","(-) Expense","121.50","Food","Primary","burger"
"Mar 09, 2024 4:37 PM","(-) Expense","17.00","Food","Cash","samosa"
"Mar 09, 2024 6:23 PM","(-) Expense","1815.00","Entertainment","Primary","concert ticket"
"Mar 09, 2024 9:03 PM","(-) Expense","162.00","Food","Primary","biryani"
"Mar 10, 2024 8:21 AM","(-) Expense","13.00","Food","Primary","tea"
"Mar 10, 2024 1:04 PM","(-) Expense","185.00","Food","Primary","dinner"
"Mar 10, 2024 6:23 PM","(-) Expense","1217.00","Entertainment","Primary","concert ticket"
"Mar 11, 2024 8:19 AM","(-) Expense","33.00","Food","Primary","filter coffee"
"Mar 11, 2024 8:53 AM","(-) Expense","50.00","Transportation","Metro","metro"
"Mar 11, 2024 1:07 PM","(-) Expense","103.00","Food","Primary","office cafeteria"
"Mar 11, 2024 4:41 PM","(-) Expense","24.00","Food","Primary","biscuit"
"Mar 11, 2024 7:11 PM","(-) Expense","41.00","Transportation","Metro","metro"
"Mar 12, 2024 8:17 AM","(-) Expense","15.00","Food","Primary","tea"
"Mar 12, 2024 8:53 AM","(-) Expense","48.00","Transportation","Primary","metro"
"Mar 12, 2024 1:02 PM","(-) Expense","85.50","Food","Primary","dosa"
"Mar 12, 2024 4:39 PM","(-) Expense","35.00","Food","Primary","filter coffee"
"Mar 12, 2024 6:31 PM","(-) Expense","264.50","Telephone","Primary","prepaid top-up"
"Mar 13, 2024 8:19 AM","(-) Expense","10.50","Food","Primary","cutting chai"
"Mar 13, 2024 8:50 AM","(-) Expense","59.00","Transportation","Metro","metro"
"Mar 13, 2024 1:02 PM","(-) Expense","66.00","Food","Primary","idli"
"Mar 13, 2024 4:38 PM","(-) Expense","35.00","Food","Primary","egg puff"
"Mar 13, 2024 7:12 PM","(-) Expense","54.00","Transportation","Metro","metro"
"Mar 14, 2024 7:00 AM","(-) Expense","54.50","Sport","Primary","sports drink"
"Mar 14, 2024 8:17 AM","(-) Expense","15.00","Food","Primary","tea"
"Mar 14, 2024 8:52 AM","(-) Expense","26.00","Transportation","Primary","bus"
"Mar 14, 2024 12:00 PM","(+) Income","200.50","Refunds","Primary","cashback"
"Mar 14, 2024 1:08 PM","(-) Expense","155.00","Food","Primary","lunch"
"Mar 15, 2024 8:19 AM","(-) Expense","12.00","Food","Cash","tea"
"Mar 15, 2024 8:50 AM","(-) Expense","31.00","Transportation","Primary","bus"
"Mar 15, 2024 1:08 PM","(-) Expense","104.00","Food","Primary","thali"
"Mar 15, 2024 6:00 PM","(-) Expense","367.00","Social","Primary","holi colors and snacks"
"Mar 15, 2024 7:09 PM","(-) Expense","32.00","Transportation","Primary","bus"
"Mar 15, 2024 8:03 PM","(*) Transfer","8869.00","-","Primary->Credit","credit card payment"
"Mar 16, 2024 7:00 AM","(-) Expense","59.00","Sport","Primary","sports drink"
"Mar 16, 2024 8:20 AM","(-) Expense","10.00","Food","Primary","tea"
"Mar 16, 2024 1:07 PM","(-) Expense","126.00","Food","Primary","thali"
"Mar 16, 2024 4:01 PM","(-) Expense","1684.00","Shopping","Primary","earphones"
"Mar 16, 2024 8:10 PM","(-) Expense","510.00","Social","Primary","friend birthday gift"
"Mar 16, 2024 9:00 PM","(-) Expense","166.50","Food","Primary","burger"
"Mar 17, 2024 8:17 AM","(-) Expense","10.00","Food","Cash","tea"
"Mar 17, 2024 1:04 PM","(-) Expense","346.00","Food","Primary","pizza"
"Mar 17, 2024 4:39 PM","(-) Expense","39.00","Food","Primary","poha"
"Mar 17, 2024 6:21 PM","(-) Expense","2193.00","Entertainment","Primary","concert ticket"
"Mar 17, 2024 8:08 PM","(-) Expense","344.00","Social","Primary","festival sweets"
"Mar 18, 2024 8:13 AM","(*) Transfer","373.50","-","Primary->Metro","metro card top-up"
"Mar 18, 2024 8:17 AM","(-) Expense","27.00","Food","Primary","filter coffee"
"Mar 18, 2024 8:52 AM","(-) Expense","36.00","Transportation","Primary","metro"
"Mar 18, 2024 1:03 PM","(-) Expense","52.00","Food","Primary","idli"
"Mar 18, 2024 4:37 PM","(-) Expense","12.00","Food","Cash","tea"
"Mar 18, 2024 7:08 PM","(-) Expense","42.00","Transportation","Primary","metro"
"Mar 19, 2024 7:00 AM","(-) Expense","320.00","Sport","Primary","badminton court"
"Mar 19, 2024 8:21 AM","(-) Expense","11.00","Food","Primary","tea"
"Mar 19, 2024 8:47 AM","(-) Expense","15.00","Transportation","Primary","bus"
"Mar 19, 2024 1:03 PM","(-) Expense","51.00","Food","Primary","idli"
"Mar 19, 2024 4:43 PM","(-) Expense","40.00","Food","Primary","egg puff"
"Mar 19, 2024 7:13 PM","(-) Expense","33.00","Transportation","Primary","bus"
"Mar 19, 2024 9:00 PM","(-) Expense","219.00","Food","Primary","dinner"
"Mar 20, 2024 8:20 AM","(-) Expense","10.00","Food","Primary","cutting chai"
"Mar 20, 2024 8:48 AM","(-) Expense","50.00","Transportation","Metro","metro"
"Mar 20, 2024 1:06 PM","(-) Expense","155.50","Food","Primary","thali"
"Mar 20, 2024 4:41 PM","(-) Expense","21.00","Food","Primary","samosa"
"Mar 20, 2024 5:42 PM","(*) Transfer","2259.00","-","Primary->Cash","atm cash"
"Mar 20, 2024 7:11 PM","(-) Expense","47.00","Transportation","Metro","metro"
"Mar 20, 2024 9:00 PM","(-) Expense","102.00","Food","Primary","office cafeteria"
"Mar 21, 2024 7:00 AM","(-) Expense","104.00","Sport","Primary","gym day pass"
"Mar 21, 2024 8:19 AM","(-) Expense","23.00","Food","Primary","filter coffee"
"Mar 21, 2024 8:50 AM","(-) Expense","24.00","Transportation","Primary","bus"
"Mar 21, 2024 1:04 PM","(-) Expense","109.00","Food","Primary","office cafeteria"
"Mar 21, 2024 4:41 PM","(-) Expense","81.00","Food","Primary","ice cream"
"Mar 21, 2024 7:10 PM","(-) Expense","21.00","Transportation","Primary","bus"
"Mar 22, 2024 1:04 PM","(-) Expense","50.00","Food","Primary","dosa"
"Mar 23, 2024 7:00 AM","(-) Expense","144.00","Sport","Primary","swimming"
"Mar 23, 2024 8:22 AM","(-) Expense","31.00","Food","Cash","filter coffee"
"Mar 23, 2024 1:08 PM","(-) Expense","487.50","Food","Primary","outside dinner"
"Mar 23, 2024 4:39 PM","(-) Expense","33.00","Food","Primary","filter coffee"
"Mar 23, 2024 9:00 PM","(-) Expense","463.00","Food","Primary","weekend brunch"
"Mar 24, 2024 8:18 AM","(-) Expense","15.00","Food","Primary","tea"
"Mar 24, 2024 11:05 AM","(-) Expense","94.00","Ration","Primary","eggs pack"
"Mar 24, 2024 11:09 AM","(-) Expense","106.00","Ration","Primary","eggs pack"
"Mar 24, 2024 1:05 PM","(-) Expense","100.00","Food","Primary","burger"
"Mar 24, 2024 3:33 PM","(-) Expense","473.00","Health","Primary","vitamins"
"Mar 24, 2024 4:40 PM","(-) Expense","22.00","Food","Primary","vada pav"
"Mar 24, 2024 6:22 PM","(-) Expense","928.00","Entertainment","Primary","game purchase"
"Mar 25, 2024 8:23 AM","(-) Expense","14.00","Food","Primary","tea"
"Mar 25, 2024 8:51 AM","(-) Expense","19.00","Transportation","Primary","bus"
"Mar 25, 2024 1:06 PM","(-) Expense","64.00","Food","Primary","idli"
"Mar 25, 2024 7:08 PM","(-) Expense","15.00","Transportation","Primary","bus"
"Mar 26, 2024 7:00 AM","(-) Expense","351.00","Sport","Primary","badminton court"
"Mar 26, 2024 8:23 AM","(-) Expense","10.00","Food","Primary","cutting chai"
"Mar 26, 2024 8:50 AM","(-) Expense","58.00","Transportation","Metro","metro"
"Mar 26, 2024 1:04 PM","(-) Expense","123.00","Food","Primary","office cafeteria"
"Mar 26, 2024 7:10 PM","(-) Expense","54.00","Transportation","Metro","metro"
"Mar 26, 2024 9:00 PM","(-) Expense","99.00","Food","Primary","office cafeteria"
"Mar 27, 2024 8:22 AM","(-) Expense","26.00","Food","Primary","filter coffee"
"Mar 27, 2024 8:47 AM","(-) Expense","29.00","Transportation","Primary","bus"
"Mar 27, 2024 1:07 PM","(-) Expense","127.00","Food","Primary","office cafeteria"
"Mar 27, 2024 4:00 PM","(-) Expense","941.00","Shopping","Primary","earphones"
"Mar 27, 2024 7:10 PM","(-) Expense","25.00","Transportation","Primary","bus"
"Mar 28, 2024 8:22 AM","(-) Expense","13.00","Food","Primary","tea"
"Mar 28, 2024 8:52 AM","(-) Expense","53.00","Transportation","Primary","metro"
"Mar 28, 2024 1:08 PM","(-) Expense","46.00","Food","Primary","idli"
"Mar 28, 2024 7:12 PM","(-) Expense","46.00","Transportation","Primary","metro"
"Mar 28, 2024 9:00 PM","(-) Expense","83.00","Food","Primary","lunch"
"Mar 29, 2024 8:19 AM","(-) Expense","11.00","Food","Cash","cutting chai"
"Mar 29, 2024 8:50 AM","(-) Expense","42.00","Transportation","Metro","metro"
"Mar 29, 2024 1:05 PM","(-) Expense","83.00","Food","Primary","office cafeteria"
"Mar 29, 2024 4:39 PM","(-) Expense","10.50","Food","Primary","biscuit"
"Mar 29, 2024 7:08 PM","(-) Expense","40.00","Transportation","Metro","metro"
"Mar 30, 2024 7:01 AM","(-) Expense","191.00","Sport","Primary","gym day pass"
"Mar 30, 2024 8:22 AM","(-) Expense","26.00","Food","Primary","filter coffee"
"Mar 30, 2024 2:01 PM","(-) Expense","2396.00","Education","Primary","online course"
"Mar 30, 2024 4:42 PM","(-) Expense","12.00","Food","Primary","cutting chai"
"Mar 31, 2024 8:18 AM","(-) Expense","26.00","Food","Primary","filter coffee"
"Mar 31, 2024 1:07 PM","(-) Expense","469.00","Food","Primary","weekend brunch"
"Mar 31, 2024 4:43 PM","(-) Expense","41.50","Food","Primary","fruit salad"
"Mar 31, 2024 6:19 PM","(-) Expense","590.00","Entertainment","Primary","game purchase"
"Apr 01, 2024 9:15 AM","(+) Income","48000.00","Salary","Primary","monthly salary"
"Apr 01, 2024 9:40 AM","(*) Transfer","12408.00","-","Primary->Savings","monthly save"
"Apr 01, 2024 9:52 AM","(*) Transfer","4861.00","-","Savings->Emergency","emergency fund"
"Apr 01, 2024 1:06 PM","(-) Expense","103.00","Food","Primary","office cafeteria"
"Apr 01, 2024 4:37 PM","(-) Expense","31.00","Food","Cash","egg puff"
"Apr 01, 2024 9:00 PM","(-) Expense","141.00","Food","Primary","burger"
"Apr 02, 2024 7:00 AM","(-) Expense","281.00","Sport","Primary","badminton court"
"Apr 02, 2024 8:18 AM","(-) Expense","11.50","Food","Primary","cutting chai"
"Apr 02, 2024 8:50 AM","(-) Expense","32.00","Transportation","Primary","bus"
"Apr 02, 2024 10:05 AM","(-) Expense","9336.00","Home","Primary","rent share"
"Apr 02, 2024 1:06 PM","(-) Expense","114.00","Food","Primary","office cafeteria"
"Apr 02, 2024 4:39 PM","(-) Expense","36.00","Food","Cash","poha"
"Apr 02, 2024 9:00 PM","(-) Expense","289.00","Food","Primary","weekend brunch"
"Apr 03, 2024 8:07 AM","(*) Transfer","315.00","-","Primary->Metro","metro card top-up"
"Apr 03, 2024 8:23 AM","(-) Expense","33.50","Food","Primary","filter coffee"
"Apr 03, 2024 8:52 AM","(-) Expense","29.00","Transportation","Primary","bus"
"Apr 03, 2024 1:07 PM","(-) Expense","157.00","Food","Primary","thali"
"Apr 03, 2024 7:10 PM","(-) Expense","30.00","Transportation","Primary","bus"
"Apr 03, 2024 9:02 PM","(-) Expense","287.00","Food","Primary","weekend brunch"
"Apr 04, 2024 7:02 AM","(-) Expense","52.50","Sport","Primary","sports drink"
"Apr 04, 2024 8:18 AM","(-) Expense","14.00","Food","Primary","tea"
"Apr 04, 2024 8:51 AM","(-) Expense","53.00","Transportation","Metro","metro"
"Apr 04, 2024 1:07 PM","(-) Expense","126.00","Food","Primary","lunch"
"Apr 04, 2024 4:03 PM","(-) Expense","1544.00","Shopping","Primary","earphones"
"Apr 04, 2024 7:10 PM","(-) Expense","55.00","Transportation","Metro","metro"
"Apr 05, 2024 8:18 AM","(-) Expense","10.50","Food","Primary","cutting chai"
"Apr 05, 2024 8:53 AM","(-) Expense","40.00","Transportation","Metro","metro"
"Apr 05, 2024 11:18 AM","(-) Expense","645.00","Bills","Primary","wifi"
"Apr 05, 2024 1:04 PM","(-) Expense","85.00","Food","Primary","lunch"
"Apr 05, 2024 4:42 PM","(-) Expense","41.00","Food","Cash","poha"
"Apr 05, 2024 7:13 PM","(-) Expense","46.00","Transportation","Metro","metro"
"Apr 06, 2024 7:00 AM","(-) Expense","187.50","Sport","Primary","gym day pass"
"Apr 06, 2024 11:27 AM","(-) Expense","817.50","Ration","Primary","grocery restock"
"Apr 06, 2024 11:35 AM","(-) Expense","389.00","Ration","Primary","weekly veggies"
"Apr 06, 2024 1:05 PM","(-) Expense","439.00","Food","Primary","weekend brunch"
"Apr 06, 2024 4:39 PM","(-) Expense","60.00","Food","Primary","juice"
"Apr 07, 2024 11:06 AM","(-) Expense","120.00","Ration","Primary","milk and curd"
"Apr 07, 2024 11:08 AM","(-) Expense","371.00","Ration","Primary","weekly veggies"
"Apr 07, 2024 11:10 AM","(-) Expense","878.00","Ration","Primary","grocery restock"
"Apr 07, 2024 11:13 AM","(-) Expense","242.50","Ration","Primary","rice and dal"
"Apr 07, 2024 11:23 AM","(-) Expense","96.50","Ration","Primary","milk and curd"
"Apr 07, 2024 4:43 PM","(-) Expense","31.00","Food","Cash","idli"
"Apr 07, 2024 9:00 PM","(-) Expense","435.00","Food","Primary","weekend brunch"
"Apr 08, 2024 8:21 AM","(-) Expense","31.00","Food","Primary","filter coffee"
"Apr 08, 2024 8:52 AM","(-) Expense","30.00","Transportation","Primary","bus"
"Apr 08, 2024 12:11 PM","(-) Expense","1107.00","Bills","Primary","electricity"
"Apr 08, 2024 1:04 PM","(-) Expense","77.00","Food","Primary","office cafeteria"
"Apr 08, 2024 4:41 PM","(-) Expense","29.50","Food","Cash","water bottle"
"Apr 08, 2024 5:01 PM","(-) Expense","1335.50","Clothing","Primary","jeans"
"Apr 08, 2024 7:13 PM","(-) Expense","26.00","Transportation","Primary","bus"
"Apr 09, 2024 8:21 AM","(-) Expense","13.00","Food","Primary","tea"
"Apr 09, 2024 8:49 AM","(-) Expense","18.00","Transportation","Primary","bus"
"Apr 09, 2024 1:06 PM","(-) Expense","106.00","Food","Primary","lunch"
"Apr 09, 2024 7:10 PM","(-) Expense","29.00","Transportation","Primary","bus"
"Apr 10, 2024 8:22 AM","(-) Expense","12.00","Food","Cash","cutting chai"
"Apr 10, 2024 8:52 AM","(-) Expense","40.00","Transportation","Primary","metro"
"Apr 10, 2024 1:07 PM","(-) Expense","54.00","Food","Primary","idli"
"Apr 10, 2024 4:41 PM","(-) Expense","31.00","Food","Primary","filter coffee"
"Apr 10, 2024 7:13 PM","(-) Expense","34.00","Transportation","Primary","metro"
"Apr 11, 2024 7:00 AM","(-) Expense","198.00","Sport","Primary","gym day pass"
"Apr 11, 2024 8:18 AM","(-) Expense","11.00","Food","Cash","cutting chai"
"Apr 11, 2024 8:52 AM","(-) Expense","35.00","Transportation","Metro","metro"
"Apr 11, 2024 4:42 PM","(-) Expense","83.50","Food","Cash","dosa"
"Apr 11, 2024 7:13 PM","(-) Expense","44.00","Transportation","Metro","metro"
"Apr 12, 2024 8:22 AM","(-) Expense","11.50","Food","Primary","cutting chai"
"Apr 12, 2024 8:52 AM","(-) Expense","53.00","Transportation","Metro","metro"
"Apr 12, 2024 1:02 PM","(-) Expense","105.00","Food","Primary","office cafeteria"
"Apr 12, 2024 4:42 PM","(-) Expense","21.00","Food","Cash","water bottle"
"Apr 12, 2024 6:32 PM","(-) Expense","318.00","Telephone","Primary","prepaid top-up"
"Apr 12, 2024 7:07 PM","(-) Expense","42.00","Transportation","Metro","metro"
"Apr 13, 2024 8:21 AM","(-) Expense","11.50","Food","Cash","cutting chai"
"Apr 13, 2024 11:06 AM","(-) Expense","73.00","Ration","Primary","eggs pack"
"Apr 13, 2024 11:14 AM","(-) Expense","96.00","Ration","Primary","milk and curd"
"Apr 13, 2024 11:17 AM","(-) Expense","420.00","Ration","Primary","grocery restock"
"Apr 13, 2024 1:06 PM","(-) Expense","204.00","Food","Primary","thali"
"Apr 13, 2024 6:21 PM","(-) Expense","274.50","Entertainment","Primary","movie"
"Apr 13, 2024 8:08 PM","(-) Expense","380.50","Social","Primary","friend birthday gift"
"Apr 14, 2024 1:06 PM","(-) Expense","384.00","Food","Primary","outside dinner"
"Apr 14, 2024 8:09 PM","(-) Expense","132.00","Social","Primary","festival sweets"
"Apr 14, 2024 9:00 PM","(-) Expense","91.00","Food","Primary","office cafeteria"
"Apr 15, 2024 8:22 AM","(-) Expense","11.00","Food","Primary","cutting chai"
"Apr 15, 2024 8:51 AM","(-) Expense","52.00","Transportation","Metro","metro"
"Apr 15, 2024 1:04 PM","(-) Expense","90.00","Food","Primary","lunch"
"Apr 15, 2024 2:00 PM","(-) Expense","1068.00","Education","Primary","exam fee"
"Apr 15, 2024 4:39 PM","(-) Expense","30.00","Food","Cash","filter coffee"
"Apr 15, 2024 7:13 PM","(-) Expense","49.00","Transportation","Metro","metro"
"Apr 15, 2024 8:05 PM","(*) Transfer","8641.00","-","Primary->Credit","credit card payment"
"Apr 16, 2024 7:02 AM","(-) Expense","63.00","Sport","Primary","swimming"
"Apr 16, 2024 8:19 AM","(-) Expense","30.50","Food","Cash","filter coffee"
"Apr 16, 2024 8:47 AM","(-) Expense","43.50","Transportation","Metro","metro"
"Apr 16, 2024 1:06 PM","(-) Expense","85.00","Food","Primary","dosa"
"Apr 16, 2024 7:09 PM","(-) Expense","56.00","Transportation","Metro","metro"
"Apr 17, 2024 8:19 AM","(-) Expense","14.00","Food","Primary","tea"
"Apr 17, 2024 8:51 AM","(-) Expense","34.00","Transportation","Primary","bus"
"Apr 17, 2024 1:08 PM","(-) Expense","107.00","Food","Primary","thali"
"Apr 17, 2024 7:09 PM","(-) Expense","28.00","Transportation","Primary","bus"
"Apr 18, 2024 8:10 AM","(*) Transfer","403.00","-","Primary->Metro","metro card top-up"
"Apr 18, 2024 8:22 AM","(-) Expense","33.00","Food","Primary","filter coffee"
"Apr 18, 2024 8:53 AM","(-) Expense","55.00","Transportation","Metro","metro"
"Apr 18, 2024 1:07 PM","(-) Expense","74.00","Food","Primary","dosa"
"Apr 18, 2024 7:12 PM","(-) Expense","47.00","Transportation","Metro","metro"
"Apr 19, 2024 8:19 AM","(-) Expense","34.00","Food","Primary","filter coffee"
"Apr 19, 2024 8:50 AM","(-) Expense","37.00","Transportation","Metro","metro"
"Apr 19, 2024 1:08 PM","(-) Expense","85.50","Food","Primary","dosa"
"Apr 19, 2024 4:00 PM","(-) Expense","95.00","Shopping","Primary","stationery"
"Apr 19, 2024 7:11 PM","(-) Expense","40.00","Transportation","Metro","metro"
"Apr 20, 2024 8:17 AM","(-) Expense","11.00","Food","Primary","tea"
"Apr 20, 2024 1:04 PM","(-) Expense","110.00","Food","Primary","burger"
"Apr 20, 2024 4:39 PM","(-) Expense","44.00","Food","Primary","fruit salad"
"Apr 20, 2024 5:43 PM","(*) Transfer","1169.00","-","Primary->Cash","atm cash"
"Apr 20, 2024 6:19 PM","(-) Expense","868.00","Entertainment","Primary","concert ticket"
"Apr 20, 2024 9:02 PM","(-) Expense","308.00","Food","Primary","pizza"
"Apr 21, 2024 8:19 AM","(-) Expense","11.50","Food","Primary","cutting chai"
"Apr 21, 2024 11:16 AM","(-) Expense","244.00","Ration","Primary","chicken"
"Apr 21, 2024 11:29 AM","(-) Expense","265.00","Ration","Primary","chicken"
"Apr 21, 2024 1:03 PM","(-) Expense","91.00","Food","Primary","burger"
"Apr 21, 2024 4:39 PM","(-) Expense","11.00","Food","Cash","cutting chai"
"Apr 21, 2024 6:23 PM","(-) Expense","266.00","Entertainment","Primary","movie"
"Apr 22, 2024 8:48 AM","(-) Expense","40.00","Transportation","Metro","metro"
"Apr 22, 2024 1:05 PM","(-) Expense","113.00","Food","Primary","lunch"
"Apr 22, 2024 7:08 PM","(-) Expense","41.00","Transportation","Metro","metro"
"Apr 22, 2024 9:00 PM","(-) Expense","320.00","Food","Primary","pizza"
"Apr 23, 2024 7:02 AM","(-) Expense","78.00","Sport","Primary","swimming"
"Apr 23, 2024 8:22 AM","(-) Expense","14.00","Food","Cash","tea"
"Apr 23, 2024 8:48 AM","(-) Expense","45.00","Transportation","Metro","metro"
"Apr 23, 2024 1:04 PM","(-) Expense","91.50","Food","Primary","office cafeteria"
"Apr 23, 2024 7:07 PM","(-) Expense","42.00","Transportation","Metro","metro"
"Apr 24, 2024 8:17 AM","(-) Expense","10.00","Food","Primary","tea"
"Apr 24, 2024 8:53 AM","(-) Expense","44.00","Transportation","Metro","metro"
"Apr 24, 2024 1:04 PM","(-) Expense","86.00","Food","Primary","dosa"
"Apr 24, 2024 7:08 PM","(-) Expense","48.50","Transportation","Metro","metro"
"Apr 25, 2024 7:01 AM","(-) Expense","68.00","Sport","Primary","sports drink"
"Apr 25, 2024 8:17 AM","(-) Expense","14.00","Food","Primary","tea"
"Apr 25, 2024 8:50 AM","(-) Expense","28.50","Transportation","Primary","bus"
"Apr 25, 2024 1:05 PM","(-) Expense","72.00","Food","Primary","dosa"
"Apr 25, 2024 9:00 PM","(-) Expense","137.00","Food","Primary","lunch"
"Apr 26, 2024 8:19 AM","(-) Expense","15.00","Food","Primary","tea"
"Apr 26, 2024 8:53 AM","(-) Expense","44.00","Transportation","Primary","metro"
"Apr 26, 2024 1:04 PM","(-) Expense","79.00","Food","Primary","dosa"
"Apr 26, 2024 7:12 PM","(-) Expense","52.00","Transportation","Primary","metro"
"Apr 27, 2024 7:00 AM","(-) Expense","73.00","Sport","Primary","sports drink"
"Apr 27, 2024 8:22 AM","(-) Expense","11.50","Food","Cash","cutting chai"
"Apr 27, 2024 1:03 PM","(-) Expense","627.00","Food","Primary","outside dinner"
"Apr 27, 2024 4:42 PM","(-) Expense","22.00","Food","Cash","biscuit"
"Apr 27, 2024 9:00 PM","(-) Expense","95.00","Food","Primary","burger"
"Apr 28, 2024 8:22 AM","(-) Expense","35.00","Food","Cash","filter coffee"
"Apr 28, 2024 11:07 AM","(-) Expense","357.00","Ration","Primary","weekly veggies"
"Apr 28, 2024 11:10 AM","(-) Expense","89.00","Ration","Primary","milk and curd"
"Apr 28, 2024 1:06 PM","(-) Expense","90.00","Food","Primary","lunch"
"Apr 28, 2024 4:43 PM","(-) Expense","14.00","Food","Cash","tea"
"Apr 28, 2024 8:10 PM","(-) Expense","139.00","Social","Primary","festival sweets"
"Apr 29, 2024 8:18 AM","(-) Expense","10.00","Food","Cash","tea"
"Apr 29, 2024 8:52 AM","(-) Expense","47.50","Transportation","Metro","metro"
"Apr 29, 2024 1:04 PM","(-) Expense","106.00","Food","Primary","thali"
"Apr 29, 2024 4:37 PM","(-) Expense","29.00","Food","Primary","filter coffee"
"Apr 29, 2024 7:07 PM","(-) Expense","50.00","Transportation","Metro","metro"
"Apr 30, 2024 7:02 AM","(-) Expense","51.00","Sport","Primary","sports drink"
"Apr 30, 2024 8:53 AM","(-) Expense","33.00","Transportation","Primary","bus"
"Apr 30, 2024 1:03 PM","(-) Expense","131.00","Food","Primary","thali"
"Apr 30, 2024 7:13 PM","(-) Expense","34.00","Transportation","Primary","bus"
"May 01, 2024 8:51 AM","(-) Expense","50.00","Transportation","Metro","metro"
"May 01, 2024 9:18 AM","(+) Income","48000.00","Salary","Primary","monthly salary"
"May 01, 2024 9:42 AM","(*) Transfer","12456.00","-","Primary->Savings","monthly save"
"May 01, 2024 1:07 PM","(-) Expense","75.00","Food","Primary","office cafeteria"
"May 01, 2024 4:37 PM","(-) Expense","69.00","Food","Cash","ice cream"
"May 01, 2024 7:07 PM","(-) Expense","52.00","Transportation","Metro","metro"
"May 01, 2024 9:00 PM","(-) Expense","412.00","Food","Primary","pizza"
"May 02, 2024 7:00 AM","(-) Expense","356.00","Sport","Primary","badminton court"
"May 02, 2024 8:20 AM","(-) Expense","11.00","Food","Primary","cutting chai"
"May 02, 2024 8:52 AM","(-) Expense","45.00","Transportation","Primary","metro"
"May 02, 2024 10:08 AM","(-) Expense","9449.00","Home","Primary","rent share"
"May 02, 2024 1:02 PM","(-) Expense","125.50","Food","Primary","lunch"
"May 02, 2024 4:40 PM","(-) Expense","11.50","Food","Primary","cutting chai"
"May 02, 2024 7:08 PM","(-) Expense","31.00","Transportation","Primary","metro"
"May 03, 2024 8:13 AM","(*) Transfer","327.00","-","Primary->Metro","metro card top-up"
"May 03, 2024 8:21 AM","(-) Expense","11.00","Food","Primary","cutting chai"
"May 03, 2024 8:47 AM","(-) Expense","43.00","Transportation","Metro","metro"
"May 03, 2024 1:06 PM","(-) Expense","83.50","Food","Primary","dosa"
"May 03, 2024 4:42 PM","(-) Expense","43.00","Food","Cash","idli"
"May 03, 2024 7:08 PM","(-) Expense","40.00","Transportation","Metro","metro"
"May 04, 2024 7:01 AM","(-) Expense","48.00","Sport","Primary","sports drink"
"May 04, 2024 8:18 AM","(-) Expense","11.00","Food","Cash","cutting chai"
"May 04, 2024 11:05 AM","(-) Expense","80.50","Ration","Primary","eggs pack"
"May 04, 2024 11:11 AM","(-) Expense","83.00","Ration","Primary","eggs pack"
"May 04, 2024 11:31 AM","(-) Expense","359.00","Ration","Primary","chicken"
"May 04, 2024 11:35 AM","(-) Expense","107.00","Ration","Primary","milk and curd"
"May 04, 2024 1:03 PM","(-) Expense","555.00","Food","Primary","outside dinner"
"May 04, 2024 4:41 PM","(-) Expense","10.50","Food","Primary","biscuit"
"May 04, 2024 6:18 PM","(-) Expense","2173.00","Entertainment","Primary","concert ticket"
"May 04, 2024 9:00 PM","(-) Expense","121.00","Food","Primary","thali"
"May 05, 2024 8:22 AM","(-) Expense","32.00","Food","Cash","filter coffee"
"May 05, 2024 11:23 AM","(-) Expense","538.00","Bills","Primary","wifi"
"May 05, 2024 1:03 PM","(-) Expense","176.50","Food","Primary","thali"
"May 05, 2024 4:38 PM","(-) Expense","14.00","Food","Primary","tea"
"May 06, 2024 8:23 AM","(-) Expense","33.00","Food","Primary","filter coffee"
"May 06, 2024 8:50 AM","(-) Expense","31.00","Transportation","Primary","metro"
"May 06, 2024 1:08 PM","(-) Expense","75.00","Food","Primary","dosa"
"May 06, 2024 4:41 PM","(-) Expense","68.00","Food","Primary","dosa"
"May 06, 2024 7:13 PM","(-) Expense","45.00","Transportation","Primary","metro"
"May 06, 2024 9:02 PM","(-) Expense","159.00","Food","Primary","lunch"
"May 07, 2024 7:00 AM","(-) Expense","65.00","Sport","Primary","swimming"
"May 07, 2024 8:50 AM","(-) Expense","24.00","Transportation","Primary","bus"
"May 07, 2024 1:08 PM","(-) Expense","53.00","Food","Primary","idli"
"May 07, 2024 4:41 PM","(-) Expense","39.50","Food","Primary","idli"
"May 07, 2024 7:07 PM","(-) Expense","16.50","Transportation","Primary","bus"
"May 08, 2024 8:49 AM","(-) Expense","28.00","Transportation","Primary","bus"
"May 08, 2024 12:08 PM","(-) Expense","643.50","Bills","Primary","electricity"
"May 08, 2024 1:06 PM","(-) Expense","46.50","Food","Primary","idli"
"May 08, 2024 4:37 PM","(-) Expense","14.00","Food","Primary","tea"
"May 08, 2024 7:10 PM","(-) Expense","16.50","Transportation","Primary","bus"
"May 09, 2024 7:03 AM","(-) Expense","74.00","Sport","Primary","sports drink"
"May 09, 2024 8:51 AM","(-) Expense","35.00","Transportation","Metro","metro"
"May 09, 2024 1:02 PM","(-) Expense","112.00","Food","Primary","thali"
"May 09, 2024 4:39 PM","(-) Expense","49.00","Food","Primary","ice cream"
"May 09, 2024 7:08 PM","(-) Expense","38.00","Transportation","Metro","metro"
"May 10, 2024 8:18 AM","(-) Expense","15.00","Food","Primary","tea"
"May 10, 2024 8:47 AM","(-) Expense","21.00","Transportation","Primary","bus"
"May 10, 2024 1:04 PM","(-) Expense","51.00","Food","Primary","idli"
"May 10, 2024 4:39 PM","(-) Expense","45.00","Food","Primary","fruit salad"
"May 10, 2024 7:07 PM","(-) Expense","29.00","Transportation","Primary","bus"
"May 10, 2024 9:01 PM","(-) Expense","165.00","Food","Primary","dinner"
"May 11, 2024 8:17 AM","(-) Expense","13.00","Food","Cash","tea"
"May 11, 2024 11:06 AM","(-) Expense","884.00","Ration","Primary","grocery restock"
"May 11, 2024 11:22 AM","(-) Expense","370.50","Ration","Primary","chicken"
"May 11, 2024 11:30 AM","(-) Expense","295.00","Ration","Primary","rice and dal"
"May 11, 2024 12:00 PM","(+) Income","65.00","Refunds","Primary","cashback"
"May 11, 2024 1:02 PM","(-) Expense","553.00","Food","Primary","outside dinner"
"May 12, 2024 8:21 AM","(-) Expense","35.00","Food","Cash","filter coffee"
"May 12, 2024 4:40 PM","(-) Expense","55.00","Food","Primary","juice"
"May 12, 2024 6:33 PM","(-) Expense","362.50","Telephone","Primary","prepaid top-up"
"May 12, 2024 8:11 PM","(-) Expense","180.00","Social","Primary","team lunch share"
"May 12, 2024 9:02 PM","(-) Expense","97.50","Food","Primary","burger"
"May 13, 2024 8:21 AM","(-) Expense","11.00","Food","Primary","tea"
"May 13, 2024 8:47 AM","(-) Expense","49.00","Transportation","Metro","metro"
"May 13, 2024 1:04 PM","(-) Expense","81.50","Food","Primary","office cafeteria"
"May 13, 2024 7:12 PM","(-) Expense","49.00","Transportation","Metro","metro"
"May 14, 2024 7:00 AM","(-) Expense","80.00","Sport","Primary","swimming"
"May 14, 2024 8:48 AM","(-) Expense","45.50","Transportation","Metro","metro"
"May 14, 2024 1:05 PM","(-) Expense","144.00","Food","Primary","lunch"
"May 14, 2024 4:37 PM","(-) Expense","36.00","Food","Primary","juice"
"May 14, 2024 7:10 PM","(-) Expense","57.00","Transportation","Metro","metro"
"May 15, 2024 8:17 AM","(-) Expense","13.00","Food","Cash","tea"
"May 15, 2024 8:47 AM","(-) Expense","52.00","Transportation","Primary","metro"
"May 15, 2024 1:03 PM","(-) Expense","69.00","Food","Primary","idli"
"May 15, 2024 7:07 PM","(-) Expense","48.00","Transportation","Primary","metro"
"May 15, 2024 8:06 PM","(*) Transfer","6279.00","-","Primary->Credit","credit card payment"
"May 16, 2024 8:47 AM","(-) Expense","26.50","Transportation","Primary","bus"
"May 16, 2024 1:05 PM","(-) Expense","58.00","Food","Primary","idli"
"May 16, 2024 4:41 PM","(-) Expense","26.00","Food","Cash","filter coffee"
"May 16, 2024 7:13 PM","(-) Expense","19.00","Transportation","Primary","bus"
"May 17, 2024 8:47 AM","(-) Expense","17.50","Transportation","Primary","bus"
"May 17, 2024 1:03 PM","(-) Expense","162.00","Food","Primary","thali"
"May 17, 2024 4:42 PM","(-) Expense","12.00","Food","Primary","tea"
"May 17, 2024 7:08 PM","(-) Expense","22.00","Transportation","Primary","bus"
"May 18, 2024 7:00 AM","(-) Expense","145.00","Sport","Primary","gym day pass"
"May 18, 2024 4:00 PM","(-) Expense","69.50","Shopping","Primary","stationery"
"May 18, 2024 4:40 PM","(-) Expense","50.00","Food","Primary","juice"
"May 18, 2024 8:09 PM","(-) Expense","210.50","Social","Primary","friend birthday gift"
"May 18, 2024 9:03 PM","(-) Expense","129.00","Food","Primary","lunch"
"May 19, 2024 8:19 AM","(-) Expense","25.00","Food","Primary","filter coffee"
"May 19, 2024 1:05 PM","(-) Expense","353.00","Food","Primary","pizza"
"May 19, 2024 8:11 PM","(-) Expense","126.00","Social","Primary","festival sweets"
"May 20, 2024 1:04 PM","(-) Expense","151.00","Food","Primary","lunch"
"May 20, 2024 4:37 PM","(-) Expense","19.00","Food","Primary","samosa"
"May 20, 2024 5:47 PM","(*) Transfer","2805.00","-","Primary->Cash","atm cash"
"May 21, 2024 7:00 AM","(-) Expense","132.00","Sport","Primary","swimming"
"May 21, 2024 8:47 AM","(-) Expense","50.00","Transportation","Metro","metro"
"May 21, 2024 1:02 PM","(-) Expense","86.00","Food","Primary","office cafeteria"
"May 21, 2024 4:43 PM","(-) Expense","38.00","Food","Primary","egg puff"
"May 21, 2024 7:10 PM","(-) Expense","60.00","Transportation","Metro","metro"
"May 21, 2024 9:00 PM","(-) Expense","217.00","Food","Primary","thali"
"May 22, 2024 8:17 AM","(-) Expense","15.00","Food","Primary","tea"
"May 22, 2024 8:53 AM","(-) Expense","27.00","Transportation","Primary","bus"
"May 22, 2024 1:07 PM","(-) Expense","54.00","Food","Primary","dosa"
"May 22, 2024 4:38 PM","(-) Expense","20.00","Food","Cash","filter coffee"
"May 22, 2024 7:07 PM","(-) Expense","21.00","Transportation","Primary","bus"
"May 23, 2024 8:19 AM","(-) Expense","26.00","Food","Cash","filter coffee"
"May 23, 2024 8:48 AM","(-) Expense","21.00","Transportation","Primary","bus"
"May 23, 2024 1:07 PM","(-) Expense","100.00","Food","Primary","lunch"
"May 23, 2024 4:41 PM","(-) Expense","11.00","Food","Cash","tea"
"May 23, 2024 7:11 PM","(-) Expense","27.00","Transportation","Primary","bus"
"May 23, 2024 9:00 PM","(-) Expense","119.00","Food","Primary","burger"
"May 24, 2024 8:22 AM","(-) Expense","13.00","Food","Primary","tea"
"May 24, 2024 8:49 AM","(-) Expense","54.00","Transportation","Metro","metro"
"May 24, 2024 1:02 PM","(-) Expense","114.00","Food","Primary","thali"
"May 24, 2024 4:43 PM","(-) Expense","56.00","Food","Primary","juice"
"May 24, 2024 7:10 PM","(-) Expense","43.00","Transportation","Metro","metro"
"May 25, 2024 8:23 AM","(-) Expense","10.00","Food","Primary","tea"
"May 25, 2024 4:39 PM","(-) Expense","30.00","Food","Primary","water bottle"
"May 25, 2024 9:03 PM","(-) Expense","115.50","Food","Primary","lunch"
"May 26, 2024 1:04 PM","(-) Expense","175.00","Food","Primary","dinner"
"May 26, 2024 8:12 PM","(-) Expense","1216.00","Social","Primary","wedding gift"
"May 27, 2024 8:20 AM","(-) Expense","34.00","Food","Primary","filter coffee"
"May 27, 2024 8:49 AM","(-) Expense","57.00","Transportation","Metro","metro"
"May 27, 2024 1:05 PM","(-) Expense","154.00","Food","Primary","lunch"
"May 27, 2024 7:11 PM","(-) Expense","59.50","Transportation","Metro","metro"
"May 28, 2024 7:00 AM","(-) Expense","192.00","Sport","Primary","gym day pass"
"May 28, 2024 8:20 AM","(-) Expense","11.00","Food","Cash","cutting chai"
"May 28, 2024 8:48 AM","(-) Expense","39.00","Transportation","Metro","metro"
"May 28, 2024 1:03 PM","(-) Expense","88.00","Food","Primary","dosa"
"May 28, 2024 4:38 PM","(-) Expense","24.50","Food","Cash","water bottle"
"May 28, 2024 9:00 PM","(-) Expense","403.00","Food","Primary","pizza"
"May 29, 2024 8:17 AM","(-) Expense","11.50","Food","Primary","tea"
"May 29, 2024 8:53 AM","(-) Expense","41.00","Transportation","Metro","metro"
"May 29, 2024 1:05 PM","(-) Expense","137.50","Food","Primary","thali"
"May 29, 2024 4:37 PM","(-) Expense","39.00","Food","Primary","egg puff"
"May 29, 2024 7:09 PM","(-) Expense","43.00","Transportation","Metro","metro"
"May 30, 2024 7:00 AM","(-) Expense","49.00","Sport","Primary","sports drink"
"May 30, 2024 8:22 AM","(-) Expense","20.00","Food","Cash","filter coffee"
"May 30, 2024 8:53 AM","(-) Expense","16.00","Transportation","Primary","bus"
"May 30, 2024 12:01 PM","(+) Income","446.00","Refunds","Primary","cashback"
"May 30, 2024 1:05 PM","(-) Expense","77.50","Food","Primary","dosa"
"May 30, 2024 4:42 PM","(-) Expense","17.50","Food","Primary","biscuit"
"May 30, 2024 7:12 PM","(-) Expense","17.00","Transportation","Primary","bus"
"May 30, 2024 7:31 PM","(-) Expense","306.00","gift","Primary","return gift"
"May 31, 2024 8:20 AM","(-) Expense","12.00","Food","Primary","tea"
"May 31, 2024 8:48 AM","(-) Expense","31.50","Transportation","Primary","bus"
"May 31, 2024 1:05 PM","(-) Expense","92.00","Food","Primary","lunch"
"May 31, 2024 4:42 PM","(-) Expense","22.00","Food","Primary","water bottle"
"May 31, 2024 7:13 PM","(-) Expense","27.00","Transportation","Primary","bus"
"May 31, 2024 9:00 PM","(-) Expense","322.00","Food","Primary","weekend brunch"
"Jun 01, 2024 7:00 AM","(-) Expense","166.00","Sport","Primary","gym day pass"
"Jun 01, 2024 8:22 AM","(-) Expense","11.00","Food","Primary","cutting chai"
"Jun 01, 2024 9:13 AM","(+) Income","48000.00","Salary","Primary","monthly salary"
"Jun 01, 2024 9:41 AM","(*) Transfer","8196.00","-","Primary->Savings","monthly save"
"Jun 01, 2024 11:07 AM","(-) Expense","323.00","Ration","Primary","chicken"
"Jun 01, 2024 11:07 AM","(-) Expense","792.00","Ration","Primary","grocery restock"
"Jun 01, 2024 11:10 AM","(-) Expense","63.00","Ration","Primary","bread and butter"
"Jun 01, 2024 11:40 AM","(-) Expense","490.00","Ration","Primary","grocery restock"
"Jun 01, 2024 1:03 PM","(-) Expense","317.00","Food","Primary","pizza"
"Jun 01, 2024 4:39 PM","(-) Expense","11.00","Food","Cash","cutting chai"
"Jun 01, 2024 6:17 PM","(-) Expense","161.00","Entertainment","Primary","cafe hangout"
"Jun 01, 2024 8:12 PM","(-) Expense","263.50","Social","Primary","friend birthday gift"
"Jun 02, 2024 10:03 AM","(-) Expense","10456.00","Home","Primary","rent share"
"Jun 02, 2024 4:37 PM","(-) Expense","15.50","Food","Primary","samosa"
"Jun 02, 2024 9:00 PM","(-) Expense","112.00","Food","Primary","lunch"
"Jun 03, 2024 8:13 AM","(*) Transfer","437.00","-","Primary->Metro","metro card top-up"
"Jun 03, 2024 8:17 AM","(-) Expense","11.50","Food","Cash","cutting chai"
"Jun 03, 2024 8:51 AM","(-) Expense","26.00","Transportation","Primary","bus"
"Jun 03, 2024 1:08 PM","(-) Expense","82.50","Food","Primary","office cafeteria"
"Jun 03, 2024 4:41 PM","(-) Expense","48.00","Food","Primary","idli"
"Jun 03, 2024 7:12 PM","(-) Expense","34.00","Transportation","Primary","bus"
"Jun 04, 2024 8:18 AM","(-) Expense","12.00","Food","Primary","cutting chai"
"Jun 04, 2024 8:52 AM","(-) Expense","22.00","Transportation","Primary","bus"
"Jun 04, 2024 1:06 PM","(-) Expense","62.00","Food","Primary","dosa"
"Jun 04, 2024 4:41 PM","(-) Expense","27.00","Food","Cash","filter coffee"
"Jun 04, 2024 7:09 PM","(-) Expense","16.00","Transportation","Primary","bus"
"Jun 04, 2024 9:00 PM","(-) Expense","265.00","Food","Primary","pizza"
"Jun 05, 2024 8:17 AM","(-) Expense","15.00","Food","Primary","tea"
"Jun 05, 2024 8:50 AM","(-) Expense","54.00","Transportation","Primary","metro"
"Jun 05, 2024 11:17 AM","(-) Expense","741.00","Bills","Primary","wifi"
"Jun 05, 2024 1:04 PM","(-) Expense","63.50","Food","Primary","idli"
"Jun 05, 2024 4:37 PM","(-) Expense","14.00","Food","Primary","tea"
"Jun 05, 2024 7:07 PM","(-) Expense","42.00","Transportation","Primary","metro"
"Jun 06, 2024 7:00 AM","(-) Expense","68.00","Sport","Primary","swimming"
"Jun 06, 2024 8:17 AM","(-) Expense","14.50","Food","Cash","tea"
"Jun 06, 2024 8:47 AM","(-) Expense","36.00","Transportation","Metro","metro"
"Jun 06, 2024 1:02 PM","(-) Expense","90.00","Food","Primary","dosa"
"Jun 06, 2024 7:10 PM","(-) Expense","48.50","Transportation","Metro","metro"
"Jun 07, 2024 8:18 AM","(-) Expense","27.50","Food","Primary","filter coffee"
"Jun 07, 2024 8:49 AM","(-) Expense","53.50","Transportation","Metro","metro"
"Jun 07, 2024 1:06 PM","(-) Expense","54.00","Food","Primary","dosa"
"Jun 07, 2024 4:40 PM","(-) Expense","14.00","Food","Cash","biscuit"
"Jun 07, 2024 7:12 PM","(-) Expense","36.00","Transportation","Metro","metro"
"Jun 08, 2024 11:00 AM","(-) Expense","503.00","Ration","Primary","grocery restock"
"Jun 08, 2024 11:02 AM","(-) Expense","171.00","Ration","Primary","fruits"
"Jun 08, 2024 11:30 AM","(-) Expense","336.50","Ration","Primary","chicken"
"Jun 08, 2024 11:31 AM","(-) Expense","326.00","Ration","Primary","chicken"
"Jun 08, 2024 11:35 AM","(-) Expense","80.00","Ration","Primary","bread and butter"
"Jun 08, 2024 12:12 PM","(-) Expense","952.00","Bills","Primary","electricity"
"Jun 08, 2024 1:04 PM","(-) Expense","108.00","Food","Primary","lunch"
"Jun 08, 2024 6:21 PM","(-) Expense","297.00","Entertainment","Primary","movie"
"Jun 08, 2024 9:03 PM","(-) Expense","229.00","Food","Primary","biryani"
"Jun 09, 2024 8:18 AM","(-) Expense","10.00","Food","Primary","cutting chai"
"Jun 09, 2024 9:03 PM","(-) Expense","108.00","Food","Primary","office cafeteria"
"Jun 10, 2024 8:17 AM","(-) Expense","12.00","Food","Primary","tea"
"Jun 10, 2024 1:03 PM","(-) Expense","66.00","Food","Primary","dosa"
"Jun 10, 2024 4:41 PM","(-) Expense","15.00","Food","Cash","biscuit"
"Jun 11, 2024 7:00 AM","(-) Expense","46.00","Sport","Primary","sports drink"
"Jun 11, 2024 8:21 AM","(-) Expense","14.00","Food","Cash","tea"
"Jun 11, 2024 8:52 AM","(-) Expense","60.00","Transportation","Metro","metro"
"Jun 11, 2024 1:03 PM","(-) Expense","64.00","Food","Primary","dosa"
"Jun 11, 2024 4:37 PM","(-) Expense","29.00","Food","Cash","egg puff"
"Jun 11, 2024 7:13 PM","(-) Expense","57.00","Transportation","Metro","metro"
"Jun 12, 2024 8:21 AM","(-) Expense","10.00","Food","Cash","cutting chai"
"Jun 12, 2024 8:51 AM","(-) Expense","54.50","Transportation","Metro","metro"
"Jun 12, 2024 1:02 PM","(-) Expense","156.50","Food","Primary","lunch"
"Jun 12, 2024 6:28 PM","(-) Expense","273.00","Telephone","Primary","prepaid top-up"
"Jun 12, 2024 7:11 PM","(-) Expense","40.50","Transportation","Metro","metro"
"Jun 13, 2024 7:02 AM","(-) Expense","297.00","Sport","Primary","badminton court"
"Jun 13, 2024 8:19 AM","(-) Expense","10.00","Food","Primary","cutting chai"
"Jun 13, 2024 1:03 PM","(-) Expense","136.50","Food","Primary","thali"
"Jun 13, 2024 4:40 PM","(-) Expense","34.50","Food","Cash","vada pav"
"Jun 14, 2024 8:19 AM","(-) Expense","12.00","Food","Cash","cutting chai"
"Jun 14, 2024 8:50 AM","(-) Expense","25.00","Transportation","Primary","bus"
"Jun 14, 2024 1:02 PM","(-) Expense","95.00","Food","Primary","office cafeteria"
"Jun 14, 2024 7:13 PM","(-) Expense","19.00","Transportation","Primary","bus"
"Jun 15, 2024 7:00 AM","(-) Expense","174.00","Sport","Primary","gym day pass"
"Jun 15, 2024 8:18 AM","(-) Expense","31.00","Food","Primary","filter coffee"
"Jun 15, 2024 8:06 PM","(*) Transfer","8511.50","-","Primary->Credit","credit card payment"
"Jun 16, 2024 4:41 PM","(-) Expense","13.00","Food","Primary","tea"
"Jun 16, 2024 6:19 PM","(-) Expense","162.00","Entertainment","Primary","cafe hangout"
"Jun 16, 2024 9:01 PM","(-) Expense","208.00","Food","Primary","dinner"
"Jun 17, 2024 8:51 AM","(-) Expense","45.50","Transportation","Metro","metro"
"Jun 17, 2024 1:03 PM","(-) Expense","67.00","Food","Primary","idli"
"Jun 17, 2024 7:09 PM","(-) Expense","46.00","Transportation","Metro","metro"
"Jun 18, 2024 8:07 AM","(*) Transfer","380.00","-","Primary->Metro","metro card top-up"
"Jun 18, 2024 8:53 AM","(-) Expense","51.00","Transportation","Metro","metro"
"Jun 18, 2024 1:04 PM","(-) Expense","67.50","Food","Primary","idli"
"Jun 18, 2024 7:11 PM","(-) Expense","41.00","Transportation","Metro","metro"
"Jun 18, 2024 9:00 PM","(-) Expense","106.50","Food","Primary","burger"
"Jun 19, 2024 8:22 AM","(-) Expense","27.50","Food","Primary","filter coffee"
"Jun 19, 2024 8:47 AM","(-) Expense","23.50","Transportation","Primary","bus"
"Jun 19, 2024 1:07 PM","(-) Expense","130.00","Food","Primary","lunch"
"Jun 19, 2024 7:09 PM","(-) Expense","19.00","Transportation","Primary","bus"
"Jun 20, 2024 8:50 AM","(-) Expense","44.00","Transportation","Metro","metro"
"Jun 20, 2024 1:07 PM","(-) Expense","91.00","Food","Primary","office cafeteria"
"Jun 20, 2024 5:47 PM","(*) Transfer","2751.50","-","Primary->Cash","atm cash"
"Jun 20, 2024 7:10 PM","(-) Expense","47.00","Transportation","Metro","metro"
"Jun 21, 2024 8:20 AM","(-) Expense","25.00","Food","Primary","filter coffee"
"Jun 21, 2024 8:49 AM","(-) Expense","28.00","Transportation","Primary","bus"
"Jun 21, 2024 1:06 PM","(-) Expense","52.00","Food","Primary","idli"
"Jun 21, 2024 4:38 PM","(-) Expense","38.50","Food","Cash","egg puff"
"Jun 21, 2024 7:08 PM","(-) Expense","30.00","Transportation","Primary","bus"
"Jun 22, 2024 7:02 AM","(-) Expense","102.00","Sport","Primary","gym day pass"
"Jun 22, 2024 8:17 AM","(-) Expense","25.00","Food","Primary","filter coffee"
"Jun 22, 2024 1:06 PM","(-) Expense","131.00","Food","Primary","dinner"
"Jun 23, 2024 8:18 AM","(-) Expense","24.00","Food","Primary","filter coffee"
"Jun 23, 2024 11:00 AM","(-) Expense","75.00","Ration","Primary","bread and butter"
"Jun 23, 2024 11:01 AM","(-) Expense","90.50","Ration","Primary","milk and curd"
"Jun 23, 2024 11:11 AM","(-) Expense","338.00","Ration","Primary","chicken"
"Jun 23, 2024 11:19 AM","(-) Expense","209.50","Ration","Primary","weekly veggies"
"Jun 23, 2024 1:03 PM","(-) Expense","135.00","Food","Primary","burger"
"Jun 23, 2024 4:37 PM","(-) Expense","100.00","Food","Primary","ice cream"
"Jun 23, 2024 8:07 PM","(-) Expense","334.00","Social","Primary","team lunch share"
"Jun 24, 2024 8:21 AM","(-) Expense","27.00","Food","Primary","filter coffee"
"Jun 24, 2024 8:51 AM","(-) Expense","21.00","Transportation","Primary","bus"
"Jun 24, 2024 1:04 PM","(-) Expense","63.00","Food","Primary","idli"
"Jun 24, 2024 4:37 PM","(-) Expense","16.00","Food","Cash","biscuit"
"Jun 24, 2024 7:11 PM","(-) Expense","20.00","Transportation","Primary","bus"
"Jun 25, 2024 8:20 AM","(-) Expense","13.00","Food","Cash","tea"
"Jun 25, 2024 8:47 AM","(-) Expense","55.00","Transportation","Primary","metro"
"Jun 25, 2024 1:05 PM","(-) Expense","85.00","Food","Primary","dosa"
"Jun 25, 2024 4:43 PM","(-) Expense","32.00","Food","Primary","egg puff"
"Jun 25, 2024 7:09 PM","(-) Expense","57.00","Transportation","Primary","metro"
"Jun 25, 2024 9:02 PM","(-) Expense","371.00","Food","Primary","weekend brunch"
"Jun 26, 2024 8:17 AM","(-) Expense","10.00","Food","Primary","tea"
"Jun 26, 2024 8:52 AM","(-) Expense","57.00","Transportation","Metro","metro"
"Jun 26, 2024 1:06 PM","(-) Expense","126.00","Food","Primary","thali"
"Jun 26, 2024 7:07 PM","(-) Expense","49.00","Transportation","Metro","metro"
"Jun 26, 2024 9:01 PM","(-) Expense","239.00","Food","Primary","biryani"
"Jun 27, 2024 7:01 AM","(-) Expense","46.00","Sport","Primary","sports drink"
"Jun 27, 2024 1:02 PM","(-) Expense","50.00","Food","Primary","idli"
"Jun 27, 2024 4:39 PM","(-) Expense","14.00","Food","Cash","tea"
"Jun 28, 2024 8:23 AM","(-) Expense","26.00","Food","Primary","filter coffee"
"Jun 28, 2024 8:51 AM","(-) Expense","43.00","Transportation","Metro","metro"
"Jun 28, 2024 1:04 PM","(-) Expense","57.50","Food","Primary","idli"
"Jun 28, 2024 7:09 PM","(-) Expense","51.00","Transportation","Metro","metro"
"Jun 28, 2024 7:28 PM","(-) Expense","382.00","gift","Primary","diwali gift"
"Jun 29, 2024 7:02 AM","(-) Expense","59.00","Sport","Primary","sports drink"
"Jun 29, 2024 1:03 PM","(-) Expense","131.00","Food","Primary","lunch"
"Jun 29, 2024 9:03 PM","(-) Expense","347.00","Food","Primary","outside dinner"
"Jun 30, 2024 8:19 AM","(-) Expense","30.00","Food","Primary","filter coffee"
"Jun 30, 2024 1:03 PM","(-) Expense","206.00","Food","Primary","pizza"
"Jun 30, 2024 4:39 PM","(-) Expense","52.00","Food","Primary","juice"
"Jun 30, 2024 6:22 PM","(-) Expense","2492.00","Entertainment","Primary","concert ticket"
"Jul 01, 2024 8:21 AM","(-) Expense","11.50","Food","Cash","cutting chai"
"Jul 01, 2024 9:14 AM","(+) Income","48000.00","Salary","Primary","monthly salary"
"Jul 01, 2024 9:40 AM","(*) Transfer","8235.00","-","Primary->Savings","monthly save"
"Jul 01, 2024 9:55 AM","(*) Transfer","2132.00","-","Savings->Emergency","emergency fund"
"Jul 02, 2024 7:01 AM","(-) Expense","122.00","Sport","Primary","swimming"
"Jul 02, 2024 8:52 AM","(-) Expense","48.00","Transportation","Metro","metro"
"Jul 02, 2024 10:03 AM","(-) Expense","10411.00","Home","Primary","rent share"
"Jul 02, 2024 1:07 PM","(-) Expense","107.00","Food","Primary","office cafeteria"
"Jul 02, 2024 3:30 PM","(-) Expense","1605.00","Health","Primary","lab test"
"Jul 03, 2024 8:09 AM","(*) Transfer","383.00","-","Primary->Metro","metro card top-up"
"Jul 03, 2024 8:23 AM","(-) Expense","12.00","Food","Primary","cutting chai"
"Jul 03, 2024 8:51 AM","(-) Expense","51.00","Transportation","Metro","metro"
"Jul 03, 2024 1:03 PM","(-) Expense","138.00","Food","Primary","lunch"
"Jul 04, 2024 8:23 AM","(-) Expense","10.50","Food","Primary","cutting chai"
"Jul 04, 2024 8:49 AM","(-) Expense","34.00","Transportation","Metro","metro"
"Jul 04, 2024 1:04 PM","(-) Expense","156.00","Food","Primary","thali"
"Jul 04, 2024 3:28 PM","(-) Expense","1246.00","Health","Primary","lab test"
"Jul 04, 2024 4:39 PM","(-) Expense","15.00","Food","Primary","biscuit"
"Jul 04, 2024 7:08 PM","(-) Expense","51.00","Transportation","Metro","metro"
"Jul 05, 2024 8:19 AM","(-) Expense","10.00","Food","Primary","cutting chai"
"Jul 05, 2024 11:21 AM","(-) Expense","664.50","Bills","Primary","wifi"
"Jul 05, 2024 1:05 PM","(-) Expense","78.00","Food","Primary","office cafeteria"
"Jul 05, 2024 4:00 PM","(-) Expense","100.00","Shopping","Primary","stationery"
"Jul 05, 2024 4:42 PM","(-) Expense","74.00","Food","Primary","dosa"
"Jul 06, 2024 8:21 AM","(-) Expense","11.50","Food","Primary","cutting chai"
"Jul 06, 2024 11:11 AM","(-) Expense","220.00","Ration","Primary","weekly veggies"
"Jul 06, 2024 11:30 AM","(-) Expense","263.00","Ration","Primary","chicken"
"Jul 06, 2024 1:04 PM","(-) Expense","121.00","Food","Primary","office cafeteria"
"Jul 06, 2024 4:39 PM","(-) Expense","51.50","Food","Cash","dosa"
"Jul 07, 2024 8:20 AM","(-) Expense","12.00","Food","Primary","tea"
"Jul 07, 2024 1:03 PM","(-) Expense","91.00","Food","Primary","office cafeteria"
"Jul 07, 2024 4:40 PM","(-) Expense","22.00","Food","Primary","vada pav"
"Jul 08, 2024 8:19 AM","(-) Expense","14.50","Food","Primary","tea"
"Jul 08, 2024 8:51 AM","(-) Expense","23.00","Transportation","Primary","bus"
"Jul 08, 2024 12:13 PM","(-) Expense","1334.00","Bills","Primary","electricity"
"Jul 08, 2024 1:08 PM","(-) Expense","84.00","Food","Primary","office cafeteria"
"Jul 08, 2024 4:41 PM","(-) Expense","13.00","Food","Cash","tea"
"Jul 08, 2024 7:12 PM","(-) Expense","34.00","Transportation","Primary","bus"
"Jul 08, 2024 9:00 PM","(-) Expense","261.00","Food","Primary","weekend brunch"
"Jul 09, 2024 8:20 AM","(-) Expense","30.00","Food","Cash","filter coffee"
"Jul 09, 2024 8:52 AM","(-) Expense","32.50","Transportation","Metro","metro"
"Jul 09, 2024 1:02 PM","(-) Expense","54.50","Food","Primary","idli"
"Jul 09, 2024 4:37 PM","(-) Expense","52.00","Food","Primary","fruit salad"
"Jul 09, 2024 7:07 PM","(-) Expense","34.00","Transportation","Metro","metro"
"Jul 10, 2024 8:53 AM","(-) Expense","28.00","Transportation","Primary","bus"
"Jul 10, 2024 1:05 PM","(-) Expense","41.00","Food","Primary","idli"
"Jul 10, 2024 4:40 PM","(-) Expense","35.50","Food","Primary","poha"
"Jul 10, 2024 7:12 PM","(-) Expense","27.00","Transportation","Primary","bus"
"Jul 11, 2024 7:00 AM","(-) Expense","133.00","Sport","Primary","gym day pass"
"Jul 11, 2024 8:17 AM","(-) Expense","11.00","Food","Cash","cutting chai"
"Jul 11, 2024 8:51 AM","(-) Expense","32.50","Transportation","Metro","metro"
"Jul 11, 2024 1:03 PM","(-) Expense","87.00","Food","Primary","dosa"
"Jul 11, 2024 7:10 PM","(-) Expense","52.00","Transportation","Metro","metro"
"Jul 12, 2024 8:22 AM","(-) Expense","11.00","Food","Primary","cutting chai"
"Jul 12, 2024 6:32 PM","(-) Expense","349.00","Telephone","Primary","prepaid top-up"
"Jul 13, 2024 8:22 AM","(-) Expense","32.00","Food","Primary","filter coffee"
"Jul 13, 2024 11:12 AM","(-) Expense","61.00","Ration","Primary","milk and curd"
"Jul 13, 2024 11:31 AM","(-) Expense","222.00","Ration","Primary","chicken"
"Jul 13, 2024 11:37 AM","(-) Expense","717.00","Ration","Primary","grocery restock"
"Jul 13, 2024 11:38 AM","(-) Expense","104.00","Ration","Primary","milk and curd"
"Jul 13, 2024 1:03 PM","(-) Expense","148.00","Food","Primary","burger"
"Jul 13, 2024 4:43 PM","(-) Expense","12.00","Food","Cash","tea"
"Jul 13, 2024 6:18 PM","(-) Expense","265.50","Entertainment","Primary","cafe hangout"
"Jul 13, 2024 8:12 PM","(-) Expense","248.00","Social","Primary","team lunch share"
"Jul 14, 2024 8:19 AM","(-) Expense","27.00","Food","Primary","filter coffee"
"Jul 14, 2024 1:06 PM","(-) Expense","153.00","Food","Primary","dinner"
"Jul 14, 2024 9:01 PM","(-) Expense","246.50","Food","Primary","biryani"
"Jul 15, 2024 8:18 AM","(-) Expense","26.00","Food","Primary","filter coffee"
"Jul 15, 2024 8:52 AM","(-) Expense","17.00","Transportation","Primary","bus"
"Jul 15, 2024 1:06 PM","(-) Expense","143.00","Food","Primary","thali"
"Jul 15, 2024 8:08 PM","(*) Transfer","7665.00","-","Primary->Credit","credit card payment"
"Jul 16, 2024 7:00 AM","(-) Expense","348.50","Sport","Primary","badminton court"
"Jul 16, 2024 8:22 AM","(-) Expense","34.00","Food","Primary","filter coffee"
"Jul 16, 2024 8:50 AM","(-) Expense","19.00","Transportation","Primary","bus"
"Jul 16, 2024 1:02 PM","(-) Expense","50.00","Food","Primary","idli"
"Jul 16, 2024 7:11 PM","(-) Expense","27.50","Transportation","Primary","bus"
"Jul 17, 2024 8:19 AM","(-) Expense","10.00","Food","Primary","cutting chai"
"Jul 17, 2024 8:48 AM","(-) Expense","54.00","Transportation","Metro","metro"
"Jul 17, 2024 1:08 PM","(-) Expense","63.50","Food","Primary","dosa"
"Jul 17, 2024 4:42 PM","(-) Expense","44.00","Food","Cash","poha"
"Jul 17, 2024 7:08 PM","(-) Expense","59.00","Transportation","Metro","metro"
"Jul 18, 2024 8:07 AM","(*) Transfer","415.00","-","Primary->Metro","metro card top-up"
"Jul 18, 2024 8:50 AM","(-) Expense","32.00","Transportation","Primary","bus"
"Jul 18, 2024 1:07 PM","(-) Expense","76.00","Food","Primary","dosa"
"Jul 18, 2024 4:43 PM","(-) Expense","10.50","Food","Primary","cutting chai"
"Jul 18, 2024 7:13 PM","(-) Expense","31.50","Transportation","Primary","bus"
"Jul 18, 2024 9:00 PM","(-) Expense","162.00","Food","Primary","dinner"
"Jul 19, 2024 8:22 AM","(-) Expense","26.50","Food","Primary","filter coffee"
"Jul 19, 2024 8:47 AM","(-) Expense","55.00","Transportation","Metro","metro"
"Jul 19, 2024 1:07 PM","(-) Expense","113.00","Food","Primary","thali"
"Jul 19, 2024 3:31 PM","(-) Expense","521.00","Health","Primary","doctor consult"
"Jul 19, 2024 4:42 PM","(-) Expense","34.50","Food","Primary","poha"
"Jul 19, 2024 7:08 PM","(-) Expense","58.00","Transportation","Metro","metro"
"Jul 19, 2024 9:03 PM","(-) Expense","200.00","Food","Primary","biryani"
"Jul 20, 2024 8:19 AM","(-) Expense","11.00","Food","Primary","cutting chai"
"Jul 20, 2024 1:05 PM","(-) Expense","370.00","Food","Primary","outside dinner"
"Jul 20, 2024 3:32 PM","(-) Expense","481.00","Health","Primary","doctor consult"
"Jul 20, 2024 4:39 PM","(-) Expense","23.00","Food","Cash","filter coffee"
"Jul 20, 2024 5:43 PM","(*) Transfer","2945.00","-","Primary->Cash","atm cash"
"Jul 20, 2024 6:19 PM","(-) Expense","1648.00","Entertainment","Primary","concert ticket"
"Jul 21, 2024 8:17 AM","(-) Expense","12.00","Food","Primary","tea"
"Jul 21, 2024 1:07 PM","(-) Expense","240.50","Food","Primary","dinner"
"Jul 21, 2024 4:40 PM","(-) Expense","22.00","Food","Cash","water bottle"
"Jul 21, 2024 8:08 PM","(-) Expense","296.00","Social","Primary","team lunch share"
"Jul 21, 2024 9:02 PM","(-) Expense","128.00","Food","Primary","office cafeteria"
"Jul 22, 2024 8:21 AM","(-) Expense","11.00","Food","Cash","tea"
"Jul 22, 2024 8:47 AM","(-) Expense","54.00","Transportation","Metro","metro"
"Jul 22, 2024 1:04 PM","(-) Expense","140.00","Food","Primary","lunch"
"Jul 22, 2024 4:39 PM","(-) Expense","11.00","Food","Primary","cutting chai"
"Jul 22, 2024 7:11 PM","(-) Expense","56.00","Transportation","Metro","metro"
"Jul 23, 2024 7:01 AM","(-) Expense","242.00","Sport","Primary","badminton court"
"Jul 23, 2024 8:51 AM","(-) Expense","24.00","Transportation","Primary","bus"
"Jul 23, 2024 1:07 PM","(-) Expense","155.00","Food","Primary","thali"
"Jul 23, 2024 4:43 PM","(-) Expense","23.00","Food","Cash","filter coffee"
"Jul 23, 2024 7:10 PM","(-) Expense","28.00","Transportation","Primary","bus"
"Jul 24, 2024 8:23 AM","(-) Expense","26.50","Food","Primary","filter coffee"
"Jul 24, 2024 8:50 AM","(-) Expense","33.50","Transportation","Primary","bus"
"Jul 24, 2024 1:04 PM","(-) Expense","53.00","Food","Primary","idli"
"Jul 24, 2024 4:40 PM","(-) Expense","42.00","Food","Primary","fruit salad"
"Jul 24, 2024 7:09 PM","(-) Expense","22.00","Transportation","Primary","bus"
"Jul 24, 2024 9:03 PM","(-) Expense","318.50","Food","Primary","weekend brunch"
"Jul 25, 2024 7:00 AM","(-) Expense","385.00","Sport","Primary","badminton court"
"Jul 25, 2024 8:18 AM","(-) Expense","11.00","Food","Cash","cutting chai"
"Jul 25, 2024 8:49 AM","(-) Expense","48.00","Transportation","Metro","metro"
"Jul 25, 2024 7:07 PM","(-) Expense","50.00","Transportation","Metro","metro"
"Jul 25, 2024 9:00 PM","(-) Expense","90.00","Food","Primary","burger"
"Jul 26, 2024 8:20 AM","(-) Expense","11.00","Food","Primary","tea"
"Jul 26, 2024 8:51 AM","(-) Expense","26.00","Transportation","Primary","bus"
"Jul 26, 2024 1:08 PM","(-) Expense","129.00","Food","Primary","thali"
"Jul 26, 2024 7:13 PM","(-) Expense","30.50","Transportation","Primary","bus"
"Jul 26, 2024 9:00 PM","(-) Expense","257.00","Food","Primary","pizza"
"Jul 27, 2024 8:23 AM","(-) Expense","28.00","Food","Primary","filter coffee"
"Jul 27, 2024 1:06 PM","(-) Expense","124.00","Food","Primary","lunch"
"Jul 27, 2024 4:39 PM","(-) Expense","72.00","Food","Primary","fruit salad"
"Jul 28, 2024 7:27 PM","(-) Expense","103.00","gift","Primary","return gift"
"Jul 28, 2024 8:10 PM","(-) Expense","232.00","Social","Primary","festival sweets"
"Jul 28, 2024 9:00 PM","(-) Expense","208.50","Food","Primary","biryani"
"Jul 29, 2024 8:22 AM","(-) Expense","30.00","Food","Primary","filter coffee"
"Jul 29, 2024 8:52 AM","(-) Expense","32.00","Transportation","Primary","bus"
"Jul 29, 2024 1:08 PM","(-) Expense","90.00","Food","Primary","lunch"
"Jul 29, 2024 4:39 PM","(-) Expense","114.00","Food","Cash","ice cream"
"Jul 29, 2024 7:08 PM","(-) Expense","21.00","Transportation","Primary","bus"
"Jul 29, 2024 9:00 PM","(-) Expense","272.00","Food","Primary","biryani"
"Jul 30, 2024 7:03 AM","(-) Expense","151.00","Sport","Primary","gym day pass"
"Jul 30, 2024 8:17 AM","(-) Expense","11.00","Food","Cash","cutting chai"
"Jul 30, 2024 8:51 AM","(-) Expense","31.00","Transportation","Primary","bus"
"Jul 30, 2024 1:05 PM","(-) Expense","139.00","Food","Primary","lunch"
"Jul 30, 2024 2:03 PM","(-) Expense","1130.00","Education","Primary","exam fee"
"Jul 30, 2024 7:11 PM","(-) Expense","29.00","Transportation","Primary","bus"
"Jul 31, 2024 8:47 AM","(-) Expense","46.50","Transportation","Primary","metro"
"Jul 31, 2024 1:07 PM","(-) Expense","152.00","Food","Primary","thali"
"Jul 31, 2024 4:38 PM","(-) Expense","31.00","Food","Cash","vada pav"
"Aug 01, 2024 7:00 AM","(-) Expense","60.00","Sport","Primary","swimming"
"Aug 01, 2024 8:47 AM","(-) Expense","56.00","Transportation","Metro","metro"
"Aug 01, 2024 9:13 AM","(+) Income","51840.00","Salary","Primary","monthly salary"
"Aug 01, 2024 9:41 AM","(*) Transfer","10935.00","-","Primary->Savings","monthly save"
"Aug 01, 2024 1:02 PM","(-) Expense","163.00","Food","Primary","thali"
"Aug 01, 2024 7:10 PM","(-) Expense","52.50","Transportation","Metro","metro"
"Aug 01, 2024 9:00 PM","(-) Expense","107.00","Food","Primary","dinner"
"Aug 02, 2024 8:19 AM","(-) Expense","22.00","Food","Primary","filter coffee"
"Aug 02, 2024 8:47 AM","(-) Expense","49.50","Transportation","Metro","metro"
"Aug 02, 2024 10:05 AM","(-) Expense","9269.00","Home","Primary","rent share"
"Aug 02, 2024 1:06 PM","(-) Expense","78.00","Food","Primary","office cafeteria"
"Aug 02, 2024 4:42 PM","(-) Expense","21.00","Food","Primary","filter coffee"
"Aug 02, 2024 9:00 PM","(-) Expense","83.00","Food","Primary","office cafeteria"
"Aug 03, 2024 8:18 AM","(-) Expense","28.50","Food","Primary","filter coffee"
"Aug 03, 2024 11:07 AM","(-) Expense","65.00","Ration","Primary","bread and butter"
"Aug 03, 2024 11:08 AM","(-) Expense","828.00","Ration","Primary","grocery restock"
"Aug 03, 2024 11:10 AM","(-) Expense","121.00","Ration","Primary","fruits"
"Aug 03, 2024 11:13 AM","(-) Expense","711.00","Ration","Primary","grocery restock"
"Aug 03, 2024 11:19 AM","(-) Expense","106.00","Ration","Primary","milk and curd"
"Aug 03, 2024 1:07 PM","(-) Expense","85.00","Food","Primary","burger"
"Aug 03, 2024 4:42 PM","(-) Expense","10.00","Food","Cash","cutting chai"
"Aug 03, 2024 8:10 PM","(-) Expense","358.00","Social","Primary","team lunch share"
"Aug 03, 2024 9:00 PM","(-) Expense","464.00","Food","Primary","weekend brunch"
"Aug 04, 2024 1:03 PM","(-) Expense","357.00","Food","Primary","outside dinner"
"Aug 04, 2024 9:01 PM","(-) Expense","350.00","Food","Primary","pizza"
"Aug 05, 2024 8:51 AM","(-) Expense","48.00","Transportation","Primary","metro"
"Aug 05, 2024 11:22 AM","(-) Expense","757.00","Bills","Primary","wifi"
"Aug 05, 2024 2:02 PM","(-) Expense","53.00","Education","Primary","printouts"
"Aug 05, 2024 7:10 PM","(-) Expense","46.00","Transportation","Primary","metro"
"Aug 06, 2024 8:18 AM","(-) Expense","14.00","Food","Primary","tea"
"Aug 06, 2024 1:07 PM","(-) Expense","95.00","Food","Primary","office cafeteria"
"Aug 06, 2024 4:37 PM","(-) Expense","34.50","Food","Cash","idli"
"Aug 07, 2024 8:22 AM","(-) Expense","11.00","Food","Cash","cutting chai"
"Aug 07, 2024 8:51 AM","(-) Expense","41.00","Transportation","Metro","metro"
"Aug 07, 2024 1:04 PM","(-) Expense","176.00","Food","Primary","thali"
"Aug 08, 2024 7:02 AM","(-) Expense","50.50","Sport","Primary","sports drink"
"Aug 08, 2024 8:18 AM","(-) Expense","12.00","Food","Primary","cutting chai"
"Aug 08, 2024 8:50 AM","(-) Expense","16.00","Transportation","Primary","bus"
"Aug 08, 2024 12:11 PM","(-) Expense","682.50","Bills","Primary","electricity"
"Aug 08, 2024 1:04 PM","(-) Expense","67.00","Food","Primary","dosa"
"Aug 08, 2024 7:13 PM","(-) Expense","29.00","Transportation","Primary","bus"
"Aug 08, 2024 9:02 PM","(-) Expense","201.00","Food","Primary","thali"
"Aug 09, 2024 8:23 AM","(-) Expense","13.00","Food","Primary","tea"
"Aug 09, 2024 8:52 AM","(-) Expense","48.00","Transportation","Metro","metro"
"Aug 09, 2024 1:06 PM","(-) Expense","66.00","Food","Primary","idli"
"Aug 09, 2024 4:42 PM","(-) Expense","70.00","Food","Primary","fruit salad"
"Aug 09, 2024 7:12 PM","(-) Expense","49.00","Transportation","Metro","metro"
"Aug 09, 2024 9:00 PM","(-) Expense","195.00","Food","Primary","dinner"
"Aug 10, 2024 8:23 AM","(-) Expense","10.00","Food","Primary","tea"
"Aug 10, 2024 11:23 AM","(-) Expense","144.50","Ration","Primary","fruits"
"Aug 10, 2024 11:23 AM","(-) Expense","276.50","Ration","Primary","rice and dal"
"Aug 10, 2024 4:38 PM","(-) Expense","48.50","Food","Primary","fruit salad"
"Aug 10, 2024 6:19 PM","(-) Expense","305.00","Entertainment","Primary","cafe hangout"
"Aug 10, 2024 9:03 PM","(-) Expense","115.00","Food","Primary","burger"
"Aug 11, 2024 8:21 AM","(-) Expense","12.00","Food","Cash","tea"
"Aug 11, 2024 1:08 PM","(-) Expense","223.00","Food","Primary","biryani"
"Aug 11, 2024 8:11 PM","(-) Expense","188.00","Social","Primary","festival sweets"
"Aug 11, 2024 9:00 PM","(-) Expense","191.00","Food","Primary","thali"
"Aug 12, 2024 8:19 AM","(-) Expense","10.00","Food","Cash","cutting chai"
"Aug 12, 2024 8:48 AM","(-) Expense","41.00","Transportation","Metro","metro"
"Aug 12, 2024 1:05 PM","(-) Expense","56.50","Food","Primary","idli"
"Aug 12, 2024 4:43 PM","(-) Expense","11.00","Food","Primary","cutting chai"
"Aug 12, 2024 6:29 PM","(-) Expense","399.00","Telephone","Primary","prepaid top-up"
"Aug 12, 2024 7:09 PM","(-) Expense","36.00","Transportation","Metro","metro"
"Aug 13, 2024 7:00 AM","(-) Expense","361.00","Sport","Primary","badminton court"
"Aug 13, 2024 8:52 AM","(-) Expense","42.50","Transportation","Metro","metro"
"Aug 13, 2024 1:06 PM","(-) Expense","55.00","Food","Primary","dosa"
"Aug 14, 2024 8:21 AM","(-) Expense","11.00","Food","Primary","cutting chai"
"Aug 14, 2024 8:52 AM","(-) Expense","41.00","Transportation","Metro","metro"
"Aug 14, 2024 1:02 PM","(-) Expense","176.00","Food","Primary","thali"
"Aug 14, 2024 4:37 PM","(-) Expense","27.00","Food","Primary","water bottle"
"Aug 15, 2024 8:23 AM","(-) Expense","10.00","Food","Primary","cutting chai"
"Aug 15, 2024 8:51 AM","(-) Expense","17.50","Transportation","Primary","bus"
"Aug 15, 2024 1:08 PM","(-) Expense","80.00","Food","Primary","dosa"
"Aug 15, 2024 4:40 PM","(-) Expense","52.00","Food","Cash","juice"
"Aug 15, 2024 7:11 PM","(-) Expense","23.00","Transportation","Primary","bus"
"Aug 15, 2024 8:06 PM","(*) Transfer","8678.00","-","Primary->Credit","credit card payment"
"Aug 16, 2024 8:20 AM","(-) Expense","21.00","Food","Primary","filter coffee"
"Aug 16, 2024 8:52 AM","(-) Expense","28.00","Transportation","Primary","bus"
"Aug 16, 2024 1:02 PM","(-) Expense","77.00","Food","Primary","dosa"
"Aug 16, 2024 4:37 PM","(-) Expense","25.00","Food","Cash","egg puff"
"Aug 16, 2024 7:11 PM","(-) Expense","20.00","Transportation","Primary","bus"
"Aug 17, 2024 8:21 AM","(-) Expense","11.00","Food","Primary","cutting chai"
"Aug 17, 2024 1:06 PM","(-) Expense","122.50","Food","Primary","dinner"
"Aug 17, 2024 4:41 PM","(-) Expense","14.50","Food","Cash","tea"
"Aug 17, 2024 6:21 PM","(-) Expense","1681.50","Entertainment","Primary","concert ticket"
"Aug 18, 2024 8:17 AM","(-) Expense","12.00","Food","Primary","tea"
"Aug 18, 2024 1:03 PM","(-) Expense","449.00","Food","Primary","weekend brunch"
"Aug 18, 2024 4:43 PM","(-) Expense","43.00","Food","Primary","poha"
"Aug 18, 2024 6:21 PM","(-) Expense","974.50","Entertainment","Primary","game purchase"
"Aug 19, 2024 8:17 AM","(-) Expense","27.00","Food","Cash","filter coffee"
"Aug 19, 2024 8:49 AM","(-) Expense","25.00","Transportation","Primary","bus"
"Aug 19, 2024 1:04 PM","(-) Expense","151.50","Food","Primary","lunch"
"Aug 19, 2024 7:12 PM","(-) Expense","29.00","Transportation","Primary","bus"
"Aug 19, 2024 9:02 PM","(-) Expense","212.00","Food","Primary","pizza"
"Aug 20, 2024 8:18 AM","(-) Expense","10.00","Food","Cash","cutting chai"
"Aug 20, 2024 8:52 AM","(-) Expense","44.00","Transportation","Metro","metro"
"Aug 20, 2024 1:04 PM","(-) Expense","80.00","Food","Primary","lunch"
"Aug 20, 2024 5:46 PM","(*) Transfer","2048.00","-","Primary->Cash","atm cash"
"Aug 20, 2024 7:07 PM","(-) Expense","41.00","Transportation","Metro","metro"
"Aug 21, 2024 8:22 AM","(-) Expense","33.00","Food","Primary","filter coffee"
"Aug 21, 2024 8:49 AM","(-) Expense","48.00","Transportation","Primary","metro"
"Aug 21, 2024 1:04 PM","(-) Expense","58.00","Food","Primary","idli"
"Aug 21, 2024 4:43 PM","(-) Expense","24.00","Food","Cash","water bottle"
"Aug 21, 2024 7:10 PM","(-) Expense","45.50","Transportation","Primary","metro"
"Aug 22, 2024 7:02 AM","(-) Expense","193.50","Sport","Primary","gym day pass"
"Aug 22, 2024 8:21 AM","(-) Expense","10.50","Food","Primary","cutting chai"
"Aug 22, 2024 8:48 AM","(-) Expense","54.00","Transportation","Metro","metro"
"Aug 22, 2024 1:03 PM","(-) Expense","83.00","Food","Primary","lunch"
"Aug 22, 2024 4:43 PM","(-) Expense","21.00","Food","Cash","water bottle"
"Aug 22, 2024 7:08 PM","(-) Expense","43.00","Transportation","Metro","metro"
"Aug 23, 2024 8:47 AM","(-) Expense","40.00","Transportation","Primary","metro"
"Aug 23, 2024 1:02 PM","(-) Expense","66.00","Food","Primary","idli"
"Aug 23, 2024 4:39 PM","(-) Expense","33.00","Food","Primary","egg puff"
"Aug 23, 2024 7:07 PM","(-) Expense","36.00","Transportation","Primary","metro"
"Aug 23, 2024 9:00 PM","(-) Expense","172.00","Food","Primary","thali"
"Aug 24, 2024 7:00 AM","(-) Expense","76.00","Sport","Primary","sports drink"
"Aug 24, 2024 8:23 AM","(-) Expense","13.00","Food","Primary","tea"
"Aug 24, 2024 4:37 PM","(-) Expense","25.50","Food","Primary","egg puff"
"Aug 25, 2024 8:20 AM","(-) Expense","12.00","Food","Cash","cutting chai"
"Aug 25, 2024 11:25 AM","(-) Expense","269.00","Ration","Primary","chicken"
"Aug 25, 2024 11:26 AM","(-) Expense","337.00","Ration","Primary","chicken"
"Aug 25, 2024 11:28 AM","(-) Expense","274.00","Ration","Primary","chicken"
"Aug 25, 2024 11:31 AM","(-) Expense","72.50","Ration","Primary","eggs pack"
"Aug 25, 2024 11:38 AM","(-) Expense","425.00","Ration","Primary","rice and dal"
"Aug 25, 2024 1:05 PM","(-) Expense","161.00","Food","Primary","lunch"
"Aug 25, 2024 4:41 PM","(-) Expense","28.50","Food","Cash","water bottle"
"Aug 26, 2024 8:50 AM","(-) Expense","40.00","Transportation","Metro","metro"
"Aug 26, 2024 1:07 PM","(-) Expense","94.00","Food","Primary","office cafeteria"
"Aug 26, 2024 4:39 PM","(-) Expense","68.50","Food","Cash","dosa"
"Aug 26, 2024 7:08 PM","(-) Expense","45.50","Transportation","Metro","metro"
"Aug 27, 2024 7:02 AM","(-) Expense","370.00","Sport","Primary","badminton court"
"Aug 27, 2024 8:23 AM","(-) Expense","10.50","Food","Primary","tea"
"Aug 27, 2024 8:48 AM","(-) Expense","30.00","Transportation","Primary","bus"
"Aug 27, 2024 1:05 PM","(-) Expense","50.00","Food","Primary","idli"
"Aug 27, 2024 4:41 PM","(-) Expense","46.50","Food","Cash","fruit salad"
"Aug 27, 2024 7:07 PM","(-) Expense","22.50","Transportation","Primary","bus"
"Aug 27, 2024 9:00 PM","(-) Expense","136.00","Food","Primary","burger"
"Aug 28, 2024 8:23 AM","(-) Expense","12.00","Food","Primary","tea"
"Aug 28, 2024 8:47 AM","(-) Expense","34.50","Transportation","Primary","bus"
"Aug 28, 2024 1:06 PM","(-) Expense","88.00","Food","Primary","office cafeteria"
"Aug 28, 2024 4:42 PM","(-) Expense","48.00","Food","Cash","fruit salad"
"Aug 28, 2024 7:09 PM","(-) Expense","35.00","Transportation","Primary","bus"
"Aug 29, 2024 7:02 AM","(-) Expense","167.00","Sport","Primary","gym day pass"
"Aug 29, 2024 8:19 AM","(-) Expense","34.50","Food","Cash","filter coffee"
"Aug 29, 2024 8:48 AM","(-) Expense","16.00","Transportation","Primary","bus"
"Aug 29, 2024 1:07 PM","(-) Expense","42.00","Food","Primary","idli"
"Aug 29, 2024 4:37 PM","(-) Expense","21.00","Food","Cash","biscuit"
"Aug 29, 2024 7:10 PM","(-) Expense","35.00","Transportation","Primary","bus"
"Aug 30, 2024 8:19 AM","(-) Expense","10.50","Food","Cash","cutting chai"
"Aug 30, 2024 1:08 PM","(-) Expense","141.00","Food","Primary","thali"
"Aug 31, 2024 8:19 AM","(-) Expense","14.00","Food","Primary","tea"
"Aug 31, 2024 1:07 PM","(-) Expense","468.50","Food","Primary","weekend brunch"
"Aug 31, 2024 4:37 PM","(-) Expense","31.00","Food","Primary","filter coffee"
"Aug 31, 2024 6:22 PM","(-) Expense","220.00","Entertainment","Primary","movie"
"Aug 31, 2024 9:02 PM","(-) Expense","215.00","Food","Primary","thali"
"Sep 01, 2024 8:19 AM","(-) Expense","11.00","Food","Primary","tea"
"Sep 01, 2024 9:18 AM","(+) Income","51840.00","Salary","Primary","monthly salary"
"Sep 01, 2024 9:41 AM","(*) Transfer","14026.00","-","Primary->Savings","monthly save"
"Sep 01, 2024 11:12 AM","(-) Expense","127.50","Ration","Primary","fruits"
"Sep 01, 2024 11:19 AM","(-) Expense","275.00","Ration","Primary","chicken"
"Sep 01, 2024 11:38 AM","(-) Expense","70.00","Ration","Primary","bread and butter"
"Sep 01, 2024 6:19 PM","(-) Expense","1204.00","Entertainment","Primary","game purchase"
"Sep 01, 2024 8:12 PM","(-) Expense","115.00","Social","Primary","festival sweets"
"Sep 02, 2024 8:21 AM","(-) Expense","10.50","Food","Primary","cutting chai"
"Sep 02, 2024 8:49 AM","(-) Expense","50.00","Transportation","Primary","metro"
"Sep 02, 2024 10:08 AM","(-) Expense","10833.00","Home","Primary","rent share"
"Sep 02, 2024 1:05 PM","(-) Expense","137.00","Food","Primary","thali"
"Sep 02, 2024 7:12 PM","(-) Expense","44.00","Transportation","Primary","metro"
"Sep 03, 2024 7:01 AM","(-) Expense","52.00","Sport","Primary","sports drink"
"Sep 03, 2024 8:07 AM","(*) Transfer","462.00","-","Primary->Metro","metro card top-up"
"Sep 03, 2024 8:19 AM","(-) Expense","10.00","Food","Cash","cutting chai"
"Sep 03, 2024 8:48 AM","(-) Expense","35.00","Transportation","Metro","metro"
"Sep 03, 2024 1:08 PM","(-) Expense","176.00","Food","Primary","thali"
"Sep 03, 2024 4:41 PM","(-) Expense","41.00","Food","Primary","poha"
"Sep 03, 2024 5:02 PM","(-) Expense","1565.00","Clothing","Primary","shoes"
"Sep 03, 2024 7:09 PM","(-) Expense","38.00","Transportation","Metro","metro"
"Sep 03, 2024 9:00 PM","(-) Expense","176.00","Food","Primary","lunch"
"Sep 04, 2024 8:19 AM","(-) Expense","32.00","Food","Primary","filter coffee"
"Sep 04, 2024 8:47 AM","(-) Expense","15.00","Transportation","Primary","bus"
"Sep 04, 2024 1:08 PM","(-) Expense","48.00","Food","Primary","idli"
"Sep 04, 2024 7:09 PM","(-) Expense","29.00","Transportation","Primary","bus"
"Sep 05, 2024 7:00 AM","(-) Expense","297.00","Sport","Primary","badminton court"
"Sep 05, 2024 8:17 AM","(-) Expense","12.00","Food","Primary","tea"
"Sep 05, 2024 8:51 AM","(-) Expense","58.00","Transportation","Metro","metro"
"Sep 05, 2024 11:23 AM","(-) Expense","745.00","Bills","Primary","wifi"
"Sep 05, 2024 1:07 PM","(-) Expense","111.50","Food","Primary","thali"
"Sep 05, 2024 4:38 PM","(-) Expense","33.00","Food","Primary","vada pav"
"Sep 05, 2024 7:07 PM","(-) Expense","49.00","Transportation","Metro","metro"
"Sep 06, 2024 8:21 AM","(-) Expense","11.50","Food","Primary","tea"
"Sep 06, 2024 8:48 AM","(-) Expense","34.00","Transportation","Metro","metro"
"Sep 06, 2024 1:05 PM","(-) Expense","108.00","Food","Primary","office cafeteria"
"Sep 06, 2024 7:13 PM","(-) Expense","41.00","Transportation","Metro","metro"
"Sep 07, 2024 7:02 AM","(-) Expense","128.00","Sport","Primary","gym day pass"
"Sep 07, 2024 11:07 AM","(-) Expense","68.00","Ration","Primary","eggs pack"
"Sep 07, 2024 11:08 AM","(-) Expense","195.00","Ration","Primary","weekly veggies"
"Sep 07, 2024 1:06 PM","(-) Expense","319.00","Food","Primary","pizza"
"Sep 07, 2024 6:19 PM","(-) Expense","705.00","Entertainment","Primary","game purchase"
"Sep 07, 2024 9:02 PM","(-) Expense","123.00","Food","Primary","lunch"
"Sep 08, 2024 8:17 AM","(-) Expense","30.00","Food","Cash","filter coffee"
"Sep 08, 2024 12:13 PM","(-) Expense","766.00","Bills","Primary","electricity"
"Sep 08, 2024 1:05 PM","(-) Expense","73.00","Food","Primary","office cafeteria"
"Sep 08, 2024 3:31 PM","(-) Expense","682.00","Health","Primary","lab test"
"Sep 08, 2024 4:43 PM","(-) Expense","10.00","Food","Cash","cutting chai"
"Sep 09, 2024 8:18 AM","(-) Expense","12.50","Food","Primary","tea"
"Sep 09, 2024 8:49 AM","(-) Expense","26.00","Transportation","Primary","bus"
"Sep 09, 2024 1:05 PM","(-) Expense","110.00","Food","Primary","thali"
"Sep 09, 2024 4:42 PM","(-) Expense","20.00","Food","Cash","biscuit"
"Sep 09, 2024 7:08 PM","(-) Expense","30.00","Transportation","Primary","bus"
"Sep 09, 2024 9:03 PM","(-) Expense","90.50","Food","Primary","burger"
"Sep 10, 2024 8:22 AM","(-) Expense","23.50","Food","Cash","filter coffee"
"Sep 10, 2024 8:49 AM","(-) Expense","30.50","Transportation","Metro","metro"
"Sep 10, 2024 1:07 PM","(-) Expense","50.00","Food","Primary","idli"
"Sep 10, 2024 9:00 PM","(-) Expense","390.00","Food","Primary","weekend brunch"
"Sep 11, 2024 1:07 PM","(-) Expense","57.00","Food","Primary","idli"
"Sep 11, 2024 4:42 PM","(-) Expense","24.00","Food","Primary","vada pav"
"Sep 11, 2024 9:02 PM","(-) Expense","82.00","Food","Primary","burger"
"Sep 12, 2024 7:02 AM","(-) Expense","296.00","Sport","Primary","badminton court"
"Sep 12, 2024 8:17 AM","(-) Expense","21.00","Food","Cash","filter coffee"
"Sep 12, 2024 8:49 AM","(-) Expense","45.50","Transportation","Metro","metro"
"Sep 12, 2024 1:02 PM","(-) Expense","41.00","Food","Primary","idli"
"Sep 12, 2024 3:33 PM","(-) Expense","256.00","Health","Primary","vitamins"
"Sep 12, 2024 4:37 PM","(-) Expense","11.00","Food","Cash","cutting chai"
"Sep 12, 2024 6:32 PM","(-) Expense","348.00","Telephone","Primary","prepaid top-up"
"Sep 12, 2024 7:12 PM","(-) Expense","54.00","Transportation","Metro","metro"
"Sep 13, 2024 8:22 AM","(-) Expense","10.00","Food","Primary","tea"
"Sep 13, 2024 8:53 AM","(-) Expense","24.00","Transportation","Primary","bus"
"Sep 13, 2024 1:05 PM","(-) Expense","114.00","Food","Primary","thali"
"Sep 13, 2024 4:43 PM","(-) Expense","36.00","Food","Primary","idli"
"Sep 13, 2024 7:09 PM","(-) Expense","30.00","Transportation","Primary","bus"
"Sep 14, 2024 8:18 AM","(-) Expense","12.00","Food","Primary","cutting chai"
"Sep 14, 2024 11:16 AM","(-) Expense","95.00","Ration","Primary","eggs pack"
"Sep 14, 2024 11:22 AM","(-) Expense","406.00","Ration","Primary","rice and dal"
"Sep 14, 2024 11:30 AM","(-) Expense","318.00","Ration","Primary","weekly veggies"
"Sep 14, 2024 6:21 PM","(-) Expense","1423.00","Entertainment","Primary","game purchase"
"Sep 14, 2024 9:01 PM","(-) Expense","358.00","Food","Primary","pizza"
"Sep 15, 2024 8:20 AM","(-) Expense","10.00","Food","Primary","cutting chai"
"Sep 15, 2024 11:03 AM","(-) Expense","87.00","Ration","Primary","milk and curd"
"Sep 15, 2024 11:05 AM","(-) Expense","57.50","Ration","Primary","bread and butter"
"Sep 15, 2024 3:29 PM","(-) Expense","316.00","Health","Primary","vitamins"
"Sep 15, 2024 4:39 PM","(-) Expense","83.00","Food","Cash","dosa"
"Sep 15, 2024 8:08 PM","(*) Transfer","7163.50","-","Primary->Credit","credit card payment"
"Sep 16, 2024 8:19 AM","(-) Expense","30.50","Food","Primary","filter coffee"
"Sep 16, 2024 8:50 AM","(-) Expense","54.00","Transportation","Primary","metro"
"Sep 16, 2024 1:08 PM","(-) Expense","67.00","Food","Primary","idli"
"Sep 16, 2024 4:38 PM","(-) Expense","31.00","Food","Primary","filter coffee"
"Sep 16, 2024 7:12 PM","(-) Expense","50.00","Transportation","Primary","metro"
"Sep 17, 2024 7:01 AM","(-) Expense","266.00","Sport","Primary","badminton court"
"Sep 17, 2024 8:22 AM","(-) Expense","22.00","Food","Cash","filter coffee"
"Sep 17, 2024 8:51 AM","(-) Expense","44.00","Transportation","Metro","metro"
"Sep 17, 2024 1:02 PM","(-) Expense","78.00","Food","Primary","dosa"
"Sep 17, 2024 7:13 PM","(-) Expense","58.00","Transportation","Metro","metro"
"Sep 17, 2024 7:33 PM","(-) Expense","639.00","gift","Primary","diwali gift"
"Sep 18, 2024 8:11 AM","(*) Transfer","454.00","-","Primary->Metro","metro card top-up"
"Sep 18, 2024 8:17 AM","(-) Expense","10.00","Food","Primary","cutting chai"
"Sep 18, 2024 8:50 AM","(-) Expense","50.00","Transportation","Metro","metro"
"Sep 18, 2024 1:05 PM","(-) Expense","118.00","Food","Primary","lunch"
"Sep 18, 2024 7:12 PM","(-) Expense","51.00","Transportation","Metro","metro"
"Sep 19, 2024 7:01 AM","(-) Expense","306.00","Sport","Primary","badminton court"
"Sep 19, 2024 8:48 AM","(-) Expense","47.00","Transportation","Metro","metro"
"Sep 19, 2024 1:05 PM","(-) Expense","105.50","Food","Primary","thali"
"Sep 19, 2024 4:37 PM","(-) Expense","72.00","Food","Cash","dosa"
"Sep 19, 2024 9:00 PM","(-) Expense","117.00","Food","Primary","burger"
"Sep 20, 2024 8:17 AM","(-) Expense","10.00","Food","Primary","cutting chai"
"Sep 20, 2024 8:47 AM","(-) Expense","44.00","Transportation","Metro","metro"
"Sep 20, 2024 1:02 PM","(-) Expense","63.00","Food","Primary","idli"
"Sep 20, 2024 4:37 PM","(-) Expense","57.50","Food","Cash","dosa"
"Sep 20, 2024 5:43 PM","(*) Transfer","1198.00","-","Primary->Cash","atm cash"
"Sep 20, 2024 7:13 PM","(-) Expense","45.50","Transportation","Metro","metro"
"Sep 21, 2024 1:06 PM","(-) Expense","106.00","Food","Primary","office cafeteria"
"Sep 21, 2024 4:37 PM","(-) Expense","16.00","Food","Primary","biscuit"
"Sep 21, 2024 6:20 PM","(-) Expense","636.00","Entertainment","Primary","game purchase"
"Sep 22, 2024 8:21 AM","(-) Expense","12.00","Food","Primary","cutting chai"
"Sep 22, 2024 1:05 PM","(-) Expense","151.00","Food","Primary","dinner"
"Sep 22, 2024 6:19 PM","(-) Expense","1349.00","Entertainment","Primary","game purchase"
"Sep 22, 2024 8:08 PM","(-) Expense","242.00","Social","Primary","festival sweets"
"Sep 23, 2024 8:22 AM","(-) Expense","11.00","Food","Primary","tea"
"Sep 23, 2024 8:48 AM","(-) Expense","56.00","Transportation","Metro","metro"
"Sep 23, 2024 1:08 PM","(-) Expense","75.00","Food","Primary","dosa"
"Sep 23, 2024 7:12 PM","(-) Expense","54.00","Transportation","Metro","metro"
"Sep 24, 2024 7:00 AM","(-) Expense","111.00","Sport","Primary","gym day pass"
"Sep 24, 2024 8:23 AM","(-) Expense","13.00","Food","Primary","tea"
"Sep 24, 2024 8:50 AM","(-) Expense","24.00","Transportation","Primary","bus"
"Sep 24, 2024 1:07 PM","(-) Expense","69.00","Food","Primary","idli"
"Sep 24, 2024 4:39 PM","(-) Expense","55.00","Food","Cash","dosa"
"Sep 24, 2024 7:09 PM","(-) Expense","25.00","Transportation","Primary","bus"
"Sep 25, 2024 8:19 AM","(-) Expense","11.00","Food","Primary","cutting chai"
"Sep 25, 2024 8:51 AM","(-) Expense","47.00","Transportation","Primary","metro"
"Sep 25, 2024 1:03 PM","(-) Expense","56.00","Food","Primary","idli"
"Sep 25, 2024 4:42 PM","(-) Expense","19.00","Food","Primary","biscuit"
"Sep 25, 2024 7:11 PM","(-) Expense","46.00","Transportation","Primary","metro"
"Sep 25, 2024 7:30 PM","(-) Expense","274.00","gift","Primary","return gift"
"Sep 25, 2024 9:03 PM","(-) Expense","98.00","Food","Primary","office cafeteria"
"Sep 26, 2024 7:00 AM","(-) Expense","341.00","Sport","Primary","badminton court"
"Sep 26, 2024 8:20 AM","(-) Expense","12.00","Food","Primary","tea"
"Sep 26, 2024 8:47 AM","(-) Expense","51.00","Transportation","Primary","metro"
"Sep 26, 2024 1:04 PM","(-) Expense","63.00","Food","Primary","dosa"
"Sep 27, 2024 8:20 AM","(-) Expense","15.00","Food","Primary","tea"
"Sep 27, 2024 8:50 AM","(-) Expense","54.00","Transportation","Metro","metro"
"Sep 27, 2024 1:02 PM","(-) Expense","53.00","Food","Primary","idli"
"Sep 27, 2024 4:40 PM","(-) Expense","17.00","Food","Primary","samosa"
"Sep 27, 2024 7:09 PM","(-) Expense","48.00","Transportation","Metro","metro"
"Sep 28, 2024 8:17 AM","(-) Expense","11.00","Food","Primary","cutting chai"
"Sep 28, 2024 1:04 PM","(-) Expense","121.00","Food","Primary","dinner"
"Sep 28, 2024 9:00 PM","(-) Expense","97.00","Food","Primary","burger"
"Sep 29, 2024 8:18 AM","(-) Expense","13.00","Food","Primary","tea"
"Sep 29, 2024 4:38 PM","(-) Expense","61.50","Food","Primary","fruit salad"
"Sep 29, 2024 6:23 PM","(-) Expense","1263.00","Entertainment","Primary","concert ticket"
"Sep 29, 2024 9:00 PM","(-) Expense","180.00","Food","Primary","dinner"
"Sep 30, 2024 8:20 AM","(-) Expense","23.00","Food","Primary","filter coffee"
"Sep 30, 2024 8:47 AM","(-) Expense","41.00","Transportation","Metro","metro"
"Sep 30, 2024 1:06 PM","(-) Expense","79.00","Food","Primary","dosa"
"Sep 30, 2024 4:41 PM","(-) Expense","41.00","Food","Primary","juice"
"Sep 30, 2024 7:10 PM","(-) Expense","51.00","Transportation","Metro","metro"
"Oct 01, 2024 8:18 AM","(-) Expense","14.00","Food","Primary","tea"
"Oct 01, 2024 8:51 AM","(-) Expense","50.00","Transportation","Metro","metro"
"Oct 01, 2024 9:16 AM","(+) Income","51840.00","Salary","Primary","monthly salary"
"Oct 01, 2024 9:37 AM","(*) Transfer","14963.00","-","Primary->Savings","monthly save"
"Oct 01, 2024 9:56 AM","(*) Transfer","4712.00","-","Savings->Emergency","emergency fund"
"Oct 01, 2024 1:04 PM","(-) Expense","55.00","Food","Primary","idli"
"Oct 01, 2024 4:40 PM","(-) Expense","22.50","Food","Cash","vada pav"
"Oct 01, 2024 7:09 PM","(-) Expense","40.00","Transportation","Metro","metro"
"Oct 01, 2024 9:00 PM","(-) Expense","157.00","Food","Primary","thali"
"Oct 02, 2024 8:18 AM","(-) Expense","20.00","Food","Primary","filter coffee"
"Oct 02, 2024 8:47 AM","(-) Expense","50.00","Transportation","Metro","metro"
"Oct 02, 2024 10:08 AM","(-) Expense","10694.00","Home","Primary","rent share"
"Oct 02, 2024 1:04 PM","(-) Expense","61.00","Food","Primary","dosa"
"Oct 02, 2024 4:40 PM","(-) Expense","31.00","Food","Primary","filter coffee"
"Oct 02, 2024 7:10 PM","(-) Expense","48.00","Transportation","Metro","metro"
"Oct 03, 2024 7:02 AM","(-) Expense","99.00","Sport","Primary","swimming"
"Oct 03, 2024 8:12 AM","(*) Transfer","332.00","-","Primary->Metro","metro card top-up"
"Oct 03, 2024 8:18 AM","(-) Expense","10.00","Food","Primary","tea"
"Oct 03, 2024 8:47 AM","(-) Expense","54.00","Transportation","Metro","metro"
"Oct 03, 2024 1:04 PM","(-) Expense","90.00","Food","Primary","dosa"
"Oct 03, 2024 7:10 PM","(-) Expense","50.00","Transportation","Metro","metro"
"Oct 03, 2024 9:00 PM","(-) Expense","152.50","Food","Primary","lunch"
"Oct 04, 2024 8:22 AM","(-) Expense","11.00","Food","Primary","cutting chai"
"Oct 04, 2024 8:52 AM","(-) Expense","46.00","Transportation","Metro","metro"
"Oct 04, 2024 1:05 PM","(-) Expense","119.00","Food","Primary","lunch"
"Oct 04, 2024 4:42 PM","(-) Expense","45.00","Food","Primary","poha"
"Oct 05, 2024 7:00 AM","(-) Expense","262.00","Sport","Primary","badminton court"
"Oct 05, 2024 8:20 AM","(-) Expense","28.00","Food","Primary","filter coffee"
"Oct 05, 2024 11:00 AM","(-) Expense","92.00","Ration","Primary","milk and curd"
"Oct 05, 2024 11:06 AM","(-) Expense","60.00","Ration","Primary","milk and curd"
"Oct 05, 2024 11:16 AM","(-) Expense","82.00","Ration","Primary","bread and butter"
"Oct 05, 2024 11:18 AM","(-) Expense","777.00","Bills","Primary","wifi"
"Oct 05, 2024 11:35 AM","(-) Expense","285.00","Ration","Primary","chicken"
"Oct 05, 2024 11:37 AM","(-) Expense","182.00","Ration","Primary","fruits"
"Oct 05, 2024 1:07 PM","(-) Expense","267.00","Food","Primary","weekend brunch"
"Oct 05, 2024 6:22 PM","(-) Expense","1122.00","Entertainment","Primary","game purchase"
"Oct 05, 2024 9:00 PM","(-) Expense","121.50","Food","Primary","burger"
"Oct 06, 2024 8:20 AM","(-) Expense","14.00","Food","Primary","tea"
"Oct 06, 2024 1:06 PM","(-) Expense","259.00","Food","Primary","biryani"
"Oct 06, 2024 9:01 PM","(-) Expense","463.00","Food","Primary","weekend brunch"
"Oct 07, 2024 8:50 AM","(-) Expense","48.50","Transportation","Primary","metro"
"Oct 07, 2024 1:07 PM","(-) Expense","79.00","Food","Primary","office cafeteria"
"Oct 07, 2024 7:13 PM","(-) Expense","46.00","Transportation","Primary","metro"
"Oct 07, 2024 9:00 PM","(-) Expense","132.50","Food","Primary","thali"
"Oct 08, 2024 7:00 AM","(-) Expense","137.00","Sport","Primary","swimming"
"Oct 08, 2024 8:20 AM","(-) Expense","11.00","Food","Cash","cutting chai"
"Oct 08, 2024 8:47 AM","(-) Expense","16.00","Transportation","Primary","bus"
"Oct 08, 2024 12:12 PM","(-) Expense","1354.00","Bills","Primary","electricity"
"Oct 08, 2024 1:08 PM","(-) Expense","61.00","Food","Primary","idli"
"Oct 08, 2024 4:42 PM","(-) Expense","49.00","Food","Cash","idli"
"Oct 08, 2024 7:10 PM","(-) Expense","19.00","Transportation","Primary","bus"
"Oct 09, 2024 8:22 AM","(-) Expense","23.00","Food","Primary","filter coffee"
"Oct 09, 2024 8:52 AM","(-) Expense","22.00","Transportation","Primary","bus"
"Oct 09, 2024 1:03 PM","(-) Expense","90.00","Food","Primary","office cafeteria"
"Oct 09, 2024 7:07 PM","(-) Expense","24.50","Transportation","Primary","bus"
"Oct 10, 2024 7:03 AM","(-) Expense","123.00","Sport","Primary","gym day pass"
"Oct 10, 2024 8:21 AM","(-) Expense","28.00","Food","Primary","filter coffee"
"Oct 10, 2024 8:47 AM","(-) Expense","40.00","Transportation","Metro","metro"
"Oct 10, 2024 1:06 PM","(-) Expense","59.00","Food","Primary","dosa"
"Oct 10, 2024 7:10 PM","(-) Expense","51.00","Transportation","Metro","metro"
"Oct 11, 2024 8:19 AM","(-) Expense","12.50","Food","Primary","tea"
"Oct 11, 2024 1:08 PM","(-) Expense","148.00","Food","Primary","thali"
"Oct 11, 2024 9:00 PM","(-) Expense","612.00","Food","Primary","outside dinner"
"Oct 12, 2024 7:03 AM","(-) Expense","62.00","Sport","Primary","swimming"
"Oct 12, 2024 8:22 AM","(-) Expense","11.00","Food","Primary","tea"
"Oct 12, 2024 11:15 AM","(-) Expense","67.00","Ration","Primary","milk and curd"
"Oct 12, 2024 11:32 AM","(-) Expense","97.00","Ration","Primary","milk and curd"
"Oct 12, 2024 11:35 AM","(-) Expense","110.00","Ration","Primary","milk and curd"
"Oct 12, 2024 1:03 PM","(-) Expense","171.00","Food","Primary","burger"
"Oct 12, 2024 4:00 PM","(-) Expense","743.00","Shopping","Primary","earphones"
"Oct 12, 2024 4:43 PM","(-) Expense","34.00","Food","Primary","filter coffee"
"Oct 12, 2024 6:19 PM","(-) Expense","244.00","Entertainment","Primary","movie"
"Oct 12, 2024 6:29 PM","(-) Expense","328.50","Telephone","Primary","prepaid top-up"
"Oct 13, 2024 8:23 AM","(-) Expense","31.00","Food","Primary","filter coffee"
"Oct 13, 2024 1:03 PM","(-) Expense","97.00","Food","Primary","burger"
"Oct 13, 2024 4:42 PM","(-) Expense","20.50","Food","Primary","biscuit"
"Oct 14, 2024 8:22 AM","(-) Expense","10.50","Food","Primary","cutting chai"
"Oct 14, 2024 8:53 AM","(-) Expense","24.00","Transportation","Primary","bus"
"Oct 14, 2024 1:06 PM","(-) Expense","70.00","Food","Primary","idli"
"Oct 14, 2024 4:43 PM","(-) Expense","10.50","Food","Cash","biscuit"
"Oct 14, 2024 7:11 PM","(-) Expense","26.00","Transportation","Primary","bus"
"Oct 15, 2024 7:01 AM","(-) Expense","130.00","Sport","Primary","swimming"
"Oct 15, 2024 8:21 AM","(-) Expense","25.00","Food","Primary","filter coffee"
"Oct 15, 2024 8:47 AM","(-) Expense","16.00","Transportation","Primary","bus"
"Oct 15, 2024 1:04 PM","(-) Expense","89.00","Food","Primary","lunch"
"Oct 15, 2024 7:07 PM","(-) Expense","32.50","Transportation","Primary","bus"
"Oct 15, 2024 8:04 PM","(*) Transfer","7894.00","-","Primary->Credit","credit card payment"
"Oct 16, 2024 8:21 AM","(-) Expense","11.00","Food","Primary","cutting chai"
"Oct 16, 2024 8:50 AM","(-) Expense","32.00","Transportation","Metro","metro"
"Oct 16, 2024 1:05 PM","(-) Expense","83.50","Food","Primary","lunch"
"Oct 16, 2024 4:39 PM","(-) Expense","22.50","Food","Primary","filter coffee"
"Oct 16, 2024 7:08 PM","(-) Expense","31.50","Transportation","Metro","metro"
"Oct 16, 2024 9:00 PM","(-) Expense","246.50","Food","Primary","pizza"
"Oct 17, 2024 7:02 AM","(-) Expense","142.00","Sport","Primary","gym day pass"
"Oct 17, 2024 8:20 AM","(-) Expense","10.00","Food","Primary","cutting chai"
"Oct 17, 2024 8:48 AM","(-) Expense","50.00","Transportation","Primary","metro"
"Oct 17, 2024 1:03 PM","(-) Expense","132.00","Food","Primary","thali"
"Oct 17, 2024 7:11 PM","(-) Expense","53.00","Transportation","Primary","metro"
"Oct 18, 2024 8:12 AM","(*) Transfer","374.00","-","Primary->Metro","metro card top-up"
"Oct 18, 2024 8:18 AM","(-) Expense","11.50","Food","Cash","cutting chai"
"Oct 18, 2024 8:49 AM","(-) Expense","54.00","Transportation","Primary","metro"
"Oct 18, 2024 1:03 PM","(-) Expense","136.00","Food","Primary","thali"
"Oct 18, 2024 7:12 PM","(-) Expense","33.00","Transportation","Primary","metro"
"Oct 18, 2024 9:00 PM","(-) Expense","444.00","Food","Primary","pizza"
"Oct 19, 2024 7:00 AM","(-) Expense","61.00","Sport","Primary","swimming"
"Oct 19, 2024 8:20 AM","(-) Expense","12.00","Food","Cash","cutting chai"
"Oct 19, 2024 1:05 PM","(-) Expense","96.00","Food","Primary","burger"
"Oct 19, 2024 6:20 PM","(-) Expense","2107.00","Entertainment","Primary","concert ticket"
"Oct 20, 2024 8:18 AM","(-) Expense","13.00","Food","Cash","tea"
"Oct 20, 2024 11:14 AM","(-) Expense","75.00","Ration","Primary","milk and curd"
"Oct 20, 2024 11:22 AM","(-) Expense","52.50","Ration","Primary","bread and butter"
"Oct 20, 2024 11:32 AM","(-) Expense","163.00","Ration","Primary","fruits"
"Oct 20, 2024 11:40 AM","(-) Expense","109.00","Ration","Primary","eggs pack"
"Oct 20, 2024 5:00 PM","(-) Expense","908.00","Clothing","Primary","jeans"
"Oct 20, 2024 5:45 PM","(*) Transfer","1539.00","-","Primary->Cash","atm cash"
"Oct 21, 2024 8:23 AM","(-) Expense","12.00","Food","Primary","cutting chai"
"Oct 21, 2024 8:50 AM","(-) Expense","27.50","Transportation","Primary","bus"
"Oct 21, 2024 1:05 PM","(-) Expense","118.00","Food","Primary","thali"
"Oct 21, 2024 4:37 PM","(-) Expense","28.00","Food","Primary","filter coffee"
"Oct 21, 2024 7:13 PM","(-) Expense","22.00","Transportation","Primary","bus"
"Oct 21, 2024 9:00 PM","(-) Expense","383.50","Food","Primary","weekend brunch"
"Oct 22, 2024 8:20 AM","(-) Expense","11.00","Food","Primary","tea"
"Oct 22, 2024 8:48 AM","(-) Expense","17.00","Transportation","Primary","bus"
"Oct 22, 2024 12:02 PM","(+) Income","207.00","Refunds","Primary","cashback"
"Oct 22, 2024 1:02 PM","(-) Expense","99.00","Food","Primary","office cafeteria"
"Oct 22, 2024 4:42 PM","(-) Expense","69.00","Food","Primary","fruit salad"
"Oct 22, 2024 7:07 PM","(-) Expense","31.00","Transportation","Primary","bus"
"Oct 23, 2024 8:22 AM","(-) Expense","13.00","Food","Primary","tea"
"Oct 23, 2024 8:47 AM","(-) Expense","48.00","Transportation","Metro","metro"
"Oct 23, 2024 1:03 PM","(-) Expense","51.50","Food","Primary","dosa"
"Oct 23, 2024 7:08 PM","(-) Expense","37.00","Transportation","Metro","metro"
"Oct 24, 2024 7:00 AM","(-) Expense","231.50","Sport","Primary","badminton court"
"Oct 24, 2024 8:21 AM","(-) Expense","11.00","Food","Primary","tea"
"Oct 24, 2024 8:48 AM","(-) Expense","32.00","Transportation","Primary","metro"
"Oct 24, 2024 1:07 PM","(-) Expense","71.00","Food","Primary","dosa"
"Oct 24, 2024 7:12 PM","(-) Expense","50.00","Transportation","Primary","metro"
"Oct 25, 2024 8:23 AM","(-) Expense","14.00","Food","Primary","tea"
"Oct 25, 2024 8:53 AM","(-) Expense","25.50","Transportation","Primary","bus"
"Oct 25, 2024 1:02 PM","(-) Expense","84.00","Food","Primary","office cafeteria"
"Oct 25, 2024 9:00 PM","(-) Expense","477.00","Food","Primary","weekend brunch"
"Oct 26, 2024 7:01 AM","(-) Expense","115.00","Sport","Primary","gym day pass"
"Oct 26, 2024 8:17 AM","(-) Expense","10.00","Food","Primary","cutting chai"
"Oct 26, 2024 1:02 PM","(-) Expense","404.00","Food","Primary","outside dinner"
"Oct 26, 2024 4:37 PM","(-) Expense","11.00","Food","Cash","cutting chai"
"Oct 27, 2024 8:22 AM","(-) Expense","10.00","Food","Primary","tea"
"Oct 27, 2024 1:03 PM","(-) Expense","389.50","Food","Primary","pizza"
"Oct 27, 2024 9:00 PM","(-) Expense","137.00","Food","Primary","office cafeteria"
"Oct 28, 2024 8:23 AM","(-) Expense","11.00","Food","Primary","cutting chai"
"Oct 28, 2024 8:51 AM","(-) Expense","44.00","Transportation","Metro","metro"
"Oct 28, 2024 1:06 PM","(-) Expense","82.00","Food","Primary","dosa"
"Oct 28, 2024 4:40 PM","(-) Expense","32.00","Food","Cash","egg puff"
"Oct 28, 2024 7:13 PM","(-) Expense","32.00","Transportation","Metro","metro"
"Oct 29, 2024 7:02 AM","(-) Expense","147.00","Sport","Primary","gym day pass"
"Oct 29, 2024 8:18 AM","(-) Expense","14.00","Food","Cash","tea"
"Oct 29, 2024 1:04 PM","(-) Expense","105.00","Food","Primary","lunch"
"Oct 30, 2024 8:17 AM","(-) Expense","10.00","Food","Cash","cutting chai"
"Oct 30, 2024 1:08 PM","(-) Expense","142.50","Food","Primary","thali"
"Oct 31, 2024 7:00 AM","(-) Expense","44.00","Sport","Primary","sports drink"
"Oct 31, 2024 8:23 AM","(-) Expense","11.00","Food","Primary","tea"
"Oct 31, 2024 8:47 AM","(-) Expense","34.00","Transportation","Metro","metro"
"Oct 31, 2024 1:05 PM","(-) Expense","124.00","Food","Primary","thali"
"Oct 31, 2024 7:12 PM","(-) Expense","34.00","Transportation","Metro","metro"
"Nov 01, 2024 8:22 AM","(-) Expense","30.00","Food","Primary","filter coffee"
"Nov 01, 2024 8:48 AM","(-) Expense","34.00","Transportation","Primary","bus"
"Nov 01, 2024 9:18 AM","(+) Income","51840.00","Salary","Primary","monthly salary"
"Nov 01, 2024 9:43 AM","(*) Transfer","10616.00","-","Primary->Savings","monthly save"
"Nov 01, 2024 1:06 PM","(-) Expense","146.00","Food","Primary","thali"
"Nov 01, 2024 4:43 PM","(-) Expense","11.00","Food","Cash","tea"
"Nov 01, 2024 7:00 PM","(-) Expense","575.00","Shopping","Primary","diwali shopping"
"Nov 01, 2024 7:07 PM","(-) Expense","24.00","Transportation","Primary","bus"
"Nov 01, 2024 8:00 PM","(-) Expense","796.00","gift","Primary","diwali gift"
"Nov 02, 2024 7:01 AM","(-) Expense","105.00","Sport","Primary","gym day pass"
"Nov 02, 2024 8:21 AM","(-) Expense","24.00","Food","Cash","filter coffee"
"Nov 02, 2024 10:03 AM","(-) Expense","10833.00","Home","Primary","rent share"
"Nov 02, 2024 11:01 AM","(-) Expense","400.00","Ration","Primary","weekly veggies"
"Nov 02, 2024 11:18 AM","(-) Expense","226.00","Ration","Primary","chicken"
"Nov 02, 2024 11:42 AM","(-) Expense","72.00","Ration","Primary","milk and curd"
"Nov 02, 2024 4:43 PM","(-) Expense","23.00","Food","Cash","vada pav"
"Nov 03, 2024 8:17 AM","(-) Expense","15.00","Food","Cash","tea"
"Nov 03, 2024 1:02 PM","(-) Expense","135.00","Food","Primary","burger"
"Nov 03, 2024 4:38 PM","(-) Expense","13.00","Food","Primary","tea"
"Nov 03, 2024 7:00 PM","(-) Expense","653.00","Shopping","Primary","diwali shopping"
"Nov 03, 2024 8:03 PM","(-) Expense","274.00","gift","Primary","diwali gift"
"Nov 04, 2024 8:19 AM","(-) Expense","23.00","Food","Cash","filter coffee"
"Nov 04, 2024 8:53 AM","(-) Expense","55.00","Transportation","Metro","metro"
"Nov 04, 2024 1:03 PM","(-) Expense","116.00","Food","Primary","lunch"
"Nov 04, 2024 4:39 PM","(-) Expense","34.00","Food","Primary","filter coffee"
"Nov 04, 2024 7:08 PM","(-) Expense","54.00","Transportation","Metro","metro"
"Nov 05, 2024 8:47 AM","(-) Expense","55.00","Transportation","Metro","metro"
"Nov 05, 2024 11:20 AM","(-) Expense","780.00","Bills","Primary","wifi"
"Nov 05, 2024 1:04 PM","(-) Expense","93.50","Food","Primary","office cafeteria"
"Nov 05, 2024 4:43 PM","(-) Expense","42.00","Food","Primary","ice cream"
"Nov 05, 2024 7:07 PM","(-) Expense","59.00","Transportation","Metro","metro"
"Nov 06, 2024 8:22 AM","(-) Expense","12.00","Food","Cash","cutting chai"
"Nov 06, 2024 8:51 AM","(-) Expense","51.00","Transportation","Metro","metro"
"Nov 06, 2024 1:06 PM","(-) Expense","100.00","Food","Primary","thali"
"Nov 06, 2024 4:39 PM","(-) Expense","26.00","Food","Primary","vada pav"
"Nov 07, 2024 8:17 AM","(-) Expense","29.00","Food","Primary","filter coffee"
"Nov 07, 2024 8:47 AM","(-) Expense","56.00","Transportation","Metro","metro"
"Nov 07, 2024 1:05 PM","(-) Expense","115.50","Food","Primary","office cafeteria"
"Nov 07, 2024 7:07 PM","(-) Expense","54.00","Transportation","Metro","metro"
"Nov 08, 2024 8:51 AM","(-) Expense","56.00","Transportation","Metro","metro"
"Nov 08, 2024 12:12 PM","(-) Expense","1140.50","Bills","Primary","electricity"
"Nov 08, 2024 1:08 PM","(-) Expense","120.00","Food","Primary","lunch"
"Nov 08, 2024 7:11 PM","(-) Expense","45.00","Transportation","Metro","metro"
"Nov 09, 2024 7:01 AM","(-) Expense","111.00","Sport","Primary","swimming"
"Nov 09, 2024 8:21 AM","(-) Expense","34.00","Food","Primary","filter coffee"
"Nov 09, 2024 11:05 AM","(-) Expense","364.00","Ration","Primary","chicken"
"Nov 09, 2024 11:18 AM","(-) Expense","308.00","Ration","Primary","chicken"
"Nov 09, 2024 11:21 AM","(-) Expense","181.00","Ration","Primary","weekly veggies"
"Nov 09, 2024 11:31 AM","(-) Expense","364.00","Ration","Primary","rice and dal"
"Nov 09, 2024 1:06 PM","(-) Expense","127.00","Food","Primary","lunch"
"Nov 09, 2024 4:40 PM","(-) Expense","79.00","Food","Primary","fruit salad"
"Nov 09, 2024 6:21 PM","(-) Expense","1111.00","Entertainment","Primary","game purchase"
"Nov 10, 2024 8:23 AM","(-) Expense","30.00","Food","Cash","filter coffee"
"Nov 10, 2024 11:10 AM","(-) Expense","415.00","Ration","Primary","weekly veggies"
"Nov 10, 2024 11:33 AM","(-) Expense","71.00","Ration","Primary","eggs pack"
"Nov 10, 2024 11:37 AM","(-) Expense","84.00","Ration","Primary","bread and butter"
"Nov 10, 2024 11:38 AM","(-) Expense","365.00","Ration","Primary","chicken"
"Nov 10, 2024 1:04 PM","(-) Expense","528.50","Food","Primary","outside dinner"
"Nov 10, 2024 4:00 PM","(-) Expense","1292.00","Shopping","Primary","earphones"
"Nov 10, 2024 6:22 PM","(-) Expense","248.00","Entertainment","Primary","movie"
"Nov 10, 2024 9:03 PM","(-) Expense","89.00","Food","Primary","office cafeteria"
"Nov 11, 2024 8:21 AM","(-) Expense","11.00","Food","Primary","tea"
"Nov 11, 2024 8:52 AM","(-) Expense","18.00","Transportation","Primary","bus"
"Nov 11, 2024 1:04 PM","(-) Expense","66.00","Food","Primary","dosa"
"Nov 11, 2024 7:09 PM","(-) Expense","20.50","Transportation","Primary","bus"
"Nov 12, 2024 7:00 AM","(-) Expense","185.00","Sport","Primary","gym day pass"
"Nov 12, 2024 8:18 AM","(-) Expense","28.50","Food","Primary","filter coffee"
"Nov 12, 2024 8:47 AM","(-) Expense","23.00","Transportation","Primary","bus"
"Nov 12, 2024 1:03 PM","(-) Expense","156.00","Food","Primary","lunch"
"Nov 12, 2024 5:00 PM","(-) Expense","1550.00","Clothing","Primary","jeans"
"Nov 12, 2024 6:32 PM","(-) Expense","373.50","Telephone","Primary","prepaid top-up"
"Nov 12, 2024 7:07 PM","(-) Expense","34.00","Transportation","Primary","bus"
"Nov 12, 2024 9:00 PM","(-) Expense","227.00","Food","Primary","pizza"
"Nov 13, 2024 8:20 AM","(-) Expense","10.00","Food","Primary","cutting chai"
"Nov 13, 2024 8:49 AM","(-) Expense","45.00","Transportation","Metro","metro"
"Nov 13, 2024 1:02 PM","(-) Expense","111.00","Food","Primary","thali"
"Nov 13, 2024 4:37 PM","(-) Expense","74.00","Food","Cash","ice cream"
"Nov 14, 2024 7:03 AM","(-) Expense","73.00","Sport","Primary","sports drink"
"Nov 14, 2024 8:18 AM","(-) Expense","10.00","Food","Cash","cutting chai"
"Nov 14, 2024 8:53 AM","(-) Expense","27.00","Transportation","Primary","bus"
"Nov 14, 2024 1:06 PM","(-) Expense","63.50","Food","Primary","dosa"
"Nov 14, 2024 7:08 PM","(-) Expense","20.00","Transportation","Primary","bus"
"Nov 15, 2024 8:21 AM","(-) Expense","28.00","Food","Primary","filter coffee"
"Nov 15, 2024 8:52 AM","(-) Expense","31.50","Transportation","Metro","metro"
"Nov 15, 2024 1:04 PM","(-) Expense","141.00","Food","Primary","lunch"
"Nov 15, 2024 4:43 PM","(-) Expense","35.00","Food","Cash","juice"
"Nov 15, 2024 7:10 PM","(-) Expense","43.00","Transportation","Metro","metro"
"Nov 15, 2024 8:03 PM","(*) Transfer","6435.00","-","Primary->Credit","credit card payment"
"Nov 16, 2024 7:00 AM","(-) Expense","286.00","Sport","Primary","badminton court"
"Nov 16, 2024 8:18 AM","(-) Expense","31.00","Food","Primary","filter coffee"
"Nov 16, 2024 4:38 PM","(-) Expense","15.00","Food","Primary","biscuit"
"Nov 16, 2024 6:18 PM","(-) Expense","231.50","Entertainment","Primary","movie"
"Nov 17, 2024 8:19 AM","(-) Expense","30.00","Food","Primary","filter coffee"
"Nov 17, 2024 1:06 PM","(-) Expense","552.00","Food","Primary","outside dinner"
"Nov 17, 2024 4:42 PM","(-) Expense","38.00","Food","Primary","poha"
"Nov 18, 2024 8:07 AM","(*) Transfer","480.00","-","Primary->Metro","metro card top-up"
"Nov 18, 2024 8:17 AM","(-) Expense","14.00","Food","Primary","tea"
"Nov 18, 2024 8:50 AM","(-) Expense","51.00","Transportation","Metro","metro"
"Nov 18, 2024 1:04 PM","(-) Expense","101.00","Food","Primary","office cafeteria"
"Nov 18, 2024 7:10 PM","(-) Expense","50.00","Transportation","Metro","metro"
"Nov 18, 2024 9:00 PM","(-) Expense","573.00","Food","Primary","outside dinner"
"Nov 19, 2024 7:02 AM","(-) Expense","103.00","Sport","Primary","swimming"
"Nov 19, 2024 8:50 AM","(-) Expense","30.00","Transportation","Primary","bus"
"Nov 19, 2024 1:03 PM","(-) Expense","81.00","Food","Primary","dosa"
"Nov 19, 2024 4:38 PM","(-) Expense","29.00","Food","Primary","samosa"
"Nov 19, 2024 7:07 PM","(-) Expense","16.00","Transportation","Primary","bus"
"Nov 19, 2024 9:03 PM","(-) Expense","404.00","Food","Primary","pizza"
"Nov 20, 2024 8:18 AM","(-) Expense","11.00","Food","Primary","cutting chai"
"Nov 20, 2024 1:05 PM","(-) Expense","113.00","Food","Primary","thali"
"Nov 20, 2024 4:38 PM","(-) Expense","23.00","Food","Primary","biscuit"
"Nov 20, 2024 5:42 PM","(*) Transfer","1680.00","-","Primary->Cash","atm cash"
"Nov 21, 2024 8:50 AM","(-) Expense","34.00","Transportation","Primary","bus"
"Nov 21, 2024 1:03 PM","(-) Expense","101.00","Food","Primary","thali"
"Nov 21, 2024 7:09 PM","(-) Expense","30.00","Transportation","Primary","bus"
"Nov 22, 2024 8:19 AM","(-) Expense","32.00","Food","Primary","filter coffee"
"Nov 22, 2024 8:49 AM","(-) Expense","17.00","Transportation","Primary","bus"
"Nov 22, 2024 1:06 PM","(-) Expense","171.00","Food","Primary","thali"
"Nov 22, 2024 3:33 PM","(-) Expense","245.00","Health","Primary","vitamins"
"Nov 22, 2024 4:41 PM","(-) Expense","48.00","Food","Primary","ice cream"
"Nov 22, 2024 7:13 PM","(-) Expense","22.00","Transportation","Primary","bus"
"Nov 23, 2024 8:17 AM","(-) Expense","11.00","Food","Primary","cutting chai"
"Nov 23, 2024 1:08 PM","(-) Expense","172.00","Food","Primary","dinner"
"Nov 23, 2024 4:41 PM","(-) Expense","82.00","Food","Cash","ice cream"
"Nov 23, 2024 9:00 PM","(-) Expense","183.50","Food","Primary","dinner"
"Nov 24, 2024 8:19 AM","(-) Expense","12.00","Food","Primary","cutting chai"
"Nov 24, 2024 1:07 PM","(-) Expense","347.00","Food","Primary","pizza"
"Nov 24, 2024 6:23 PM","(-) Expense","373.50","Entertainment","Primary","movie"
"Nov 24, 2024 8:07 PM","(-) Expense","225.50","Social","Primary","friend birthday gift"
"Nov 24, 2024 9:00 PM","(-) Expense","215.00","Food","Primary","biryani"
"Nov 25, 2024 8:53 AM","(-) Expense","21.00","Transportation","Primary","bus"
"Nov 25, 2024 1:07 PM","(-) Expense","57.00","Food","Primary","dosa"
"Nov 25, 2024 4:41 PM","(-) Expense","82.00","Food","Primary","ice cream"
"Nov 25, 2024 7:10 PM","(-) Expense","16.00","Transportation","Primary","bus"
"Nov 26, 2024 7:00 AM","(-) Expense","152.00","Sport","Primary","gym day pass"
"Nov 26, 2024 8:18 AM","(-) Expense","31.00","Food","Primary","filter coffee"
"Nov 26, 2024 8:49 AM","(-) Expense","46.00","Transportation","Primary","metro"
"Nov 26, 2024 1:07 PM","(-) Expense","90.50","Food","Primary","lunch"
"Nov 26, 2024 4:38 PM","(-) Expense","23.00","Food","Primary","biscuit"
"Nov 26, 2024 7:08 PM","(-) Expense","56.00","Transportation","Primary","metro"
"Nov 27, 2024 8:23 AM","(-) Expense","10.00","Food","Primary","cutting chai"
"Nov 27, 2024 8:52 AM","(-) Expense","34.00","Transportation","Primary","bus"
"Nov 27, 2024 1:03 PM","(-) Expense","149.00","Food","Primary","thali"
"Nov 27, 2024 7:08 PM","(-) Expense","22.50","Transportation","Primary","bus"
"Nov 28, 2024 8:18 AM","(-) Expense","10.00","Food","Primary","tea"
"Nov 28, 2024 8:51 AM","(-) Expense","53.00","Transportation","Primary","metro"
"Nov 28, 2024 1:03 PM","(-) Expense","114.00","Food","Primary","thali"
"Nov 29, 2024 8:18 AM","(-) Expense","11.00","Food","Cash","cutting chai"
"Nov 29, 2024 1:03 PM","(-) Expense","63.00","Food","Primary","dosa"
"Nov 29, 2024 4:40 PM","(-) Expense","31.00","Food","Primary","filter coffee"
"Nov 30, 2024 7:00 AM","(-) Expense","57.00","Sport","Primary","swimming"
"Nov 30, 2024 1:03 PM","(-) Expense","209.00","Food","Primary","thali"
"Nov 30, 2024 6:23 PM","(-) Expense","282.00","Entertainment","Primary","cafe hangout"
"Nov 30, 2024 8:12 PM","(-) Expense","2792.00","Social","Primary","wedding gift"
"Dec 01, 2024 8:18 AM","(-) Expense","10.00","Food","Primary","tea"
"Dec 01, 2024 9:12 AM","(+) Income","51840.00","Salary","Primary","monthly salary"
"Dec 01, 2024 9:42 AM","(*) Transfer","8943.00","-","Primary->Savings","monthly save"
"Dec 01, 2024 11:06 AM","(-) Expense","354.00","Ration","Primary","chicken"
"Dec 01, 2024 11:09 AM","(-) Expense","247.00","Ration","Primary","weekly veggies"
"Dec 01, 2024 11:31 AM","(-) Expense","102.00","Ration","Primary","fruits"
"Dec 01, 2024 4:42 PM","(-) Expense","75.00","Food","Primary","fruit salad"
"Dec 02, 2024 8:48 AM","(-) Expense","49.50","Transportation","Metro","metro"
"Dec 02, 2024 10:03 AM","(-) Expense","10744.00","Home","Primary","rent share"
"Dec 02, 2024 1:07 PM","(-) Expense","169.00","Food","Primary","thali"
"Dec 02, 2024 4:38 PM","(-) Expense","113.00","Food","Primary","ice cream"
"Dec 02, 2024 7:09 PM","(-) Expense","47.00","Transportation","Metro","metro"
"Dec 02, 2024 9:00 PM","(-) Expense","402.00","Food","Primary","weekend brunch"
"Dec 03, 2024 7:00 AM","(-) Expense","115.00","Sport","Primary","swimming"
"Dec 03, 2024 8:10 AM","(*) Transfer","323.00","-","Primary->Metro","metro card top-up"
"Dec 03, 2024 8:22 AM","(-) Expense","13.00","Food","Primary","tea"
"Dec 03, 2024 8:48 AM","(-) Expense","31.00","Transportation","Metro","metro"
"Dec 03, 2024 1:03 PM","(-) Expense","46.00","Food","Primary","idli"
"Dec 03, 2024 7:08 PM","(-) Expense","48.00","Transportation","Metro","metro"
"Dec 03, 2024 9:00 PM","(-) Expense","97.00","Food","Primary","office cafeteria"
"Dec 04, 2024 8:18 AM","(-) Expense","34.00","Food","Primary","filter coffee"
"Dec 04, 2024 8:48 AM","(-) Expense","18.00","Transportation","Primary","bus"
"Dec 04, 2024 1:07 PM","(-) Expense","130.50","Food","Primary","thali"
"Dec 04, 2024 3:32 PM","(-) Expense","667.00","Health","Primary","doctor consult"
"Dec 04, 2024 7:13 PM","(-) Expense","31.00","Transportation","Primary","bus"
"Dec 05, 2024 7:00 AM","(-) Expense","123.00","Sport","Primary","gym day pass"
"Dec 05, 2024 8:49 AM","(-) Expense","55.00","Transportation","Metro","metro"
"Dec 05, 2024 11:17 AM","(-) Expense","542.00","Bills","Primary","wifi"
"Dec 05, 2024 1:03 PM","(-) Expense","159.00","Food","Primary","lunch"
"Dec 05, 2024 4:41 PM","(-) Expense","33.00","Food","Primary","idli"
"Dec 05, 2024 7:09 PM","(-) Expense","59.00","Transportation","Metro","metro"
"Dec 05, 2024 9:00 PM","(-) Expense","152.00","Food","Primary","lunch"
"Dec 06, 2024 8:22 AM","(-) Expense","11.00","Food","Cash","cutting chai"
"Dec 06, 2024 8:49 AM","(-) Expense","53.00","Transportation","Metro","metro"
"Dec 06, 2024 1:06 PM","(-) Expense","105.00","Food","Primary","thali"
"Dec 06, 2024 7:13 PM","(-) Expense","46.00","Transportation","Metro","metro"
"Dec 07, 2024 7:00 AM","(-) Expense","71.00","Sport","Primary","sports drink"
"Dec 07, 2024 8:17 AM","(-) Expense","28.50","Food","Cash","filter coffee"
"Dec 07, 2024 11:23 AM","(-) Expense","64.00","Ration","Primary","milk and curd"
"Dec 07, 2024 11:25 AM","(-) Expense","98.00","Ration","Primary","fruits"
"Dec 07, 2024 11:30 AM","(-) Expense","307.00","Ration","Primary","chicken"
"Dec 07, 2024 4:38 PM","(-) Expense","10.00","Food","Primary","tea"
"Dec 08, 2024 8:22 AM","(-) Expense","23.00","Food","Cash","filter coffee"
"Dec 08, 2024 11:13 AM","(-) Expense","349.50","Ration","Primary","chicken"
"Dec 08, 2024 11:27 AM","(-) Expense","67.00","Ration","Primary","bread and butter"
"Dec 08, 2024 11:34 AM","(-) Expense","143.00","Ration","Primary","fruits"
"Dec 08, 2024 12:11 PM","(-) Expense","1363.00","Bills","Primary","electricity"
"Dec 08, 2024 1:06 PM","(-) Expense","415.00","Food","Primary","pizza"
"Dec 08, 2024 3:30 PM","(-) Expense","324.00","Health","Primary","vitamins"
"Dec 08, 2024 4:40 PM","(-) Expense","26.00","Food","Cash","water bottle"
"Dec 09, 2024 8:19 AM","(-) Expense","20.50","Food","Cash","filter coffee"
"Dec 09, 2024 8:51 AM","(-) Expense","31.50","Transportation","Metro","metro"
"Dec 09, 2024 1:03 PM","(-) Expense","153.50","Food","Primary","thali"
"Dec 09, 2024 4:37 PM","(-) Expense","11.00","Food","Cash","cutting chai"
"Dec 09, 2024 7:13 PM","(-) Expense","48.00","Transportation","Metro","metro"
"Dec 10, 2024 8:21 AM","(-) Expense","12.00","Food","Cash","tea"
"Dec 10, 2024 8:49 AM","(-) Expense","42.00","Transportation","Metro","metro"
"Dec 10, 2024 1:04 PM","(-) Expense","69.00","Food","Primary","idli"
"Dec 10, 2024 9:03 PM","(-) Expense","148.00","Food","Primary","dinner"
"Dec 11, 2024 8:19 AM","(-) Expense","10.00","Food","Primary","cutting chai"
"Dec 11, 2024 1:03 PM","(-) Expense","117.00","Food","Primary","lunch"
"Dec 12, 2024 7:01 AM","(-) Expense","193.00","Sport","Primary","gym day pass"
"Dec 12, 2024 8:52 AM","(-) Expense","48.00","Transportation","Metro","metro"
"Dec 12, 2024 1:02 PM","(-) Expense","75.00","Food","Primary","office cafeteria"
"Dec 12, 2024 4:41 PM","(-) Expense","80.00","Food","Cash","ice cream"
"Dec 12, 2024 6:32 PM","(-) Expense","251.00","Telephone","Primary","prepaid top-up"
"Dec 12, 2024 7:11 PM","(-) Expense","52.00","Transportation","Metro","metro"
"Dec 13, 2024 8:51 AM","(-) Expense","22.50","Transportation","Primary","bus"
"Dec 13, 2024 1:04 PM","(-) Expense","54.00","Food","Primary","idli"
"Dec 13, 2024 7:07 PM","(-) Expense","31.00","Transportation","Primary","bus"
"Dec 14, 2024 7:01 AM","(-) Expense","78.00","Sport","Primary","sports drink"
"Dec 14, 2024 11:11 AM","(-) Expense","271.00","Ration","Primary","rice and dal"
"Dec 14, 2024 11:14 AM","(-) Expense","321.00","Ration","Primary","weekly veggies"
"Dec 14, 2024 11:19 AM","(-) Expense","65.00","Ration","Primary","milk and curd"
"Dec 14, 2024 11:22 AM","(-) Expense","62.50","Ration","Primary","milk and curd"
"Dec 14, 2024 11:23 AM","(-) Expense","294.00","Ration","Primary","rice and dal"
"Dec 14, 2024 1:08 PM","(-) Expense","171.00","Food","Primary","biryani"
"Dec 15, 2024 8:19 AM","(-) Expense","12.00","Food","Cash","cutting chai"
"Dec 15, 2024 11:18 AM","(-) Expense","300.00","Ration","Primary","rice and dal"
"Dec 15, 2024 11:25 AM","(-) Expense","56.00","Ration","Primary","bread and butter"
"Dec 15, 2024 11:35 AM","(-) Expense","55.00","Ration","Primary","bread and butter"
"Dec 15, 2024 11:36 AM","(-) Expense","420.00","Ration","Primary","rice and dal"
"Dec 15, 2024 11:39 AM","(-) Expense","434.00","Ration","Primary","grocery restock"
"Dec 15, 2024 1:04 PM","(-) Expense","361.00","Food","Primary","outside dinner"
"Dec 15, 2024 4:37 PM","(-) Expense","38.00","Food","Primary","idli"
"Dec 15, 2024 8:07 PM","(*) Transfer","6838.00","-","Primary->Credit","credit card payment"
"Dec 15, 2024 8:08 PM","(-) Expense","799.00","Social","Primary","friend birthday gift"
"Dec 16, 2024 8:17 AM","(-) Expense","11.00","Food","Primary","tea"
"Dec 16, 2024 8:48 AM","(-) Expense","31.00","Transportation","Metro","metro"
"Dec 16, 2024 1:04 PM","(-) Expense","124.00","Food","Primary","office cafeteria"
"Dec 16, 2024 4:39 PM","(-) Expense","10.00","Food","Cash","cutting chai"
"Dec 16, 2024 7:07 PM","(-) Expense","40.00","Transportation","Metro","metro"
"Dec 16, 2024 9:02 PM","(-) Expense","90.00","Food","Primary","office cafeteria"
"Dec 17, 2024 8:21 AM","(-) Expense","12.50","Food","Primary","tea"
"Dec 17, 2024 8:52 AM","(-) Expense","40.00","Transportation","Metro","metro"
"Dec 17, 2024 1:08 PM","(-) Expense","90.00","Food","Primary","dosa"
"Dec 17, 2024 7:08 PM","(-) Expense","42.00","Transportation","Metro","metro"
"Dec 18, 2024 8:11 AM","(*) Transfer","319.00","-","Primary->Metro","metro card top-up"
"Dec 18, 2024 8:19 AM","(-) Expense","11.50","Food","Primary","cutting chai"
"Dec 18, 2024 8:49 AM","(-) Expense","56.00","Transportation","Metro","metro"
"Dec 18, 2024 1:04 PM","(-) Expense","47.50","Food","Primary","idli"
"Dec 18, 2024 7:08 PM","(-) Expense","54.00","Transportation","Metro","metro"
"Dec 18, 2024 9:00 PM","(-) Expense","167.00","Food","Primary","thali"
"Dec 19, 2024 8:17 AM","(-) Expense","11.00","Food","Primary","cutting chai"
"Dec 19, 2024 8:47 AM","(-) Expense","31.00","Transportation","Metro","metro"
"Dec 19, 2024 4:39 PM","(-) Expense","14.50","Food","Primary","tea"
"Dec 19, 2024 7:09 PM","(-) Expense","50.00","Transportation","Metro","metro"
"Dec 20, 2024 8:20 AM","(-) Expense","25.00","Food","Primary","filter coffee"
"Dec 20, 2024 8:53 AM","(-) Expense","21.00","Transportation","Primary","bus"
"Dec 20, 2024 11:01 AM","(+) Income","8470.00","Awards","Primary","year-end bonus"
"Dec 20, 2024 1:04 PM","(-) Expense","164.00","Food","Primary","thali"
"Dec 20, 2024 5:48 PM","(*) Transfer","2581.00","-","Primary->Cash","atm cash"
"Dec 20, 2024 7:13 PM","(-) Expense","27.00","Transportation","Primary","bus"
"Dec 21, 2024 7:02 AM","(-) Expense","66.00","Sport","Primary","sports drink"
"Dec 21, 2024 1:02 PM","(-) Expense","126.00","Food","Primary","dinner"
"Dec 21, 2024 6:21 PM","(-) Expense","380.00","Entertainment","Primary","game purchase"
"Dec 21, 2024 8:12 PM","(-) Expense","346.00","Social","Primary","festival sweets"
"Dec 22, 2024 8:20 AM","(-) Expense","11.00","Food","Cash","cutting chai"
"Dec 22, 2024 1:06 PM","(-) Expense","282.00","Food","Primary","weekend brunch"
"Dec 22, 2024 4:39 PM","(-) Expense","16.50","Food","Cash","biscuit"
"Dec 23, 2024 8:20 AM","(-) Expense","12.00","Food","Primary","tea"
"Dec 23, 2024 8:53 AM","(-) Expense","51.00","Transportation","Metro","metro"
"Dec 23, 2024 1:03 PM","(-) Expense","62.00","Food","Primary","dosa"
"Dec 23, 2024 7:13 PM","(-) Expense","53.00","Transportation","Metro","metro"
"Dec 24, 2024 8:19 AM","(-) Expense","30.00","Food","Primary","filter coffee"
"Dec 24, 2024 8:47 AM","(-) Expense","33.00","Transportation","Primary","metro"
"Dec 24, 2024 1:07 PM","(-) Expense","68.00","Food","Primary","idli"
"Dec 24, 2024 7:12 PM","(-) Expense","55.00","Transportation","Primary","metro"
"Dec 25, 2024 8:22 AM","(-) Expense","10.00","Food","Primary","cutting chai"
"Dec 25, 2024 8:51 AM","(-) Expense","41.00","Transportation","Metro","metro"
"Dec 25, 2024 1:02 PM","(-) Expense","93.00","Food","Primary","office cafeteria"
"Dec 25, 2024 7:10 PM","(-) Expense","59.00","Transportation","Metro","metro"
"Dec 26, 2024 7:00 AM","(-) Expense","164.00","Sport","Primary","gym day pass"
"Dec 26, 2024 8:22 AM","(-) Expense","10.00","Food","Primary","cutting chai"
"Dec 26, 2024 8:50 AM","(-) Expense","25.00","Transportation","Primary","bus"
"Dec 26, 2024 1:04 PM","(-) Expense","121.00","Food","Primary","thali"
"Dec 26, 2024 4:41 PM","(-) Expense","110.00","Food","Primary","ice cream"
"Dec 26, 2024 7:10 PM","(-) Expense","22.00","Transportation","Primary","bus"
"Dec 27, 2024 8:22 AM","(-) Expense","26.00","Food","Primary","filter coffee"
"Dec 27, 2024 8:53 AM","(-) Expense","43.00","Transportation","Metro","metro"
"Dec 27, 2024 1:08 PM","(-) Expense","99.00","Food","Primary","office cafeteria"
"Dec 27, 2024 4:39 PM","(-) Expense","11.00","Food","Cash","cutting chai"
"Dec 27, 2024 7:07 PM","(-) Expense","46.00","Transportation","Metro","metro"
"Dec 28, 2024 7:02 AM","(-) Expense","158.00","Sport","Primary","gym day pass"
"Dec 28, 2024 8:21 AM","(-) Expense","10.00","Food","Primary","cutting chai"
"Dec 28, 2024 1:07 PM","(-) Expense","186.00","Food","Primary","thali"
"Dec 28, 2024 4:38 PM","(-) Expense","115.00","Food","Primary","ice cream"
"Dec 28, 2024 6:17 PM","(-) Expense","404.00","Entertainment","Primary","movie"
"Dec 28, 2024 8:07 PM","(-) Expense","238.00","Social","Primary","friend birthday gift"
"Dec 29, 2024 1:02 PM","(-) Expense","81.00","Food","Primary","burger"
"Dec 29, 2024 4:40 PM","(-) Expense","46.00","Food","Primary","idli"
"Dec 29, 2024 6:23 PM","(-) Expense","321.00","Entertainment","Primary","movie"
"Dec 29, 2024 9:00 PM","(-) Expense","671.00","Food","Primary","outside dinner"
"Dec 30, 2024 8:22 AM","(-) Expense","14.00","Food","Cash","tea"
"Dec 30, 2024 8:48 AM","(-) Expense","15.00","Transportation","Primary","bus"
"Dec 30, 2024 1:04 PM","(-) Expense","82.00","Food","Primary","lunch"
"Dec 30, 2024 4:40 PM","(-) Expense","43.00","Food","Cash","juice"
"Dec 30, 2024 7:09 PM","(-) Expense","34.00","Transportation","Primary","bus"
"Dec 31, 2024 7:00 AM","(-) Expense","56.00","Sport","Primary","sports drink"
"Dec 31, 2024 8:17 AM","(-) Expense","26.00","Food","Primary","filter coffee"
"Dec 31, 2024 1:05 PM","(-) Expense","52.00","Food","Primary","dosa"
"Dec 31, 2024 3:31 PM","(-) Expense","573.00","Health","Primary","doctor consult"
"Dec 31, 2024 4:43 PM","(-) Expense","28.00","Food","Cash","egg puff"
"Jan 01, 2025 8:20 AM","(-) Expense","10.00","Food","Primary","cutting chai"
"Jan 01, 2025 8:52 AM","(-) Expense","49.00","Transportation","Metro","metro"
"Jan 01, 2025 9:16 AM","(+) Income","51840.00","Salary","Primary","monthly salary"
"Jan 01, 2025 9:43 AM","(*) Transfer","8509.00","-","Primary->Savings","monthly save"
"Jan 01, 2025 9:56 AM","(*) Transfer","3286.00","-","Savings->Emergency","emergency fund"
"Jan 01, 2025 1:02 PM","(-) Expense","49.00","Food","Primary","idli"
"Jan 01, 2025 7:12 PM","(-) Expense","43.00","Transportation","Metro","metro"
"Jan 02, 2025 8:20 AM","(-) Expense","11.00","Food","Primary","cutting chai"
"Jan 02, 2025 8:53 AM","(-) Expense","51.00","Transportation","Metro","metro"
"Jan 02, 2025 10:02 AM","(-) Expense","11151.00","Home","Primary","rent share"
"Jan 02, 2025 1:03 PM","(-) Expense","113.00","Food","Primary","thali"
"Jan 02, 2025 4:41 PM","(-) Expense","26.00","Food","Primary","egg puff"
"Jan 02, 2025 7:11 PM","(-) Expense","48.00","Transportation","Metro","metro"
"Jan 03, 2025 8:13 AM","(*) Transfer","451.00","-","Primary->Metro","metro card top-up"
"Jan 03, 2025 8:21 AM","(-) Expense","10.50","Food","Cash","tea"
"Jan 03, 2025 8:47 AM","(-) Expense","53.00","Transportation","Primary","metro"
"Jan 03, 2025 1:05 PM","(-) Expense","93.50","Food","Primary","lunch"
"Jan 03, 2025 4:40 PM","(-) Expense","119.00","Food","Primary","ice cream"
"Jan 03, 2025 7:08 PM","(-) Expense","53.00","Transportation","Primary","metro"
"Jan 04, 2025 8:22 AM","(-) Expense","12.00","Food","Primary","tea"
"Jan 04, 2025 11:08 AM","(-) Expense","82.00","Ration","Primary","milk and curd"
"Jan 04, 2025 11:32 AM","(-) Expense","65.50","Ration","Primary","eggs pack"
"Jan 04, 2025 4:43 PM","(-) Expense","37.00","Food","Cash","egg puff"
"Jan 04, 2025 6:20 PM","(-) Expense","937.50","Entertainment","Primary","concert ticket"
"Jan 05, 2025 8:19 AM","(-) Expense","14.50","Food","Primary","tea"
"Jan 05, 2025 11:17 AM","(-) Expense","742.00","Bills","Primary","wifi"
"Jan 05, 2025 1:06 PM","(-) Expense","614.00","Food","Primary","outside dinner"
"Jan 05, 2025 4:38 PM","(-) Expense","27.00","Food","Primary","samosa"
"Jan 06, 2025 8:50 AM","(-) Expense","44.00","Transportation","Primary","metro"
"Jan 06, 2025 1:04 PM","(-) Expense","104.00","Food","Primary","thali"
"Jan 06, 2025 7:08 PM","(-) Expense","58.00","Transportation","Primary","metro"
"Jan 07, 2025 8:23 AM","(-) Expense","10.50","Food","Primary","cutting chai"
"Jan 07, 2025 8:53 AM","(-) Expense","45.00","Transportation","Metro","metro"
"Jan 07, 2025 1:04 PM","(-) Expense","174.00","Food","Primary","thali"
"Jan 07, 2025 4:39 PM","(-) Expense","12.00","Food","Primary","cutting chai"
"Jan 07, 2025 7:10 PM","(-) Expense","49.00","Transportation","Metro","metro"
"Jan 08, 2025 8:20 AM","(-) Expense","22.00","Food","Cash","filter coffee"
"Jan 08, 2025 8:51 AM","(-) Expense","53.50","Transportation","Metro","metro"
"Jan 08, 2025 12:12 PM","(-) Expense","640.00","Bills","Primary","electricity"
"Jan 08, 2025 1:02 PM","(-) Expense","86.00","Food","Primary","dosa"
"Jan 08, 2025 3:33 PM","(-) Expense","288.50","Health","Primary","vitamins"
"Jan 08, 2025 4:40 PM","(-) Expense","31.50","Food","Cash","filter coffee"
"Jan 08, 2025 7:07 PM","(-) Expense","42.00","Transportation","Metro","metro"
"Jan 09, 2025 7:00 AM","(-) Expense","147.00","Sport","Primary","swimming"
"Jan 09, 2025 8:19 AM","(-) Expense","13.00","Food","Primary","tea"
"Jan 09, 2025 8:52 AM","(-) Expense","33.00","Transportation","Primary","metro"
"Jan 09, 2025 4:40 PM","(-) Expense","101.00","Food","Cash","ice cream"
"Jan 09, 2025 7:13 PM","(-) Expense","53.00","Transportation","Primary","metro"
"Jan 10, 2025 8:23 AM","(-) Expense","22.00","Food","Primary","filter coffee"
"Jan 10, 2025 8:52 AM","(-) Expense","30.00","Transportation","Primary","bus"
"Jan 10, 2025 1:04 PM","(-) Expense","69.00","Food","Primary","idli"
"Jan 10, 2025 3:27 PM","(-) Expense","169.00","Health","Primary","pharmacy"
"Jan 10, 2025 7:08 PM","(-) Expense","28.50","Transportation","Primary","bus"
"Jan 11, 2025 7:00 AM","(-) Expense","157.00","Sport","Primary","gym day pass"
"Jan 11, 2025 8:17 AM","(-) Expense","34.50","Food","Primary","filter coffee"
"Jan 11, 2025 11:15 AM","(-) Expense","300.00","Ration","Primary","weekly veggies"
"Jan 11, 2025 11:34 AM","(-) Expense","103.00","Ration","Primary","milk and curd"
"Jan 11, 2025 1:06 PM","(-) Expense","154.00","Food","Primary","dinner"
"Jan 11, 2025 4:42 PM","(-) Expense","41.00","Food","Cash","idli"
"Jan 11, 2025 6:22 PM","(-) Expense","1129.50","Entertainment","Primary","concert ticket"
"Jan 11, 2025 9:00 PM","(-) Expense","176.00","Food","Primary","lunch"
"Jan 12, 2025 8:17 AM","(-) Expense","10.00","Food","Primary","cutting chai"
"Jan 12, 2025 1:03 PM","(-) Expense","267.00","Food","Primary","biryani"
"Jan 12, 2025 4:39 PM","(-) Expense","28.00","Food","Cash","egg puff"
"Jan 12, 2025 5:01 PM","(-) Expense","2370.00","Clothing","Primary","ethnic wear"
"Jan 12, 2025 6:19 PM","(-) Expense","1363.00","Entertainment","Primary","concert ticket"
"Jan 12, 2025 6:33 PM","(-) Expense","230.00","Telephone","Primary","prepaid top-up"
"Jan 12, 2025 8:11 PM","(-) Expense","224.00","Social","Primary","friend birthday gift"
"Jan 13, 2025 8:23 AM","(-) Expense","22.00","Food","Primary","filter coffee"
"Jan 13, 2025 8:50 AM","(-) Expense","46.50","Transportation","Metro","metro"
"Jan 13, 2025 1:02 PM","(-) Expense","80.50","Food","Primary","office cafeteria"
"Jan 13, 2025 7:13 PM","(-) Expense","60.00","Transportation","Metro","metro"
"Jan 14, 2025 8:21 AM","(-) Expense","23.00","Food","Primary","filter coffee"
"Jan 14, 2025 1:03 PM","(-) Expense","50.00","Food","Primary","dosa"
"Jan 14, 2025 4:43 PM","(-) Expense","33.00","Food","Primary","idli"
"Jan 14, 2025 9:02 PM","(-) Expense","176.00","Food","Primary","burger"
"Jan 15, 2025 8:21 AM","(-) Expense","12.00","Food","Primary","tea"
"Jan 15, 2025 8:51 AM","(-) Expense","58.00","Transportation","Metro","metro"
"Jan 15, 2025 1:02 PM","(-) Expense","78.50","Food","Primary","dosa"
"Jan 15, 2025 7:10 PM","(-) Expense","43.00","Transportation","Metro","metro"
"Jan 15, 2025 8:07 PM","(*) Transfer","3026.00","-","Primary->Credit","credit card payment"
"Jan 16, 2025 7:00 AM","(-) Expense","116.00","Sport","Primary","swimming"
"Jan 16, 2025 8:18 AM","(-) Expense","12.00","Food","Primary","cutting chai"
"Jan 16, 2025 1:07 PM","(-) Expense","88.00","Food","Primary","lunch"
"Jan 16, 2025 4:40 PM","(-) Expense","47.00","Food","Primary","fruit salad"
"Jan 17, 2025 8:19 AM","(-) Expense","13.00","Food","Cash","tea"
"Jan 17, 2025 8:52 AM","(-) Expense","55.00","Transportation","Metro","metro"
"Jan 17, 2025 1:03 PM","(-) Expense","113.00","Food","Primary","office cafeteria"
"Jan 17, 2025 7:07 PM","(-) Expense","45.50","Transportation","Metro","metro"
"Jan 17, 2025 9:00 PM","(-) Expense","157.00","Food","Primary","thali"
"Jan 18, 2025 7:02 AM","(-) Expense","75.00","Sport","Primary","sports drink"
"Jan 18, 2025 8:23 AM","(-) Expense","13.00","Food","Primary","tea"
"Jan 18, 2025 1:04 PM","(-) Expense","349.00","Food","Primary","weekend brunch"
"Jan 18, 2025 9:02 PM","(-) Expense","122.00","Food","Primary","thali"
"Jan 19, 2025 8:22 AM","(-) Expense","28.00","Food","Cash","filter coffee"
"Jan 19, 2025 1:03 PM","(-) Expense","95.00","Food","Primary","burger"
"Jan 19, 2025 6:19 PM","(-) Expense","301.50","Entertainment","Primary","movie"
"Jan 20, 2025 8:17 AM","(-) Expense","25.00","Food","Primary","filter coffee"
"Jan 20, 2025 8:49 AM","(-) Expense","28.00","Transportation","Primary","bus"
"Jan 20, 2025 1:06 PM","(-) Expense","95.00","Food","Primary","office cafeteria"
"Jan 20, 2025 5:45 PM","(*) Transfer","2860.00","-","Primary->Cash","atm cash"
"Jan 20, 2025 7:08 PM","(-) Expense","29.00","Transportation","Primary","bus"
"Jan 21, 2025 7:02 AM","(-) Expense","81.00","Sport","Primary","swimming"
"Jan 21, 2025 8:22 AM","(-) Expense","10.50","Food","Primary","tea"
"Jan 21, 2025 8:49 AM","(-) Expense","45.00","Transportation","Metro","metro"
"Jan 21, 2025 1:06 PM","(-) Expense","69.00","Food","Primary","idli"
"Jan 21, 2025 7:13 PM","(-) Expense","50.50","Transportation","Metro","metro"
"Jan 22, 2025 8:18 AM","(-) Expense","33.00","Food","Primary","filter coffee"
"Jan 22, 2025 8:49 AM","(-) Expense","53.50","Transportation","Metro","metro"
"Jan 22, 2025 1:05 PM","(-) Expense","66.00","Food","Primary","dosa"
"Jan 22, 2025 7:12 PM","(-) Expense","36.00","Transportation","Metro","metro"
"Jan 23, 2025 7:02 AM","(-) Expense","64.00","Sport","Primary","sports drink"
"Jan 23, 2025 8:19 AM","(-) Expense","11.50","Food","Primary","cutting chai"
"Jan 23, 2025 1:04 PM","(-) Expense","128.00","Food","Primary","office cafeteria"
"Jan 24, 2025 8:23 AM","(-) Expense","14.50","Food","Primary","tea"
"Jan 24, 2025 8:48 AM","(-) Expense","49.00","Transportation","Primary","metro"
"Jan 24, 2025 1:02 PM","(-) Expense","121.00","Food","Primary","office cafeteria"
"Jan 24, 2025 4:38 PM","(-) Expense","18.50","Food","Primary","samosa"
"Jan 24, 2025 7:09 PM","(-) Expense","44.00","Transportation","Primary","metro"
"Jan 24, 2025 9:00 PM","(-) Expense","118.50","Food","Primary","dinner"
"Jan 25, 2025 8:19 AM","(-) Expense","14.00","Food","Primary","tea"
"Jan 25, 2025 4:38 PM","(-) Expense","76.00","Food","Cash","dosa"
"Jan 25, 2025 6:20 PM","(-) Expense","435.00","Entertainment","Primary","movie"
"Jan 26, 2025 8:22 AM","(-) Expense","24.00","Food","Primary","filter coffee"
"Jan 26, 2025 1:08 PM","(-) Expense","484.00","Food","Primary","outside dinner"
"Jan 26, 2025 6:22 PM","(-) Expense","2440.50","Entertainment","Primary","concert ticket"
"Jan 27, 2025 8:20 AM","(-) Expense","13.00","Food","Primary","tea"
"Jan 27, 2025 8:47 AM","(-) Expense","46.00","Transportation","Metro","metro"
"Jan 27, 2025 1:02 PM","(-) Expense","51.00","Food","Primary","dosa"
"Jan 27, 2025 4:42 PM","(-) Expense","40.00","Food","Primary","egg puff"
"Jan 27, 2025 7:12 PM","(-) Expense","39.00","Transportation","Metro","metro"
"Jan 28, 2025 7:00 AM","(-) Expense","112.00","Sport","Primary","swimming"
"Jan 28, 2025 8:21 AM","(-) Expense","11.00","Food","Primary","cutting chai"
"Jan 28, 2025 1:08 PM","(-) Expense","75.00","Food","Primary","dosa"
"Jan 29, 2025 8:48 AM","(-) Expense","29.50","Transportation","Primary","bus"
"Jan 29, 2025 1:03 PM","(-) Expense","108.50","Food","Primary","office cafeteria"
"Jan 29, 2025 4:41 PM","(-) Expense","22.00","Food","Primary","water bottle"
"Jan 29, 2025 7:13 PM","(-) Expense","28.00","Transportation","Primary","bus"
"Jan 29, 2025 9:03 PM","(-) Expense","318.00","Food","Primary","pizza"
"Jan 30, 2025 8:51 AM","(-) Expense","54.00","Transportation","Primary","metro"
"Jan 30, 2025 1:08 PM","(-) Expense","121.00","Food","Primary","office cafeteria"
"Jan 30, 2025 4:37 PM","(-) Expense","32.00","Food","Primary","poha"
"Jan 30, 2025 7:11 PM","(-) Expense","42.50","Transportation","Primary","metro"
"Jan 31, 2025 8:22 AM","(-) Expense","12.00","Food","Primary","cutting chai"
"Jan 31, 2025 8:50 AM","(-) Expense","19.00","Transportation","Primary","bus"
"Jan 31, 2025 1:03 PM","(-) Expense","127.00","Food","Primary","office cafeteria"
"Jan 31, 2025 4:37 PM","(-) Expense","53.00","Food","Primary","juice"
"Jan 31, 2025 7:08 PM","(-) Expense","19.00","Transportation","Primary","bus"
"Feb 01, 2025 7:00 AM","(-) Expense","139.50","Sport","Primary","gym day pass"
"Feb 01, 2025 8:19 AM","(-) Expense","10.00","Food","Primary","cutting chai"
"Feb 01, 2025 9:13 AM","(+) Income","51840.00","Salary","Primary","monthly salary"
"Feb 01, 2025 9:37 AM","(*) Transfer","13140.00","-","Primary->Savings","monthly save"
"Feb 01, 2025 11:09 AM","(-) Expense","72.00","Ration","Primary","bread and butter"
"Feb 01, 2025 11:12 AM","(-) Expense","89.00","Ration","Primary","milk and curd"
"Feb 01, 2025 11:17 AM","(-) Expense","83.00","Ration","Primary","milk and curd"
"Feb 01, 2025 11:35 AM","(-) Expense","249.00","Ration","Primary","weekly veggies"
"Feb 01, 2025 4:43 PM","(-) Expense","51.50","Food","Cash","juice"
"Feb 02, 2025 8:22 AM","(-) Expense","24.00","Food","Cash","filter coffee"
"Feb 02, 2025 10:02 AM","(-) Expense","11998.00","Home","Primary","rent share"
"Feb 02, 2025 2:00 PM","(-) Expense","301.00","Education","Primary","book"
"Feb 02, 2025 6:21 PM","(-) Expense","1346.00","Entertainment","Primary","concert ticket"
"Feb 02, 2025 9:00 PM","(-) Expense","224.00","Food","Primary","biryani"
"Feb 03, 2025 8:07 AM","(*) Transfer","241.00","-","Primary->Metro","metro card top-up"
"Feb 03, 2025 8:21 AM","(-) Expense","11.00","Food","Primary","tea"
"Feb 03, 2025 1:06 PM","(-) Expense","57.00","Food","Primary","idli"
"Feb 03, 2025 4:40 PM","(-) Expense","28.00","Food","Primary","egg puff"
"Feb 04, 2025 7:00 AM","(-) Expense","247.00","Sport","Primary","badminton court"
"Feb 04, 2025 8:50 AM","(-) Expense","53.00","Transportation","Metro","metro"
"Feb 04, 2025 1:03 PM","(-) Expense","109.00","Food","Primary","thali"
"Feb 04, 2025 7:12 PM","(-) Expense","58.50","Transportation","Metro","metro"
"Feb 05, 2025 8:48 AM","(-) Expense","48.00","Transportation","Metro","metro"
"Feb 05, 2025 11:19 AM","(-) Expense","668.00","Bills","Primary","wifi"
"Feb 05, 2025 1:06 PM","(-) Expense","136.00","Food","Primary","thali"
"Feb 05, 2025 3:27 PM","(-) Expense","207.00","Health","Primary","vitamins"
"Feb 05, 2025 4:40 PM","(-) Expense","32.00","Food","Cash","filter coffee"
"Feb 05, 2025 7:09 PM","(-) Expense","51.00","Transportation","Metro","metro"
"Feb 06, 2025 7:01 AM","(-) Expense","278.50","Sport","Primary","badminton court"
"Feb 06, 2025 8:20 AM","(-) Expense","10.50","Food","Primary","tea"
"Feb 06, 2025 8:48 AM","(-) Expense","26.00","Transportation","Primary","bus"
"Feb 06, 2025 1:04 PM","(-) Expense","91.00","Food","Primary","office cafeteria"
"Feb 06, 2025 4:42 PM","(-) Expense","58.00","Food","Primary","dosa"
"Feb 06, 2025 7:07 PM","(-) Expense","29.00","Transportation","Primary","bus"
"Feb 07, 2025 8:23 AM","(-) Expense","21.00","Food","Primary","filter coffee"
"Feb 07, 2025 8:51 AM","(-) Expense","34.00","Transportation","Primary","bus"
"Feb 07, 2025 1:05 PM","(-) Expense","61.00","Food","Primary","dosa"
"Feb 07, 2025 4:39 PM","(-) Expense","50.50","Food","Primary","dosa"
"Feb 07, 2025 7:08 PM","(-) Expense","31.50","Transportation","Primary","bus"
"Feb 08, 2025 7:02 AM","(-) Expense","117.50","Sport","Primary","gym day pass"
"Feb 08, 2025 8:19 AM","(-) Expense","10.00","Food","Primary","cutting chai"
"Feb 08, 2025 11:19 AM","(-) Expense","850.00","Ration","Primary","grocery restock"
"Feb 08, 2025 11:20 AM","(-) Expense","377.00","Ration","Primary","rice and dal"
"Feb 08, 2025 12:08 PM","(-) Expense","1391.00","Bills","Primary","electricity"
"Feb 08, 2025 6:23 PM","(-) Expense","2122.00","Entertainment","Primary","concert ticket"
"Feb 08, 2025 8:09 PM","(-) Expense","241.50","Social","Primary","festival sweets"
"Feb 09, 2025 1:03 PM","(-) Expense","193.00","Food","Primary","thali"
"Feb 09, 2025 3:33 PM","(-) Expense","695.00","Health","Primary","lab test"
"Feb 09, 2025 8:12 PM","(-) Expense","269.00","Social","Primary","festival sweets"
"Feb 10, 2025 8:18 AM","(-) Expense","15.00","Food","Cash","tea"
"Feb 10, 2025 8:48 AM","(-) Expense","35.00","Transportation","Metro","metro"
"Feb 10, 2025 1:08 PM","(-) Expense","100.00","Food","Primary","lunch"
"Feb 10, 2025 4:40 PM","(-) Expense","18.00","Food","Cash","samosa"
"Feb 11, 2025 8:22 AM","(-) Expense","10.50","Food","Primary","cutting chai"
"Feb 11, 2025 8:50 AM","(-) Expense","30.00","Transportation","Primary","bus"
"Feb 11, 2025 4:37 PM","(-) Expense","22.00","Food","Cash","samosa"
"Feb 11, 2025 7:13 PM","(-) Expense","28.00","Transportation","Primary","bus"
"Feb 11, 2025 9:00 PM","(-) Expense","239.00","Food","Primary","pizza"
"Feb 12, 2025 8:18 AM","(-) Expense","13.00","Food","Cash","tea"
"Feb 12, 2025 8:48 AM","(-) Expense","38.00","Transportation","Metro","metro"
"Feb 12, 2025 1:05 PM","(-) Expense","137.00","Food","Primary","thali"
"Feb 12, 2025 5:00 PM","(-) Expense","2985.00","Clothing","Primary","shoes"
"Feb 12, 2025 6:30 PM","(-) Expense","349.50","Telephone","Primary","prepaid top-up"
"Feb 12, 2025 7:08 PM","(-) Expense","52.00","Transportation","Metro","metro"
"Feb 13, 2025 8:19 AM","(-) Expense","11.00","Food","Primary","tea"
"Feb 13, 2025 1:06 PM","(-) Expense","81.00","Food","Primary","dosa"
"Feb 13, 2025 4:38 PM","(-) Expense","11.50","Food","Primary","tea"
"Feb 13, 2025 9:00 PM","(-) Expense","483.50","Food","Primary","outside dinner"
"Feb 14, 2025 8:19 AM","(-) Expense","21.00","Food","Cash","filter coffee"
"Feb 14, 2025 8:52 AM","(-) Expense","33.00","Transportation","Primary","bus"
"Feb 14, 2025 1:04 PM","(-) Expense","65.00","Food","Primary","idli"
"Feb 14, 2025 7:07 PM","(-) Expense","32.00","Transportation","Primary","bus"
"Feb 15, 2025 8:17 AM","(-) Expense","23.00","Food","Primary","filter coffee"
"Feb 15, 2025 1:05 PM","(-) Expense","299.00","Food","Primary","pizza"
"Feb 15, 2025 6:20 PM","(-) Expense","1223.00","Entertainment","Primary","concert ticket"
"Feb 15, 2025 8:05 PM","(*) Transfer","3925.00","-","Primary->Credit","credit card payment"
"Feb 16, 2025 8:22 AM","(-) Expense","13.00","Food","Primary","tea"
"Feb 16, 2025 4:40 PM","(-) Expense","33.00","Food","Primary","filter coffee"
"Feb 17, 2025 8:48 AM","(-) Expense","52.50","Transportation","Metro","metro"
"Feb 17, 2025 1:08 PM","(-) Expense","123.00","Food","Primary","thali"
"Feb 17, 2025 4:42 PM","(-) Expense","63.00","Food","Primary","dosa"
"Feb 17, 2025 7:08 PM","(-) Expense","36.00","Transportation","Metro","metro"
"Feb 18, 2025 7:00 AM","(-) Expense","93.00","Sport","Primary","swimming"
"Feb 18, 2025 8:09 AM","(*) Transfer","288.00","-","Primary->Metro","metro card top-up"
"Feb 18, 2025 8:50 AM","(-) Expense","50.00","Transportation","Primary","metro"
"Feb 18, 2025 1:06 PM","(-) Expense","154.50","Food","Primary","thali"
"Feb 18, 2025 7:09 PM","(-) Expense","49.50","Transportation","Primary","metro"
"Feb 18, 2025 9:00 PM","(-) Expense","397.00","Food","Primary","pizza"
"Feb 19, 2025 8:19 AM","(-) Expense","13.00","Food","Cash","tea"
"Feb 19, 2025 8:49 AM","(-) Expense","26.00","Transportation","Primary","bus"
"Feb 19, 2025 1:06 PM","(-) Expense","87.00","Food","Primary","office cafeteria"
"Feb 19, 2025 7:07 PM","(-) Expense","28.00","Transportation","Primary","bus"
"Feb 20, 2025 8:23 AM","(-) Expense","11.00","Food","Primary","cutting chai"
"Feb 20, 2025 8:50 AM","(-) Expense","32.00","Transportation","Metro","metro"
"Feb 20, 2025 1:07 PM","(-) Expense","76.00","Food","Primary","office cafeteria"
"Feb 20, 2025 5:45 PM","(*) Transfer","1489.00","-","Primary->Cash","atm cash"
"Feb 20, 2025 7:07 PM","(-) Expense","46.00","Transportation","Metro","metro"
"Feb 20, 2025 9:01 PM","(-) Expense","219.50","Food","Primary","biryani"
"Feb 21, 2025 8:17 AM","(-) Expense","31.00","Food","Primary","filter coffee"
"Feb 21, 2025 8:50 AM","(-) Expense","60.00","Transportation","Metro","metro"
"Feb 21, 2025 1:02 PM","(-) Expense","65.50","Food","Primary","dosa"
"Feb 21, 2025 7:13 PM","(-) Expense","52.00","Transportation","Metro","metro"
"Feb 22, 2025 7:02 AM","(-) Expense","143.00","Sport","Primary","swimming"
"Feb 22, 2025 8:21 AM","(-) Expense","11.50","Food","Primary","tea"
"Feb 22, 2025 1:04 PM","(-) Expense","175.00","Food","Primary","burger"
"Feb 22, 2025 4:37 PM","(-) Expense","26.00","Food","Cash","water bottle"
"Feb 22, 2025 6:18 PM","(-) Expense","829.00","Entertainment","Primary","concert ticket"
"Feb 22, 2025 8:11 PM","(-) Expense","213.00","Social","Primary","team lunch share"
"Feb 23, 2025 8:20 AM","(-) Expense","22.50","Food","Primary","filter coffee"
"Feb 23, 2025 12:02 PM","(+) Income","71.00","Refunds","Primary","cashback"
"Feb 23, 2025 1:06 PM","(-) Expense","240.00","Food","Primary","biryani"
"Feb 23, 2025 4:38 PM","(-) Expense","21.00","Food","Cash","water bottle"
"Feb 23, 2025 6:22 PM","(-) Expense","804.00","Entertainment","Primary","concert ticket"
"Feb 24, 2025 8:49 AM","(-) Expense","51.00","Transportation","Primary","metro"
"Feb 24, 2025 1:02 PM","(-) Expense","52.00","Food","Primary","dosa"
"Feb 24, 2025 7:13 PM","(-) Expense","52.00","Transportation","Primary","metro"
"Feb 24, 2025 9:03 PM","(-) Expense","359.00","Food","Primary","weekend brunch"
"Feb 25, 2025 8:20 AM","(-) Expense","12.00","Food","Cash","tea"
"Feb 25, 2025 8:52 AM","(-) Expense","59.50","Transportation","Metro","metro"
"Feb 25, 2025 1:06 PM","(-) Expense","49.00","Food","Primary","idli"
"Feb 25, 2025 4:38 PM","(-) Expense","22.00","Food","Cash","filter coffee"
"Feb 25, 2025 7:13 PM","(-) Expense","48.00","Transportation","Metro","metro"
"Feb 26, 2025 8:19 AM","(-) Expense","13.50","Food","Primary","tea"
"Feb 26, 2025 1:05 PM","(-) Expense","52.00","Food","Primary","idli"
"Feb 26, 2025 4:42 PM","(-) Expense","41.00","Food","Cash","juice"
"Feb 27, 2025 7:03 AM","(-) Expense","47.00","Sport","Primary","sports drink"
"Feb 27, 2025 8:21 AM","(-) Expense","30.00","Food","Cash","filter coffee"
"Feb 27, 2025 8:52 AM","(-) Expense","45.00","Transportation","Primary","metro"
"Feb 27, 2025 7:10 PM","(-) Expense","44.00","Transportation","Primary","metro"
"Feb 27, 2025 9:00 PM","(-) Expense","117.00","Food","Primary","burger"
"Feb 28, 2025 8:19 AM","(-) Expense","30.00","Food","Cash","filter coffee"
"Feb 28, 2025 8:52 AM","(-) Expense","21.00","Transportation","Primary","bus"
"Feb 28, 2025 1:07 PM","(-) Expense","138.00","Food","Primary","thali"
"Feb 28, 2025 4:39 PM","(-) Expense","11.00","Food","Primary","biscuit"
"Mar 01, 2025 7:00 AM","(-) Expense","71.00","Sport","Primary","sports drink"
"Mar 01, 2025 8:21 AM","(-) Expense","11.50","Food","Cash","cutting chai"
"Mar 01, 2025 9:16 AM","(+) Income","51840.00","Salary","Primary","monthly salary"
"Mar 01, 2025 9:39 AM","(*) Transfer","13954.00","-","Primary->Savings","monthly save"
"Mar 01, 2025 11:00 AM","(-) Expense","374.00","Ration","Primary","chicken"
"Mar 01, 2025 11:10 AM","(-) Expense","213.00","Ration","Primary","weekly veggies"
"Mar 01, 2025 11:17 AM","(-) Expense","82.00","Ration","Primary","bread and butter"
"Mar 01, 2025 11:24 AM","(-) Expense","308.50","Ration","Primary","chicken"
"Mar 01, 2025 1:03 PM","(-) Expense","322.00","Food","Primary","weekend brunch"
"Mar 01, 2025 4:03 PM","(-) Expense","733.00","Shopping","Primary","t-shirt"
"Mar 01, 2025 6:19 PM","(-) Expense","1709.00","Entertainment","Primary","concert ticket"
"Mar 01, 2025 9:02 PM","(-) Expense","138.00","Food","Primary","burger"
"Mar 02, 2025 10:05 AM","(-) Expense","10655.00","Home","Primary","rent share"
"Mar 02, 2025 1:08 PM","(-) Expense","104.00","Food","Primary","burger"
"Mar 02, 2025 6:17 PM","(-) Expense","1955.50","Entertainment","Primary","concert ticket"
"Mar 03, 2025 8:09 AM","(*) Transfer","316.00","-","Primary->Metro","metro card top-up"
"Mar 03, 2025 8:20 AM","(-) Expense","12.00","Food","Cash","cutting chai"
"Mar 03, 2025 8:50 AM","(-) Expense","24.00","Transportation","Primary","bus"
"Mar 03, 2025 1:05 PM","(-) Expense","122.50","Food","Primary","office cafeteria"
"Mar 03, 2025 4:43 PM","(-) Expense","36.00","Food","Primary","juice"
"Mar 03, 2025 7:12 PM","(-) Expense","33.00","Transportation","Primary","bus"
"Mar 03, 2025 9:00 PM","(-) Expense","189.50","Food","Primary","biryani"
"Mar 04, 2025 7:00 AM","(-) Expense","111.00","Sport","Primary","swimming"
"Mar 04, 2025 8:48 AM","(-) Expense","21.00","Transportation","Primary","bus"
"Mar 04, 2025 1:05 PM","(-) Expense","85.00","Food","Primary","dosa"
"Mar 04, 2025 7:13 PM","(-) Expense","18.00","Transportation","Primary","bus"
"Mar 05, 2025 8:21 AM","(-) Expense","27.00","Food","Primary","filter coffee"
"Mar 05, 2025 8:49 AM","(-) Expense","30.00","Transportation","Metro","metro"
"Mar 05, 2025 11:20 AM","(-) Expense","590.00","Bills","Primary","wifi"
"Mar 05, 2025 1:03 PM","(-) Expense","108.00","Food","Primary","thali"
"Mar 05, 2025 3:30 PM","(-) Expense","451.00","Health","Primary","doctor consult"
"Mar 06, 2025 7:00 AM","(-) Expense","145.00","Sport","Primary","gym day pass"
"Mar 06, 2025 8:20 AM","(-) Expense","32.00","Food","Primary","filter coffee"
"Mar 06, 2025 8:51 AM","(-) Expense","38.00","Transportation","Metro","metro"
"Mar 06, 2025 1:03 PM","(-) Expense","157.00","Food","Primary","thali"
"Mar 06, 2025 4:39 PM","(-) Expense","32.00","Food","Primary","egg puff"
"Mar 06, 2025 7:08 PM","(-) Expense","35.00","Transportation","Metro","metro"
"Mar 06, 2025 9:01 PM","(-) Expense","165.00","Food","Primary","lunch"
"Mar 07, 2025 8:23 AM","(-) Expense","12.00","Food","Primary","cutting chai"
"Mar 07, 2025 8:52 AM","(-) Expense","31.00","Transportation","Primary","bus"
"Mar 07, 2025 1:05 PM","(-) Expense","101.00","Food","Primary","office cafeteria"
"Mar 07, 2025 3:31 PM","(-) Expense","1242.00","Health","Primary","lab test"
"Mar 07, 2025 4:38 PM","(-) Expense","31.50","Food","Cash","egg puff"
"Mar 07, 2025 7:09 PM","(-) Expense","32.00","Transportation","Primary","bus"
"Mar 07, 2025 9:01 PM","(-) Expense","692.00","Food","Primary","outside dinner"
"Mar 08, 2025 7:00 AM","(-) Expense","78.00","Sport","Primary","swimming"
"Mar 08, 2025 8:20 AM","(-) Expense","30.00","Food","Cash","filter coffee"
"Mar 08, 2025 11:30 AM","(-) Expense","589.00","Ration","Primary","grocery restock"
"Mar 08, 2025 11:34 AM","(-) Expense","378.00","Ration","Primary","chicken"
"Mar 08, 2025 12:13 PM","(-) Expense","1044.00","Bills","Primary","electricity"
"Mar 08, 2025 4:42 PM","(-) Expense","34.50","Food","Primary","idli"
"Mar 08, 2025 8:10 PM","(-) Expense","257.00","Social","Primary","festival sweets"
"Mar 08, 2025 9:01 PM","(-) Expense","645.00","Food","Primary","outside dinner"
"Mar 09, 2025 8:18 AM","(-) Expense","11.00","Food","Primary","cutting chai"
"Mar 09, 2025 11:18 AM","(-) Expense","74.00","Ration","Primary","eggs pack"
"Mar 09, 2025 11:30 AM","(-) Expense","156.00","Ration","Primary","fruits"
"Mar 09, 2025 11:36 AM","(-) Expense","619.00","Ration","Primary","grocery restock"
"Mar 09, 2025 11:42 AM","(-) Expense","87.50","Ration","Primary","bread and butter"
"Mar 09, 2025 1:03 PM","(-) Expense","224.00","Food","Primary","pizza"
"Mar 09, 2025 8:13 PM","(-) Expense","555.00","Social","Primary","friend birthday gift"
"Mar 10, 2025 8:21 AM","(-) Expense","11.00","Food","Primary","tea"
"Mar 10, 2025 8:49 AM","(-) Expense","49.00","Transportation","Metro","metro"
"Mar 10, 2025 1:08 PM","(-) Expense","108.00","Food","Primary","thali"
"Mar 11, 2025 8:23 AM","(-) Expense","11.00","Food","Primary","cutting chai"
"Mar 11, 2025 8:50 AM","(-) Expense","57.00","Transportation","Metro","metro"
"Mar 11, 2025 1:08 PM","(-) Expense","82.00","Food","Primary","lunch"
"Mar 12, 2025 8:23 AM","(-) Expense","30.00","Food","Cash","filter coffee"
"Mar 12, 2025 8:50 AM","(-) Expense","54.00","Transportation","Primary","metro"
"Mar 12, 2025 1:02 PM","(-) Expense","126.00","Food","Primary","lunch"
"Mar 12, 2025 4:43 PM","(-) Expense","30.50","Food","Primary","vada pav"
"Mar 12, 2025 6:33 PM","(-) Expense","284.00","Telephone","Primary","prepaid top-up"
"Mar 12, 2025 7:09 PM","(-) Expense","35.00","Transportation","Primary","metro"
"Mar 13, 2025 7:00 AM","(-) Expense","360.00","Sport","Primary","badminton court"
"Mar 13, 2025 8:22 AM","(-) Expense","11.00","Food","Primary","tea"
"Mar 13, 2025 8:52 AM","(-) Expense","42.00","Transportation","Metro","metro"
"Mar 13, 2025 1:05 PM","(-) Expense","58.00","Food","Primary","dosa"
"Mar 13, 2025 3:31 PM","(-) Expense","296.50","Health","Primary","vitamins"
"Mar 13, 2025 4:37 PM","(-) Expense","33.00","Food","Primary","poha"
"Mar 14, 2025 8:23 AM","(-) Expense","26.00","Food","Primary","filter coffee"
"Mar 14, 2025 8:49 AM","(-) Expense","31.00","Transportation","Primary","bus"
"Mar 14, 2025 1:08 PM","(-) Expense","100.00","Food","Primary","office cafeteria"
"Mar 14, 2025 4:00 PM","(-) Expense","489.00","Shopping","Primary","t-shirt"
"Mar 14, 2025 4:37 PM","(-) Expense","43.00","Food","Primary","poha"
"Mar 14, 2025 7:08 PM","(-) Expense","23.00","Transportation","Primary","bus"
"Mar 15, 2025 7:00 AM","(-) Expense","149.00","Sport","Primary","gym day pass"
"Mar 15, 2025 1:04 PM","(-) Expense","107.50","Food","Primary","office cafeteria"
"Mar 15, 2025 6:00 PM","(-) Expense","378.00","Social","Primary","holi colors and snacks"
"Mar 15, 2025 6:20 PM","(-) Expense","202.00","Entertainment","Primary","cafe hangout"
"Mar 15, 2025 8:06 PM","(*) Transfer","8995.00","-","Primary->Credit","credit card payment"
"Mar 15, 2025 9:00 PM","(-) Expense","277.00","Food","Primary","biryani"
"Mar 16, 2025 8:20 AM","(-) Expense","11.50","Food","Primary","tea"
"Mar 16, 2025 6:18 PM","(-) Expense","1659.50","Entertainment","Primary","concert ticket"
"Mar 17, 2025 8:20 AM","(-) Expense","22.00","Food","Primary","filter coffee"
"Mar 17, 2025 8:50 AM","(-) Expense","50.00","Transportation","Metro","metro"
"Mar 17, 2025 1:08 PM","(-) Expense","65.00","Food","Primary","idli"
"Mar 18, 2025 7:00 AM","(-) Expense","63.00","Sport","Primary","swimming"
"Mar 18, 2025 8:10 AM","(*) Transfer","333.00","-","Primary->Metro","metro card top-up"
"Mar 18, 2025 8:49 AM","(-) Expense","49.00","Transportation","Metro","metro"
"Mar 18, 2025 1:04 PM","(-) Expense","95.50","Food","Primary","lunch"
"Mar 18, 2025 7:07 PM","(-) Expense","36.00","Transportation","Metro","metro"
"Mar 19, 2025 8:20 AM","(-) Expense","11.00","Food","Primary","cutting chai"
"Mar 19, 2025 8:52 AM","(-) Expense","47.00","Transportation","Metro","metro"
"Mar 19, 2025 1:08 PM","(-) Expense","103.00","Food","Primary","office cafeteria"
"Mar 19, 2025 7:09 PM","(-) Expense","32.00","Transportation","Metro","metro"
"Mar 20, 2025 7:00 AM","(-) Expense","101.00","Sport","Primary","gym day pass"
"Mar 20, 2025 8:21 AM","(-) Expense","26.00","Food","Primary","filter coffee"
"Mar 20, 2025 8:53 AM","(-) Expense","21.00","Transportation","Primary","bus"
"Mar 20, 2025 1:05 PM","(-) Expense","76.00","Food","Primary","office cafeteria"
"Mar 20, 2025 5:47 PM","(*) Transfer","2471.00","-","Primary->Cash","atm cash"
"Mar 20, 2025 7:09 PM","(-) Expense","32.00","Transportation","Primary","bus"
"Mar 20, 2025 9:00 PM","(-) Expense","218.00","Food","Primary","biryani"
"Mar 21, 2025 8:20 AM","(-) Expense","31.00","Food","Primary","filter coffee"
"Mar 21, 2025 8:51 AM","(-) Expense","27.00","Transportation","Primary","bus"
"Mar 21, 2025 1:04 PM","(-) Expense","127.00","Food","Primary","office cafeteria"
"Mar 21, 2025 4:40 PM","(-) Expense","49.00","Food","Cash","fruit salad"
"Mar 21, 2025 7:11 PM","(-) Expense","21.00","Transportation","Primary","bus"
"Mar 22, 2025 7:01 AM","(-) Expense","131.00","Sport","Primary","swimming"
"Mar 22, 2025 8:20 AM","(-) Expense","11.00","Food","Primary","tea"
"Mar 22, 2025 4:42 PM","(-) Expense","102.00","Food","Primary","ice cream"
"Mar 22, 2025 8:09 PM","(-) Expense","161.00","Social","Primary","festival sweets"
"Mar 23, 2025 8:18 AM","(-) Expense","11.00","Food","Primary","cutting chai"
"Mar 23, 2025 1:03 PM","(-) Expense","215.50","Food","Primary","thali"
"Mar 23, 2025 3:30 PM","(-) Expense","657.00","Health","Primary","doctor consult"
"Mar 23, 2025 9:00 PM","(-) Expense","246.00","Food","Primary","biryani"
"Mar 24, 2025 8:22 AM","(-) Expense","10.50","Food","Primary","tea"
"Mar 24, 2025 8:51 AM","(-) Expense","26.00","Transportation","Primary","bus"
"Mar 24, 2025 1:06 PM","(-) Expense","87.00","Food","Primary","dosa"
"Mar 24, 2025 7:07 PM","(-) Expense","17.00","Transportation","Primary","bus"
"Mar 25, 2025 7:00 AM","(-) Expense","42.00","Sport","Primary","sports drink"
"Mar 25, 2025 8:18 AM","(-) Expense","10.00","Food","Primary","cutting chai"
"Mar 25, 2025 8:49 AM","(-) Expense","38.00","Transportation","Metro","metro"
"Mar 25, 2025 7:08 PM","(-) Expense","41.00","Transportation","Metro","metro"
"Mar 25, 2025 9:00 PM","(-) Expense","109.00","Food","Primary","lunch"
"Mar 26, 2025 8:18 AM","(-) Expense","11.00","Food","Primary","tea"
"Mar 26, 2025 8:47 AM","(-) Expense","25.00","Transportation","Primary","bus"
"Mar 26, 2025 1:03 PM","(-) Expense","85.00","Food","Primary","lunch"
"Mar 26, 2025 2:00 PM","(-) Expense","72.50","Education","Primary","printouts"
"Mar 26, 2025 5:00 PM","(-) Expense","1349.00","Clothing","Primary","jeans"
"Mar 26, 2025 7:11 PM","(-) Expense","23.00","Transportation","Primary","bus"
"Mar 27, 2025 7:00 AM","(-) Expense","101.00","Sport","Primary","gym day pass"
"Mar 27, 2025 8:17 AM","(-) Expense","10.00","Food","Cash","cutting chai"
"Mar 27, 2025 8:47 AM","(-) Expense","45.00","Transportation","Primary","metro"
"Mar 27, 2025 1:08 PM","(-) Expense","84.00","Food","Primary","office cafeteria"
"Mar 27, 2025 4:42 PM","(-) Expense","42.00","Food","Primary","poha"
"Mar 27, 2025 7:11 PM","(-) Expense","59.00","Transportation","Primary","metro"
"Mar 28, 2025 8:51 AM","(-) Expense","50.50","Transportation","Metro","metro"
"Mar 28, 2025 1:05 PM","(-) Expense","75.00","Food","Primary","office cafeteria"
"Mar 28, 2025 7:12 PM","(-) Expense","35.00","Transportation","Metro","metro"
"Mar 29, 2025 8:19 AM","(-) Expense","14.00","Food","Cash","tea"
"Mar 29, 2025 1:04 PM","(-) Expense","123.00","Food","Primary","office cafeteria"
"Mar 29, 2025 4:39 PM","(-) Expense","36.00","Food","Primary","poha"
"Mar 29, 2025 6:19 PM","(-) Expense","2298.00","Entertainment","Primary","concert ticket"
"Mar 29, 2025 9:03 PM","(-) Expense","203.00","Food","Primary","biryani"
"Mar 30, 2025 8:18 AM","(-) Expense","34.00","Food","Primary","filter coffee"
"Mar 30, 2025 1:06 PM","(-) Expense","422.00","Food","Primary","pizza"
"Mar 31, 2025 8:23 AM","(-) Expense","11.00","Food","Cash","cutting chai"
"Mar 31, 2025 8:52 AM","(-) Expense","40.00","Transportation","Metro","metro"
"Mar 31, 2025 1:02 PM","(-) Expense","67.00","Food","Primary","idli"
"Mar 31, 2025 7:12 PM","(-) Expense","54.00","Transportation","Metro","metro"
"Mar 31, 2025 9:00 PM","(-) Expense","203.00","Food","Primary","biryani"
"Apr 01, 2025 7:00 AM","(-) Expense","365.00","Sport","Primary","badminton court"
"Apr 01, 2025 8:21 AM","(-) Expense","11.00","Food","Primary","cutting chai"
"Apr 01, 2025 8:53 AM","(-) Expense","21.50","Transportation","Primary","bus"
"Apr 01, 2025 9:13 AM","(+) Income","51840.00","Salary","Primary","monthly salary"
"Apr 01, 2025 9:42 AM","(*) Transfer","14885.00","-","Primary->Savings","monthly save"
"Apr 01, 2025 9:57 AM","(*) Transfer","3282.00","-","Savings->Emergency","emergency fund"
"Apr 01, 2025 1:04 PM","(-) Expense","132.50","Food","Primary","lunch"
"Apr 01, 2025 2:02 PM","(-) Expense","1615.00","Education","Primary","exam fee"
"Apr 01, 2025 7:12 PM","(-) Expense","33.50","Transportation","Primary","bus"
"Apr 02, 2025 8:18 AM","(-) Expense","34.00","Food","Primary","filter coffee"
"Apr 02, 2025 8:52 AM","(-) Expense","54.00","Transportation","Primary","metro"
"Apr 02, 2025 10:03 AM","(-) Expense","10874.50","Home","Primary","rent share"
"Apr 02, 2025 1:07 PM","(-) Expense","64.50","Food","Primary","idli"
"Apr 03, 2025 8:10 AM","(*) Transfer","456.00","-","Primary->Metro","metro card top-up"
"Apr 03, 2025 8:50 AM","(-) Expense","57.00","Transportation","Metro","metro"
"Apr 03, 2025 1:08 PM","(-) Expense","121.00","Food","Primary","lunch"
"Apr 03, 2025 4:38 PM","(-) Expense","17.00","Food","Cash","samosa"
"Apr 03, 2025 7:12 PM","(-) Expense","44.00","Transportation","Metro","metro"
"Apr 03, 2025 9:00 PM","(-) Expense","152.50","Food","Primary","lunch"
"Apr 04, 2025 8:21 AM","(-) Expense","14.00","Food","Primary","tea"
"Apr 04, 2025 8:49 AM","(-) Expense","53.00","Transportation","Metro","metro"
"Apr 04, 2025 1:02 PM","(-) Expense","71.00","Food","Primary","dosa"
"Apr 04, 2025 4:40 PM","(-) Expense","37.00","Food","Primary","juice"
"Apr 04, 2025 7:12 PM","(-) Expense","54.00","Transportation","Metro","metro"
"Apr 05, 2025 7:01 AM","(-) Expense","349.00","Sport","Primary","badminton court"
"Apr 05, 2025 8:17 AM","(-) Expense","14.00","Food","Primary","tea"
"Apr 05, 2025 11:00 AM","(-) Expense","252.00","Ration","Primary","chicken"
"Apr 05, 2025 11:21 AM","(-) Expense","506.00","Bills","Primary","wifi"
"Apr 05, 2025 11:29 AM","(-) Expense","225.00","Ration","Primary","rice and dal"
"Apr 05, 2025 1:08 PM","(-) Expense","232.00","Food","Primary","dinner"
"Apr 05, 2025 8:11 PM","(-) Expense","2657.00","Social","Primary","wedding gift"
"Apr 05, 2025 9:00 PM","(-) Expense","229.00","Food","Primary","dinner"
"Apr 06, 2025 8:23 AM","(-) Expense","13.50","Food","Cash","tea"
"Apr 06, 2025 1:08 PM","(-) Expense","413.00","Food","Primary","weekend brunch"
"Apr 06, 2025 9:00 PM","(-) Expense","156.00","Food","Primary","burger"
"Apr 07, 2025 8:22 AM","(-) Expense","22.00","Food","Primary","filter coffee"
"Apr 07, 2025 8:48 AM","(-) Expense","48.00","Transportation","Metro","metro"
"Apr 07, 2025 1:06 PM","(-) Expense","62.00","Food","Primary","idli"
"Apr 08, 2025 7:02 AM","(-) Expense","75.50","Sport","Primary","swimming"
"Apr 08, 2025 8:23 AM","(-) Expense","13.00","Food","Primary","tea"
"Apr 08, 2025 8:53 AM","(-) Expense","17.00","Transportation","Primary","bus"
"Apr 08, 2025 12:13 PM","(-) Expense","1092.50","Bills","Primary","electricity"
"Apr 08, 2025 1:02 PM","(-) Expense","95.00","Food","Primary","lunch"
"Apr 08, 2025 4:42 PM","(-) Expense","25.50","Food","Primary","water bottle"
"Apr 08, 2025 7:08 PM","(-) Expense","16.00","Transportation","Primary","bus"
"Apr 09, 2025 8:23 AM","(-) Expense","26.00","Food","Primary","filter coffee"
"Apr 09, 2025 8:52 AM","(-) Expense","24.00","Transportation","Primary","bus"
"Apr 09, 2025 1:06 PM","(-) Expense","121.00","Food","Primary","office cafeteria"
"Apr 09, 2025 4:38 PM","(-) Expense","21.00","Food","Cash","water bottle"
"Apr 09, 2025 7:12 PM","(-) Expense","22.00","Transportation","Primary","bus"
"Apr 09, 2025 7:29 PM","(-) Expense","342.00","gift","Primary","diwali gift"
"Apr 10, 2025 7:02 AM","(-) Expense","51.50","Sport","Primary","sports drink"
"Apr 10, 2025 8:18 AM","(-) Expense","14.00","Food","Primary","tea"
"Apr 10, 2025 8:49 AM","(-) Expense","44.00","Transportation","Metro","metro"
"Apr 10, 2025 1:08 PM","(-) Expense","82.50","Food","Primary","dosa"
"Apr 10, 2025 4:37 PM","(-) Expense","23.00","Food","Cash","vada pav"
"Apr 10, 2025 7:07 PM","(-) Expense","30.50","Transportation","Metro","metro"
"Apr 11, 2025 8:19 AM","(-) Expense","15.00","Food","Primary","tea"
"Apr 11, 2025 8:53 AM","(-) Expense","50.00","Transportation","Metro","metro"
"Apr 11, 2025 1:03 PM","(-) Expense","57.00","Food","Primary","idli"
"Apr 12, 2025 7:00 AM","(-) Expense","46.00","Sport","Primary","sports drink"
"Apr 12, 2025 8:20 AM","(-) Expense","33.00","Food","Primary","filter coffee"
"Apr 12, 2025 11:06 AM","(-) Expense","325.00","Ration","Primary","rice and dal"
"Apr 12, 2025 11:17 AM","(-) Expense","173.00","Ration","Primary","fruits"
"Apr 12, 2025 11:19 AM","(-) Expense","324.00","Ration","Primary","chicken"
"Apr 12, 2025 11:19 AM","(-) Expense","286.00","Ration","Primary","weekly veggies"
"Apr 12, 2025 11:32 AM","(-) Expense","381.00","Ration","Primary","rice and dal"
"Apr 12, 2025 4:00 PM","(-) Expense","548.00","Shopping","Primary","t-shirt"
"Apr 12, 2025 6:29 PM","(-) Expense","352.00","Telephone","Primary","prepaid top-up"
"Apr 13, 2025 8:23 AM","(-) Expense","14.00","Food","Primary","tea"
"Apr 13, 2025 1:05 PM","(-) Expense","128.00","Food","Primary","dinner"
"Apr 13, 2025 4:40 PM","(-) Expense","12.00","Food","Cash","tea"
"Apr 13, 2025 6:17 PM","(-) Expense","365.00","Entertainment","Primary","cafe hangout"
"Apr 14, 2025 8:51 AM","(-) Expense","41.00","Transportation","Primary","metro"
"Apr 14, 2025 1:06 PM","(-) Expense","60.00","Food","Primary","idli"
"Apr 14, 2025 7:13 PM","(-) Expense","45.50","Transportation","Primary","metro"
"Apr 15, 2025 7:00 AM","(-) Expense","369.00","Sport","Primary","badminton court"
"Apr 15, 2025 8:20 AM","(-) Expense","26.00","Food","Primary","filter coffee"
"Apr 15, 2025 8:52 AM","(-) Expense","38.00","Transportation","Metro","metro"
"Apr 15, 2025 1:04 PM","(-) Expense","112.50","Food","Primary","thali"
"Apr 15, 2025 7:11 PM","(-) Expense","45.00","Transportation","Metro","metro"
"Apr 15, 2025 8:05 PM","(*) Transfer","4200.00","-","Primary->Credit","credit card payment"
"Apr 16, 2025 8:23 AM","(-) Expense","21.00","Food","Cash","filter coffee"
"Apr 16, 2025 8:50 AM","(-) Expense","27.00","Transportation","Primary","bus"
"Apr 16, 2025 12:01 PM","(+) Income","435.00","Refunds","Primary","cashback"
"Apr 16, 2025 1:04 PM","(-) Expense","55.00","Food","Primary","dosa"
"Apr 16, 2025 7:08 PM","(-) Expense","16.00","Transportation","Primary","bus"
"Apr 17, 2025 7:03 AM","(-) Expense","150.00","Sport","Primary","swimming"
"Apr 17, 2025 8:21 AM","(-) Expense","32.00","Food","Primary","filter coffee"
"Apr 17, 2025 1:07 PM","(-) Expense","94.00","Food","Primary","office cafeteria"
"Apr 17, 2025 4:41 PM","(-) Expense","51.00","Food","Primary","dosa"
"Apr 18, 2025 8:08 AM","(*) Transfer","255.50","-","Primary->Metro","metro card top-up"
"Apr 18, 2025 8:18 AM","(-) Expense","33.00","Food","Primary","filter coffee"
"Apr 18, 2025 8:50 AM","(-) Expense","49.00","Transportation","Metro","metro"
"Apr 18, 2025 1:04 PM","(-) Expense","105.00","Food","Primary","thali"
"Apr 18, 2025 7:11 PM","(-) Expense","44.00","Transportation","Metro","metro"
"Apr 19, 2025 7:03 AM","(-) Expense","93.00","Sport","Primary","swimming"
"Apr 19, 2025 1:08 PM","(-) Expense","335.00","Food","Primary","outside dinner"
"Apr 19, 2025 4:38 PM","(-) Expense","64.00","Food","Primary","dosa"
"Apr 19, 2025 6:23 PM","(-) Expense","505.00","Entertainment","Primary","game purchase"
"Apr 20, 2025 8:20 AM","(-) Expense","15.00","Food","Primary","tea"
"Apr 20, 2025 4:41 PM","(-) Expense","10.00","Food","Cash","tea"
"Apr 20, 2025 5:47 PM","(*) Transfer","1001.00","-","Primary->Cash","atm cash"
"Apr 20, 2025 8:09 PM","(-) Expense","666.00","Social","Primary","friend birthday gift"
"Apr 21, 2025 8:48 AM","(-) Expense","30.00","Transportation","Metro","metro"
"Apr 21, 2025 1:04 PM","(-) Expense","168.00","Food","Primary","thali"
"Apr 21, 2025 7:07 PM","(-) Expense","34.00","Transportation","Metro","metro"
"Apr 22, 2025 7:00 AM","(-) Expense","62.00","Sport","Primary","swimming"
"Apr 22, 2025 8:23 AM","(-) Expense","10.00","Food","Primary","cutting chai"
"Apr 22, 2025 8:49 AM","(-) Expense","51.00","Transportation","Primary","metro"
"Apr 22, 2025 1:07 PM","(-) Expense","79.50","Food","Primary","dosa"
"Apr 22, 2025 4:43 PM","(-) Expense","12.00","Food","Cash","cutting chai"
"Apr 22, 2025 7:10 PM","(-) Expense","33.50","Transportation","Primary","metro"
"Apr 22, 2025 9:00 PM","(-) Expense","158.00","Food","Primary","lunch"
"Apr 23, 2025 8:19 AM","(-) Expense","11.00","Food","Primary","cutting chai"
"Apr 23, 2025 1:06 PM","(-) Expense","91.00","Food","Primary","lunch"
"Apr 23, 2025 4:37 PM","(-) Expense","30.00","Food","Primary","vada pav"
"Apr 24, 2025 7:00 AM","(-) Expense","124.00","Sport","Primary","gym day pass"
"Apr 24, 2025 8:21 AM","(-) Expense","12.00","Food","Primary","tea"
"Apr 24, 2025 8:51 AM","(-) Expense","34.00","Transportation","Metro","metro"
"Apr 24, 2025 1:07 PM","(-) Expense","76.00","Food","Primary","office cafeteria"
"Apr 24, 2025 4:39 PM","(-) Expense","30.00","Food","Cash","idli"
"Apr 24, 2025 7:09 PM","(-) Expense","38.00","Transportation","Metro","metro"
"Apr 25, 2025 8:18 AM","(-) Expense","10.00","Food","Primary","cutting chai"
"Apr 25, 2025 8:52 AM","(-) Expense","56.00","Transportation","Primary","metro"
"Apr 25, 2025 1:03 PM","(-) Expense","79.50","Food","Primary","dosa"
"Apr 25, 2025 4:40 PM","(-) Expense","32.00","Food","Primary","egg puff"
"Apr 26, 2025 7:03 AM","(-) Expense","124.00","Sport","Primary","swimming"
"Apr 26, 2025 8:18 AM","(-) Expense","10.50","Food","Primary","cutting chai"
"Apr 26, 2025 1:04 PM","(-) Expense","86.00","Food","Primary","burger"
"Apr 27, 2025 8:18 AM","(-) Expense","14.00","Food","Primary","tea"
"Apr 27, 2025 1:02 PM","(-) Expense","396.00","Food","Primary","pizza"
"Apr 27, 2025 9:00 PM","(-) Expense","389.00","Food","Primary","pizza"
"Apr 28, 2025 8:48 AM","(-) Expense","50.00","Transportation","Primary","metro"
"Apr 28, 2025 1:06 PM","(-) Expense","136.00","Food","Primary","lunch"
"Apr 28, 2025 4:40 PM","(-) Expense","20.00","Food","Cash","water bottle"
"Apr 28, 2025 7:09 PM","(-) Expense","44.00","Transportation","Primary","metro"
"Apr 29, 2025 7:03 AM","(-) Expense","74.00","Sport","Primary","sports drink"
"Apr 29, 2025 8:18 AM","(-) Expense","13.00","Food","Cash","tea"
"Apr 29, 2025 8:49 AM","(-) Expense","55.00","Transportation","Metro","metro"
"Apr 29, 2025 1:03 PM","(-) Expense","65.00","Food","Primary","dosa"
"Apr 29, 2025 4:41 PM","(-) Expense","11.00","Food","Cash","tea"
"Apr 29, 2025 7:08 PM","(-) Expense","46.00","Transportation","Metro","metro"
"Apr 30, 2025 8:19 AM","(-) Expense","26.00","Food","Cash","filter coffee"
"Apr 30, 2025 8:52 AM","(-) Expense","33.00","Transportation","Primary","metro"
"Apr 30, 2025 1:02 PM","(-) Expense","131.50","Food","Primary","lunch"
"Apr 30, 2025 4:37 PM","(-) Expense","30.00","Food","Primary","water bottle"
"May 01, 2025 7:02 AM","(-) Expense","236.50","Sport","Primary","badminton court"
"May 01, 2025 8:52 AM","(-) Expense","35.00","Transportation","Metro","metro"
"May 01, 2025 9:17 AM","(+) Income","51840.00","Salary","Primary","monthly salary"
"May 01, 2025 9:40 AM","(*) Transfer","14263.00","-","Primary->Savings","monthly save"
"May 01, 2025 1:05 PM","(-) Expense","106.00","Food","Primary","lunch"
"May 01, 2025 4:37 PM","(-) Expense","45.00","Food","Primary","poha"
"May 01, 2025 7:11 PM","(-) Expense","54.50","Transportation","Metro","metro"
"May 02, 2025 8:20 AM","(-) Expense","28.50","Food","Primary","filter coffee"
"May 02, 2025 8:53 AM","(-) Expense","25.50","Transportation","Primary","bus"
"May 02, 2025 10:04 AM","(-) Expense","11071.00","Home","Primary","rent share"
"May 02, 2025 1:03 PM","(-) Expense","46.00","Food","Primary","idli"
"May 02, 2025 7:13 PM","(-) Expense","18.00","Transportation","Primary","bus"
"May 02, 2025 9:00 PM","(-) Expense","140.00","Food","Primary","lunch"
"May 03, 2025 8:23 AM","(-) Expense","12.00","Food","Primary","cutting chai"
"May 03, 2025 11:13 AM","(-) Expense","52.00","Ration","Primary","bread and butter"
"May 03, 2025 11:25 AM","(-) Expense","187.50","Ration","Primary","fruits"
"May 03, 2025 11:27 AM","(-) Expense","72.00","Ration","Primary","eggs pack"
"May 03, 2025 11:37 AM","(-) Expense","87.00","Ration","Primary","milk and curd"
"May 03, 2025 1:02 PM","(-) Expense","405.00","Food","Primary","outside dinner"
"May 03, 2025 4:42 PM","(-) Expense","91.00","Food","Cash","ice cream"
"May 04, 2025 8:20 AM","(-) Expense","15.00","Food","Cash","tea"
"May 04, 2025 4:39 PM","(-) Expense","30.00","Food","Primary","egg puff"
"May 04, 2025 6:19 PM","(-) Expense","1500.00","Entertainment","Primary","concert ticket"
"May 04, 2025 8:08 PM","(-) Expense","624.00","Social","Primary","friend birthday gift"
"May 05, 2025 8:48 AM","(-) Expense","40.50","Transportation","Metro","metro"
"May 05, 2025 11:23 AM","(-) Expense","620.50","Bills","Primary","wifi"
"May 05, 2025 1:05 PM","(-) Expense","70.00","Food","Primary","dosa"
"May 05, 2025 4:43 PM","(-) Expense","30.00","Food","Primary","egg puff"
"May 05, 2025 7:11 PM","(-) Expense","46.00","Transportation","Metro","metro"
"May 06, 2025 8:17 AM","(-) Expense","31.00","Food","Primary","filter coffee"
"May 06, 2025 1:08 PM","(-) Expense","134.00","Food","Primary","lunch"
"May 06, 2025 4:37 PM","(-) Expense","96.00","Food","Primary","ice cream"
"May 07, 2025 8:18 AM","(-) Expense","13.00","Food","Primary","tea"
"May 07, 2025 8:53 AM","(-) Expense","45.00","Transportation","Metro","metro"
"May 07, 2025 1:03 PM","(-) Expense","70.00","Food","Primary","dosa"
"May 07, 2025 4:03 PM","(-) Expense","175.00","Shopping","Primary","stationery"
"May 07, 2025 4:43 PM","(-) Expense","34.00","Food","Primary","idli"
"May 07, 2025 7:13 PM","(-) Expense","45.00","Transportation","Metro","metro"
"May 08, 2025 7:00 AM","(-) Expense","73.00","Sport","Primary","swimming"
"May 08, 2025 8:49 AM","(-) Expense","47.00","Transportation","Primary","metro"
"May 08, 2025 12:11 PM","(-) Expense","1150.00","Bills","Primary","electricity"
"May 08, 2025 1:05 PM","(-) Expense","41.00","Food","Primary","idli"
"May 08, 2025 4:39 PM","(-) Expense","22.00","Food","Cash","biscuit"
"May 08, 2025 7:07 PM","(-) Expense","37.00","Transportation","Primary","metro"
"May 09, 2025 8:21 AM","(-) Expense","11.00","Food","Primary","tea"
"May 09, 2025 8:50 AM","(-) Expense","54.00","Transportation","Metro","metro"
"May 09, 2025 1:02 PM","(-) Expense","110.50","Food","Primary","lunch"
"May 09, 2025 7:07 PM","(-) Expense","39.00","Transportation","Metro","metro"
"May 10, 2025 7:03 AM","(-) Expense","260.00","Sport","Primary","badminton court"
"May 10, 2025 8:21 AM","(-) Expense","35.00","Food","Cash","filter coffee"
"May 10, 2025 11:27 AM","(-) Expense","304.00","Ration","Primary","weekly veggies"
"May 10, 2025 11:34 AM","(-) Expense","157.00","Ration","Primary","fruits"
"May 10, 2025 1:02 PM","(-) Expense","301.00","Food","Primary","weekend brunch"
"May 10, 2025 4:42 PM","(-) Expense","38.50","Food","Cash","egg puff"
"May 10, 2025 6:20 PM","(-) Expense","335.00","Entertainment","Primary","movie"
"May 10, 2025 9:01 PM","(-) Expense","125.00","Food","Primary","dinner"
"May 11, 2025 8:23 AM","(-) Expense","10.00","Food","Primary","tea"
"May 11, 2025 1:05 PM","(-) Expense","129.00","Food","Primary","dinner"
"May 11, 2025 4:38 PM","(-) Expense","20.00","Food","Primary","samosa"
"May 11, 2025 8:12 PM","(-) Expense","648.00","Social","Primary","friend birthday gift"
"May 11, 2025 9:00 PM","(-) Expense","280.00","Food","Primary","biryani"
"May 12, 2025 8:19 AM","(-) Expense","13.00","Food","Primary","tea"
"May 12, 2025 8:51 AM","(-) Expense","47.50","Transportation","Metro","metro"
"May 12, 2025 1:02 PM","(-) Expense","128.00","Food","Primary","thali"
"May 12, 2025 6:28 PM","(-) Expense","390.00","Telephone","Primary","prepaid top-up"
"May 12, 2025 7:13 PM","(-) Expense","46.00","Transportation","Metro","metro"
"May 13, 2025 7:01 AM","(-) Expense","363.50","Sport","Primary","badminton court"
"May 13, 2025 8:19 AM","(-) Expense","32.50","Food","Primary","filter coffee"
"May 13, 2025 8:52 AM","(-) Expense","44.00","Transportation","Metro","metro"
"May 13, 2025 1:03 PM","(-) Expense","84.00","Food","Primary","office cafeteria"
"May 13, 2025 4:41 PM","(-) Expense","41.50","Food","Primary","poha"
"May 13, 2025 7:09 PM","(-) Expense","37.00","Transportation","Metro","metro"
"May 14, 2025 8:18 AM","(-) Expense","20.00","Food","Primary","filter coffee"
"May 14, 2025 8:51 AM","(-) Expense","27.00","Transportation","Primary","bus"
"May 14, 2025 1:06 PM","(-) Expense","76.00","Food","Primary","dosa"
"May 15, 2025 8:20 AM","(-) Expense","20.00","Food","Primary","filter coffee"
"May 15, 2025 8:53 AM","(-) Expense","50.00","Transportation","Metro","metro"
"May 15, 2025 1:02 PM","(-) Expense","56.00","Food","Primary","dosa"
"May 15, 2025 4:37 PM","(-) Expense","11.00","Food","Primary","tea"
"May 15, 2025 7:07 PM","(-) Expense","38.00","Transportation","Metro","metro"
"May 15, 2025 8:06 PM","(*) Transfer","5784.00","-","Primary->Credit","credit card payment"
"May 16, 2025 8:47 AM","(-) Expense","44.00","Transportation","Primary","metro"
"May 16, 2025 1:05 PM","(-) Expense","55.00","Food","Primary","dosa"
"May 16, 2025 4:39 PM","(-) Expense","55.00","Food","Cash","juice"
"May 16, 2025 7:13 PM","(-) Expense","51.00","Transportation","Primary","metro"
"May 17, 2025 7:00 AM","(-) Expense","59.00","Sport","Primary","swimming"
"May 17, 2025 8:17 AM","(-) Expense","29.00","Food","Primary","filter coffee"
"May 17, 2025 1:06 PM","(-) Expense","214.00","Food","Primary","thali"
"May 17, 2025 6:20 PM","(-) Expense","354.00","Entertainment","Primary","movie"
"May 17, 2025 9:03 PM","(-) Expense","313.50","Food","Primary","outside dinner"
"May 18, 2025 8:23 AM","(-) Expense","15.00","Food","Primary","tea"
"May 18, 2025 1:04 PM","(-) Expense","134.00","Food","Primary","dinner"
"May 18, 2025 4:41 PM","(-) Expense","39.00","Food","Cash","juice"
"May 18, 2025 8:07 PM","(-) Expense","156.00","Social","Primary","festival sweets"
"May 19, 2025 8:21 AM","(-) Expense","12.00","Food","Primary","tea"
"May 19, 2025 8:52 AM","(-) Expense","19.00","Transportation","Primary","bus"
"May 19, 2025 1:04 PM","(-) Expense","56.00","Food","Primary","idli"
"May 19, 2025 4:37 PM","(-) Expense","68.00","Food","Primary","dosa"
"May 19, 2025 9:00 PM","(-) Expense","139.00","Food","Primary","office cafeteria"
"May 20, 2025 7:00 AM","(-) Expense","51.00","Sport","Primary","sports drink"
"May 20, 2025 8:22 AM","(-) Expense","24.00","Food","Cash","filter coffee"
"May 20, 2025 8:49 AM","(-) Expense","47.00","Transportation","Metro","metro"
"May 20, 2025 1:04 PM","(-) Expense","107.50","Food","Primary","lunch"
"May 20, 2025 5:47 PM","(*) Transfer","1068.00","-","Primary->Cash","atm cash"
"May 20, 2025 7:11 PM","(-) Expense","56.00","Transportation","Metro","metro"
"May 21, 2025 8:18 AM","(-) Expense","33.50","Food","Cash","filter coffee"
"May 21, 2025 8:49 AM","(-) Expense","17.00","Transportation","Primary","bus"
"May 21, 2025 1:03 PM","(-) Expense","75.00","Food","Primary","office cafeteria"
"May 21, 2025 7:13 PM","(-) Expense","20.00","Transportation","Primary","bus"
"May 22, 2025 7:01 AM","(-) Expense","191.00","Sport","Primary","gym day pass"
"May 22, 2025 8:22 AM","(-) Expense","12.00","Food","Primary","cutting chai"
"May 22, 2025 8:48 AM","(-) Expense","48.00","Transportation","Metro","metro"
"May 22, 2025 1:03 PM","(-) Expense","84.50","Food","Primary","dosa"
"May 22, 2025 4:38 PM","(-) Expense","58.00","Food","Primary","dosa"
"May 22, 2025 7:07 PM","(-) Expense","59.00","Transportation","Metro","metro"
"May 23, 2025 8:22 AM","(-) Expense","14.00","Food","Cash","tea"
"May 23, 2025 8:53 AM","(-) Expense","54.00","Transportation","Primary","metro"
"May 23, 2025 1:08 PM","(-) Expense","93.00","Food","Primary","office cafeteria"
"May 23, 2025 4:41 PM","(-) Expense","20.00","Food","Cash","samosa"
"May 23, 2025 7:08 PM","(-) Expense","42.00","Transportation","Primary","metro"
"May 24, 2025 1:03 PM","(-) Expense","350.00","Food","Primary","pizza"
"May 24, 2025 4:39 PM","(-) Expense","35.00","Food","Primary","poha"
"May 25, 2025 8:22 AM","(-) Expense","10.00","Food","Primary","cutting chai"
"May 25, 2025 4:40 PM","(-) Expense","55.00","Food","Cash","dosa"
"May 26, 2025 8:20 AM","(-) Expense","28.00","Food","Cash","filter coffee"
"May 26, 2025 1:02 PM","(-) Expense","94.00","Food","Primary","office cafeteria"
"May 27, 2025 7:00 AM","(-) Expense","66.00","Sport","Primary","sports drink"
"May 27, 2025 8:21 AM","(-) Expense","10.00","Food","Primary","tea"
"May 27, 2025 8:47 AM","(-) Expense","43.00","Transportation","Metro","metro"
"May 27, 2025 1:06 PM","(-) Expense","137.00","Food","Primary","thali"
"May 27, 2025 4:41 PM","(-) Expense","30.00","Food","Cash","filter coffee"
"May 27, 2025 7:09 PM","(-) Expense","43.00","Transportation","Metro","metro"
"May 27, 2025 9:00 PM","(-) Expense","317.00","Food","Primary","outside dinner"
"May 28, 2025 8:17 AM","(-) Expense","22.00","Food","Cash","filter coffee"
"May 28, 2025 8:50 AM","(-) Expense","47.00","Transportation","Metro","metro"
"May 28, 2025 1:03 PM","(-) Expense","66.00","Food","Primary","idli"
"May 28, 2025 4:00 PM","(-) Expense","171.50","Shopping","Primary","stationery"
"May 28, 2025 7:13 PM","(-) Expense","57.00","Transportation","Metro","metro"
"May 28, 2025 9:01 PM","(-) Expense","374.00","Food","Primary","weekend brunch"
"May 29, 2025 7:01 AM","(-) Expense","83.00","Sport","Primary","swimming"
"May 29, 2025 8:20 AM","(-) Expense","20.00","Food","Primary","filter coffee"
"May 29, 2025 8:49 AM","(-) Expense","31.00","Transportation","Metro","metro"
"May 29, 2025 1:05 PM","(-) Expense","120.00","Food","Primary","lunch"
"May 29, 2025 4:41 PM","(-) Expense","39.00","Food","Cash","idli"
"May 29, 2025 7:07 PM","(-) Expense","32.00","Transportation","Metro","metro"
"May 30, 2025 8:19 AM","(-) Expense","31.00","Food","Primary","filter coffee"
"May 30, 2025 1:07 PM","(-) Expense","73.00","Food","Primary","dosa"
"May 31, 2025 7:00 AM","(-) Expense","53.00","Sport","Primary","swimming"
"May 31, 2025 8:22 AM","(-) Expense","11.00","Food","Primary","cutting chai"
"May 31, 2025 1:04 PM","(-) Expense","149.00","Food","Primary","lunch"
"May 31, 2025 4:42 PM","(-) Expense","34.00","Food","Primary","vada pav"
"May 31, 2025 8:12 PM","(-) Expense","327.00","Social","Primary","team lunch share"
"May 31, 2025 9:00 PM","(-) Expense","261.00","Food","Primary","biryani"
"Jun 01, 2025 8:20 AM","(-) Expense","25.50","Food","Primary","filter coffee"
"Jun 01, 2025 9:16 AM","(+) Income","51840.00","Salary","Primary","monthly salary"
"Jun 01, 2025 9:43 AM","(*) Transfer","14451.00","-","Primary->Savings","monthly save"
"Jun 01, 2025 11:00 AM","(-) Expense","72.00","Ration","Primary","eggs pack"
"Jun 01, 2025 11:06 AM","(-) Expense","88.00","Ration","Primary","bread and butter"
"Jun 01, 2025 11:17 AM","(-) Expense","400.00","Ration","Primary","rice and dal"
"Jun 01, 2025 11:18 AM","(-) Expense","119.00","Ration","Primary","milk and curd"
"Jun 01, 2025 1:03 PM","(-) Expense","207.00","Food","Primary","biryani"
"Jun 01, 2025 6:21 PM","(-) Expense","815.00","Entertainment","Primary","concert ticket"
"Jun 02, 2025 8:18 AM","(-) Expense","11.00","Food","Cash","tea"
"Jun 02, 2025 8:48 AM","(-) Expense","19.00","Transportation","Primary","bus"
"Jun 02, 2025 10:05 AM","(-) Expense","10809.00","Home","Primary","rent share"
"Jun 02, 2025 1:05 PM","(-) Expense","97.00","Food","Primary","office cafeteria"
"Jun 02, 2025 4:40 PM","(-) Expense","33.00","Food","Primary","filter coffee"
"Jun 02, 2025 7:10 PM","(-) Expense","35.00","Transportation","Primary","bus"
"Jun 03, 2025 7:00 AM","(-) Expense","171.00","Sport","Primary","gym day pass"
"Jun 03, 2025 8:08 AM","(*) Transfer","314.00","-","Primary->Metro","metro card top-up"
"Jun 03, 2025 8:23 AM","(-) Expense","12.00","Food","Primary","tea"
"Jun 03, 2025 8:53 AM","(-) Expense","47.50","Transportation","Metro","metro"
"Jun 03, 2025 1:08 PM","(-) Expense","63.00","Food","Primary","idli"
"Jun 03, 2025 4:38 PM","(-) Expense","65.00","Food","Primary","dosa"
"Jun 03, 2025 7:10 PM","(-) Expense","37.00","Transportation","Metro","metro"
"Jun 04, 2025 8:51 AM","(-) Expense","24.00","Transportation","Primary","bus"
"Jun 04, 2025 1:07 PM","(-) Expense","81.00","Food","Primary","dosa"
"Jun 04, 2025 7:11 PM","(-) Expense","19.00","Transportation","Primary","bus"
"Jun 05, 2025 7:02 AM","(-) Expense","187.00","Sport","Primary","gym day pass"
"Jun 05, 2025 8:21 AM","(-) Expense","14.00","Food","Primary","tea"
"Jun 05, 2025 8:53 AM","(-) Expense","32.00","Transportation","Primary","bus"
"Jun 05, 2025 11:21 AM","(-) Expense","721.00","Bills","Primary","wifi"
"Jun 05, 2025 1:03 PM","(-) Expense","88.00","Food","Primary","lunch"
"Jun 05, 2025 7:12 PM","(-) Expense","19.00","Transportation","Primary","bus"
"Jun 05, 2025 7:28 PM","(-) Expense","917.00","gift","Primary","diwali gift"
"Jun 06, 2025 8:21 AM","(-) Expense","14.00","Food","Primary","tea"
"Jun 06, 2025 8:52 AM","(-) Expense","34.00","Transportation","Primary","metro"
"Jun 06, 2025 1:06 PM","(-) Expense","55.50","Food","Primary","dosa"
"Jun 06, 2025 4:42 PM","(-) Expense","33.00","Food","Cash","egg puff"
"Jun 06, 2025 7:11 PM","(-) Expense","47.00","Transportation","Primary","metro"
"Jun 07, 2025 8:19 AM","(-) Expense","11.00","Food","Primary","cutting chai"
"Jun 07, 2025 11:00 AM","(-) Expense","81.00","Ration","Primary","eggs pack"
"Jun 07, 2025 11:12 AM","(-) Expense","100.00","Ration","Primary","eggs pack"
"Jun 07, 2025 11:30 AM","(-) Expense","141.00","Ration","Primary","fruits"
"Jun 07, 2025 11:33 AM","(-) Expense","191.00","Ration","Primary","fruits"
"Jun 07, 2025 11:34 AM","(-) Expense","280.00","Ration","Primary","weekly veggies"
"Jun 07, 2025 1:05 PM","(-) Expense","153.00","Food","Primary","biryani"
"Jun 07, 2025 4:40 PM","(-) Expense","49.00","Food","Primary","juice"
"Jun 07, 2025 6:20 PM","(-) Expense","721.50","Entertainment","Primary","game purchase"
"Jun 07, 2025 8:10 PM","(-) Expense","1549.00","Social","Primary","wedding gift"
"Jun 07, 2025 9:00 PM","(-) Expense","688.50","Food","Primary","outside dinner"
"Jun 08, 2025 8:18 AM","(-) Expense","33.50","Food","Cash","filter coffee"
"Jun 08, 2025 12:07 PM","(-) Expense","886.00","Bills","Primary","electricity"
"Jun 08, 2025 1:06 PM","(-) Expense","544.50","Food","Primary","outside dinner"
"Jun 08, 2025 4:00 PM","(-) Expense","497.00","Shopping","Primary","t-shirt"
"Jun 08, 2025 4:43 PM","(-) Expense","73.00","Food","Primary","fruit salad"
"Jun 08, 2025 8:13 PM","(-) Expense","217.00","Social","Primary","festival sweets"
"Jun 09, 2025 8:19 AM","(-) Expense","14.00","Food","Primary","tea"
"Jun 09, 2025 8:51 AM","(-) Expense","49.00","Transportation","Metro","metro"
"Jun 09, 2025 1:08 PM","(-) Expense","129.00","Food","Primary","lunch"
"Jun 09, 2025 7:09 PM","(-) Expense","47.00","Transportation","Metro","metro"
"Jun 10, 2025 7:00 AM","(-) Expense","229.50","Sport","Primary","badminton court"
"Jun 10, 2025 8:17 AM","(-) Expense","10.50","Food","Primary","cutting chai"
"Jun 10, 2025 8:53 AM","(-) Expense","30.50","Transportation","Primary","bus"
"Jun 10, 2025 1:06 PM","(-) Expense","85.00","Food","Primary","office cafeteria"
"Jun 10, 2025 4:42 PM","(-) Expense","101.00","Food","Primary","ice cream"
"Jun 10, 2025 7:11 PM","(-) Expense","34.00","Transportation","Primary","bus"
"Jun 11, 2025 8:17 AM","(-) Expense","11.00","Food","Primary","cutting chai"
"Jun 11, 2025 8:52 AM","(-) Expense","41.00","Transportation","Metro","metro"
"Jun 11, 2025 2:03 PM","(-) Expense","442.50","Education","Primary","book"
"Jun 11, 2025 4:37 PM","(-) Expense","23.00","Food","Cash","samosa"
"Jun 11, 2025 7:10 PM","(-) Expense","42.00","Transportation","Metro","metro"
"Jun 12, 2025 8:20 AM","(-) Expense","10.00","Food","Cash","tea"
"Jun 12, 2025 8:52 AM","(-) Expense","27.00","Transportation","Primary","bus"
"Jun 12, 2025 1:03 PM","(-) Expense","61.00","Food","Primary","idli"
"Jun 12, 2025 4:38 PM","(-) Expense","20.00","Food","Primary","biscuit"
"Jun 12, 2025 6:27 PM","(-) Expense","313.00","Telephone","Primary","prepaid top-up"
"Jun 12, 2025 7:13 PM","(-) Expense","24.50","Transportation","Primary","bus"
"Jun 13, 2025 8:21 AM","(-) Expense","25.00","Food","Primary","filter coffee"
"Jun 13, 2025 8:48 AM","(-) Expense","36.00","Transportation","Primary","metro"
"Jun 13, 2025 1:02 PM","(-) Expense","89.00","Food","Primary","dosa"
"Jun 13, 2025 4:43 PM","(-) Expense","47.00","Food","Primary","juice"
"Jun 13, 2025 7:12 PM","(-) Expense","42.00","Transportation","Primary","metro"
"Jun 14, 2025 7:00 AM","(-) Expense","101.00","Sport","Primary","swimming"
"Jun 14, 2025 8:21 AM","(-) Expense","25.00","Food","Primary","filter coffee"
"Jun 14, 2025 11:32 AM","(-) Expense","87.00","Ration","Primary","fruits"
"Jun 14, 2025 11:33 AM","(-) Expense","171.00","Ration","Primary","fruits"
"Jun 14, 2025 1:05 PM","(-) Expense","374.00","Food","Primary","weekend brunch"
"Jun 14, 2025 6:21 PM","(-) Expense","1248.00","Entertainment","Primary","concert ticket"
"Jun 14, 2025 9:01 PM","(-) Expense","550.00","Food","Primary","outside dinner"
"Jun 15, 2025 8:22 AM","(-) Expense","11.50","Food","Primary","cutting chai"
"Jun 15, 2025 1:02 PM","(-) Expense","362.00","Food","Primary","outside dinner"
"Jun 15, 2025 8:07 PM","(*) Transfer","3653.00","-","Primary->Credit","credit card payment"
"Jun 16, 2025 8:17 AM","(-) Expense","10.00","Food","Cash","cutting chai"
"Jun 16, 2025 8:48 AM","(-) Expense","40.00","Transportation","Metro","metro"
"Jun 16, 2025 1:07 PM","(-) Expense","49.00","Food","Primary","idli"
"Jun 16, 2025 7:09 PM","(-) Expense","53.00","Transportation","Metro","metro"
"Jun 16, 2025 9:00 PM","(-) Expense","305.00","Food","Primary","pizza"
"Jun 17, 2025 7:00 AM","(-) Expense","396.00","Sport","Primary","badminton court"
"Jun 17, 2025 8:20 AM","(-) Expense","11.00","Food","Primary","tea"
"Jun 17, 2025 8:48 AM","(-) Expense","42.00","Transportation","Primary","metro"
"Jun 17, 2025 1:04 PM","(-) Expense","90.00","Food","Primary","lunch"
"Jun 17, 2025 4:42 PM","(-) Expense","23.00","Food","Cash","biscuit"
"Jun 17, 2025 7:12 PM","(-) Expense","57.00","Transportation","Primary","metro"
"Jun 18, 2025 8:13 AM","(*) Transfer","246.00","-","Primary->Metro","metro card top-up"
"Jun 18, 2025 8:18 AM","(-) Expense","26.00","Food","Primary","filter coffee"
"Jun 18, 2025 8:53 AM","(-) Expense","59.00","Transportation","Primary","metro"
"Jun 18, 2025 1:05 PM","(-) Expense","71.50","Food","Primary","dosa"
"Jun 18, 2025 4:39 PM","(-) Expense","54.00","Food","Cash","juice"
"Jun 18, 2025 7:07 PM","(-) Expense","52.00","Transportation","Primary","metro"
"Jun 19, 2025 7:02 AM","(-) Expense","94.00","Sport","Primary","swimming"
"Jun 19, 2025 8:23 AM","(-) Expense","20.00","Food","Primary","filter coffee"
"Jun 19, 2025 1:03 PM","(-) Expense","63.00","Food","Primary","idli"
"Jun 19, 2025 4:39 PM","(-) Expense","29.00","Food","Primary","filter coffee"
"Jun 20, 2025 8:19 AM","(-) Expense","10.50","Food","Cash","tea"
"Jun 20, 2025 8:52 AM","(-) Expense","48.00","Transportation","Metro","metro"
"Jun 20, 2025 1:04 PM","(-) Expense","163.50","Food","Primary","thali"
"Jun 20, 2025 5:44 PM","(*) Transfer","2844.00","-","Primary->Cash","atm cash"
"Jun 20, 2025 7:13 PM","(-) Expense","39.50","Transportation","Metro","metro"
"Jun 21, 2025 8:17 AM","(-) Expense","11.00","Food","Cash","cutting chai"
"Jun 21, 2025 6:18 PM","(-) Expense","397.00","Entertainment","Primary","movie"
"Jun 21, 2025 9:00 PM","(-) Expense","176.00","Food","Primary","thali"
"Jun 22, 2025 8:18 AM","(-) Expense","13.00","Food","Primary","tea"
"Jun 22, 2025 11:08 AM","(-) Expense","309.00","Ration","Primary","chicken"
"Jun 22, 2025 11:28 AM","(-) Expense","239.50","Ration","Primary","chicken"
"Jun 22, 2025 11:39 AM","(-) Expense","375.00","Ration","Primary","chicken"
"Jun 22, 2025 1:04 PM","(-) Expense","146.50","Food","Primary","burger"
"Jun 22, 2025 4:02 PM","(-) Expense","327.00","Shopping","Primary","household item"
"Jun 23, 2025 8:19 AM","(-) Expense","11.00","Food","Primary","cutting chai"
"Jun 23, 2025 8:50 AM","(-) Expense","44.00","Transportation","Primary","metro"
"Jun 23, 2025 1:02 PM","(-) Expense","63.00","Food","Primary","dosa"
"Jun 23, 2025 4:37 PM","(-) Expense","61.00","Food","Cash","dosa"
"Jun 23, 2025 7:11 PM","(-) Expense","49.00","Transportation","Primary","metro"
"Jun 23, 2025 9:00 PM","(-) Expense","314.50","Food","Primary","pizza"
"Jun 24, 2025 7:03 AM","(-) Expense","258.00","Sport","Primary","badminton court"
"Jun 24, 2025 8:17 AM","(-) Expense","13.00","Food","Primary","tea"
"Jun 24, 2025 8:51 AM","(-) Expense","53.00","Transportation","Metro","metro"
"Jun 24, 2025 1:08 PM","(-) Expense","107.00","Food","Primary","thali"
"Jun 24, 2025 4:43 PM","(-) Expense","114.00","Food","Cash","ice cream"
"Jun 24, 2025 7:12 PM","(-) Expense","44.00","Transportation","Metro","metro"
"Jun 24, 2025 9:00 PM","(-) Expense","216.00","Food","Primary","pizza"
"Jun 25, 2025 8:19 AM","(-) Expense","11.50","Food","Cash","tea"
"Jun 25, 2025 8:52 AM","(-) Expense","25.00","Transportation","Primary","bus"
"Jun 25, 2025 1:06 PM","(-) Expense","56.00","Food","Primary","idli"
"Jun 25, 2025 4:38 PM","(-) Expense","33.00","Food","Cash","filter coffee"
"Jun 25, 2025 7:09 PM","(-) Expense","17.00","Transportation","Primary","bus"
"Jun 26, 2025 7:03 AM","(-) Expense","42.00","Sport","Primary","sports drink"
"Jun 26, 2025 8:22 AM","(-) Expense","12.50","Food","Cash","tea"
"Jun 26, 2025 8:49 AM","(-) Expense","32.00","Transportation","Metro","metro"
"Jun 26, 2025 1:05 PM","(-) Expense","144.00","Food","Primary","lunch"
"Jun 26, 2025 4:03 PM","(-) Expense","137.00","Shopping","Primary","stationery"
"Jun 26, 2025 4:41 PM","(-) Expense","13.00","Food","Cash","tea"
"Jun 26, 2025 7:10 PM","(-) Expense","43.00","Transportation","Metro","metro"
"Jun 27, 2025 8:18 AM","(-) Expense","23.00","Food","Cash","filter coffee"
"Jun 27, 2025 8:52 AM","(-) Expense","29.00","Transportation","Primary","bus"
"Jun 27, 2025 1:02 PM","(-) Expense","103.00","Food","Primary","lunch"
"Jun 27, 2025 4:37 PM","(-) Expense","32.00","Food","Cash","poha"
"Jun 27, 2025 7:12 PM","(-) Expense","21.50","Transportation","Primary","bus"
"Jun 28, 2025 7:00 AM","(-) Expense","245.00","Sport","Primary","badminton court"
"Jun 28, 2025 8:17 AM","(-) Expense","15.00","Food","Primary","tea"
"Jun 28, 2025 4:38 PM","(-) Expense","31.00","Food","Primary","juice"
"Jun 28, 2025 6:19 PM","(-) Expense","1109.00","Entertainment","Primary","concert ticket"
"Jun 28, 2025 9:03 PM","(-) Expense","87.50","Food","Primary","lunch"
"Jun 29, 2025 8:20 AM","(-) Expense","24.50","Food","Cash","filter coffee"
"Jun 29, 2025 1:08 PM","(-) Expense","80.00","Food","Primary","burger"
"Jun 29, 2025 4:38 PM","(-) Expense","60.50","Food","Primary","dosa"
"Jun 30, 2025 8:19 AM","(-) Expense","26.00","Food","Primary","filter coffee"
"Jun 30, 2025 8:50 AM","(-) Expense","39.00","Transportation","Primary","metro"
"Jun 30, 2025 4:43 PM","(-) Expense","33.00","Food","Primary","vada pav"
"Jun 30, 2025 7:09 PM","(-) Expense","42.00","Transportation","Primary","metro"
"Jul 01, 2025 8:21 AM","(-) Expense","30.00","Food","Cash","filter coffee"
"Jul 01, 2025 8:51 AM","(-) Expense","51.00","Transportation","Primary","metro"
"Jul 01, 2025 9:14 AM","(+) Income","51840.00","Salary","Primary","monthly salary"
"Jul 01, 2025 9:39 AM","(*) Transfer","14147.00","-","Primary->Savings","monthly save"
"Jul 01, 2025 9:58 AM","(*) Transfer","3181.50","-","Savings->Emergency","emergency fund"
"Jul 01, 2025 1:05 PM","(-) Expense","68.00","Food","Primary","idli"
"Jul 01, 2025 4:37 PM","(-) Expense","32.00","Food","Primary","poha"
"Jul 01, 2025 7:09 PM","(-) Expense","44.00","Transportation","Primary","metro"
"Jul 02, 2025 8:20 AM","(-) Expense","31.00","Food","Primary","filter coffee"
"Jul 02, 2025 8:51 AM","(-) Expense","52.00","Transportation","Metro","metro"
"Jul 02, 2025 10:06 AM","(-) Expense","11873.00","Home","Primary","rent share"
"Jul 02, 2025 12:00 PM","(+) Income","173.00","Refunds","Primary","cashback"
"Jul 02, 2025 1:02 PM","(-) Expense","54.00","Food","Primary","dosa"
"Jul 02, 2025 4:42 PM","(-) Expense","29.00","Food","Cash","vada pav"
"Jul 02, 2025 7:12 PM","(-) Expense","42.00","Transportation","Metro","metro"
"Jul 03, 2025 8:11 AM","(*) Transfer","471.00","-","Primary->Metro","metro card top-up"
"Jul 03, 2025 8:51 AM","(-) Expense","19.00","Transportation","Primary","bus"
"Jul 03, 2025 1:05 PM","(-) Expense","46.00","Food","Primary","idli"
"Jul 03, 2025 7:09 PM","(-) Expense","23.00","Transportation","Primary","bus"
"Jul 04, 2025 8:21 AM","(-) Expense","14.00","Food","Primary","tea"
"Jul 04, 2025 8:53 AM","(-) Expense","44.00","Transportation","Metro","metro"
"Jul 04, 2025 1:07 PM","(-) Expense","49.00","Food","Primary","idli"
"Jul 04, 2025 7:12 PM","(-) Expense","33.00","Transportation","Metro","metro"
"Jul 05, 2025 7:01 AM","(-) Expense","359.00","Sport","Primary","badminton court"
"Jul 05, 2025 8:23 AM","(-) Expense","14.00","Food","Cash","tea"
"Jul 05, 2025 11:00 AM","(-) Expense","112.00","Ration","Primary","milk and curd"
"Jul 05, 2025 11:00 AM","(-) Expense","111.00","Ration","Primary","milk and curd"
"Jul 05, 2025 11:00 AM","(-) Expense","448.50","Ration","Primary","rice and dal"
"Jul 05, 2025 11:06 AM","(-) Expense","61.00","Ration","Primary","milk and curd"
"Jul 05, 2025 11:20 AM","(-) Expense","531.00","Bills","Primary","wifi"
"Jul 05, 2025 1:08 PM","(-) Expense","155.00","Food","Primary","lunch"
"Jul 05, 2025 3:33 PM","(-) Expense","1100.00","Health","Primary","lab test"
"Jul 05, 2025 4:38 PM","(-) Expense","22.00","Food","Primary","samosa"
"Jul 06, 2025 8:23 AM","(-) Expense","11.00","Food","Primary","tea"
"Jul 06, 2025 4:39 PM","(-) Expense","38.50","Food","Cash","egg puff"
"Jul 06, 2025 9:00 PM","(-) Expense","150.00","Food","Primary","burger"
"Jul 07, 2025 8:48 AM","(-) Expense","50.00","Transportation","Metro","metro"
"Jul 07, 2025 1:07 PM","(-) Expense","66.00","Food","Primary","idli"
"Jul 07, 2025 7:13 PM","(-) Expense","50.50","Transportation","Metro","metro"
"Jul 08, 2025 7:00 AM","(-) Expense","85.00","Sport","Primary","swimming"
"Jul 08, 2025 8:50 AM","(-) Expense","32.00","Transportation","Primary","bus"
"Jul 08, 2025 12:10 PM","(-) Expense","1347.00","Bills","Primary","electricity"
"Jul 08, 2025 1:02 PM","(-) Expense","153.00","Food","Primary","lunch"
"Jul 08, 2025 7:13 PM","(-) Expense","24.00","Transportation","Primary","bus"
"Jul 08, 2025 9:00 PM","(-) Expense","158.00","Food","Primary","burger"
"Jul 09, 2025 8:21 AM","(-) Expense","24.00","Food","Cash","filter coffee"
"Jul 09, 2025 8:48 AM","(-) Expense","30.00","Transportation","Primary","bus"
"Jul 09, 2025 1:07 PM","(-) Expense","117.00","Food","Primary","lunch"
"Jul 09, 2025 7:07 PM","(-) Expense","15.00","Transportation","Primary","bus"
"Jul 10, 2025 7:00 AM","(-) Expense","252.00","Sport","Primary","badminton court"
"Jul 10, 2025 8:52 AM","(-) Expense","48.00","Transportation","Metro","metro"
"Jul 10, 2025 1:04 PM","(-) Expense","85.50","Food","Primary","dosa"
"Jul 10, 2025 4:42 PM","(-) Expense","33.00","Food","Primary","juice"
"Jul 10, 2025 7:12 PM","(-) Expense","53.00","Transportation","Metro","metro"
"Jul 11, 2025 8:20 AM","(-) Expense","33.00","Food","Primary","filter coffee"
"Jul 11, 2025 8:53 AM","(-) Expense","42.00","Transportation","Metro","metro"
"Jul 11, 2025 2:00 PM","(-) Expense","788.50","Education","Primary","exam fee"
"Jul 11, 2025 4:41 PM","(-) Expense","26.00","Food","Primary","egg puff"
"Jul 12, 2025 7:02 AM","(-) Expense","112.00","Sport","Primary","gym day pass"
"Jul 12, 2025 8:19 AM","(-) Expense","27.00","Food","Cash","filter coffee"
"Jul 12, 2025 11:11 AM","(-) Expense","196.00","Ration","Primary","fruits"
"Jul 12, 2025 11:13 AM","(-) Expense","92.00","Ration","Primary","eggs pack"
"Jul 12, 2025 1:06 PM","(-) Expense","348.00","Food","Primary","pizza"
"Jul 12, 2025 4:37 PM","(-) Expense","31.00","Food","Primary","filter coffee"
"Jul 12, 2025 6:28 PM","(-) Expense","309.00","Telephone","Primary","prepaid top-up"
"Jul 12, 2025 8:09 PM","(-) Expense","1235.50","Social","Primary","wedding gift"
"Jul 13, 2025 11:01 AM","(-) Expense","256.00","Ration","Primary","rice and dal"
"Jul 13, 2025 11:14 AM","(-) Expense","314.00","Ration","Primary","weekly veggies"
"Jul 13, 2025 11:31 AM","(-) Expense","66.00","Ration","Primary","bread and butter"
"Jul 13, 2025 11:32 AM","(-) Expense","69.00","Ration","Primary","eggs pack"
"Jul 13, 2025 1:02 PM","(-) Expense","209.00","Food","Primary","thali"
"Jul 13, 2025 4:42 PM","(-) Expense","115.00","Food","Cash","ice cream"
"Jul 13, 2025 8:09 PM","(-) Expense","2863.50","Social","Primary","wedding gift"
"Jul 13, 2025 9:03 PM","(-) Expense","214.50","Food","Primary","dinner"
"Jul 14, 2025 8:19 AM","(-) Expense","30.00","Food","Primary","filter coffee"
"Jul 14, 2025 8:52 AM","(-) Expense","30.00","Transportation","Metro","metro"
"Jul 14, 2025 1:07 PM","(-) Expense","104.00","Food","Primary","lunch"
"Jul 14, 2025 4:41 PM","(-) Expense","57.00","Food","Primary","fruit salad"
"Jul 15, 2025 8:19 AM","(-) Expense","11.00","Food","Primary","cutting chai"
"Jul 15, 2025 8:51 AM","(-) Expense","37.00","Transportation","Metro","metro"
"Jul 15, 2025 1:04 PM","(-) Expense","137.00","Food","Primary","thali"
"Jul 15, 2025 5:00 PM","(-) Expense","880.00","Clothing","Primary","jeans"
"Jul 15, 2025 7:11 PM","(-) Expense","34.00","Transportation","Metro","metro"
"Jul 15, 2025 8:03 PM","(*) Transfer","5665.00","-","Primary->Credit","credit card payment"
"Jul 15, 2025 9:01 PM","(-) Expense","108.00","Food","Primary","lunch"
"Jul 16, 2025 8:49 AM","(-) Expense","38.00","Transportation","Metro","metro"
"Jul 16, 2025 1:03 PM","(-) Expense","65.00","Food","Primary","idli"
"Jul 16, 2025 4:39 PM","(-) Expense","10.00","Food","Cash","cutting chai"
"Jul 17, 2025 7:00 AM","(-) Expense","86.00","Sport","Primary","swimming"
"Jul 17, 2025 8:23 AM","(-) Expense","10.00","Food","Primary","cutting chai"
"Jul 17, 2025 8:48 AM","(-) Expense","45.00","Transportation","Primary","metro"
"Jul 17, 2025 12:00 PM","(+) Income","494.00","Refunds","Primary","cashback"
"Jul 17, 2025 1:02 PM","(-) Expense","68.00","Food","Primary","dosa"
"Jul 17, 2025 4:41 PM","(-) Expense","10.00","Food","Cash","cutting chai"
"Jul 18, 2025 8:08 AM","(*) Transfer","236.00","-","Primary->Metro","metro card top-up"
"Jul 18, 2025 8:23 AM","(-) Expense","15.00","Food","Primary","tea"
"Jul 18, 2025 8:52 AM","(-) Expense","45.00","Transportation","Metro","metro"
"Jul 18, 2025 1:02 PM","(-) Expense","58.00","Food","Primary","idli"
"Jul 18, 2025 7:08 PM","(-) Expense","35.00","Transportation","Metro","metro"
"Jul 18, 2025 9:00 PM","(-) Expense","225.00","Food","Primary","pizza"
"Jul 19, 2025 7:00 AM","(-) Expense","133.00","Sport","Primary","gym day pass"
"Jul 19, 2025 1:06 PM","(-) Expense","499.50","Food","Primary","weekend brunch"
"Jul 19, 2025 4:39 PM","(-) Expense","14.00","Food","Primary","tea"
"Jul 19, 2025 9:00 PM","(-) Expense","137.00","Food","Primary","office cafeteria"
"Jul 20, 2025 11:07 AM","(-) Expense","239.00","Ration","Primary","weekly veggies"
"Jul 20, 2025 11:31 AM","(-) Expense","87.00","Ration","Primary","fruits"
"Jul 20, 2025 1:07 PM","(-) Expense","123.00","Food","Primary","burger"
"Jul 20, 2025 4:42 PM","(-) Expense","43.00","Food","Cash","poha"
"Jul 20, 2025 5:42 PM","(*) Transfer","2840.00","-","Primary->Cash","atm cash"
"Jul 20, 2025 6:17 PM","(-) Expense","246.50","Entertainment","Primary","cafe hangout"
"Jul 21, 2025 8:49 AM","(-) Expense","53.00","Transportation","Metro","metro"
"Jul 21, 2025 1:03 PM","(-) Expense","102.00","Food","Primary","thali"
"Jul 21, 2025 7:10 PM","(-) Expense","42.00","Transportation","Metro","metro"
"Jul 22, 2025 7:01 AM","(-) Expense","64.00","Sport","Primary","swimming"
"Jul 22, 2025 8:20 AM","(-) Expense","12.00","Food","Cash","tea"
"Jul 22, 2025 8:50 AM","(-) Expense","27.00","Transportation","Primary","bus"
"Jul 22, 2025 1:08 PM","(-) Expense","111.00","Food","Primary","office cafeteria"
"Jul 22, 2025 7:11 PM","(-) Expense","29.00","Transportation","Primary","bus"
"Jul 23, 2025 8:18 AM","(-) Expense","33.00","Food","Primary","filter coffee"
"Jul 23, 2025 8:48 AM","(-) Expense","35.00","Transportation","Primary","bus"
"Jul 23, 2025 1:04 PM","(-) Expense","68.00","Food","Primary","idli"
"Jul 23, 2025 4:39 PM","(-) Expense","71.00","Food","Primary","dosa"
"Jul 23, 2025 7:13 PM","(-) Expense","33.00","Transportation","Primary","bus"
"Jul 23, 2025 9:03 PM","(-) Expense","254.00","Food","Primary","biryani"
"Jul 24, 2025 8:51 AM","(-) Expense","33.50","Transportation","Primary","bus"
"Jul 24, 2025 1:05 PM","(-) Expense","61.00","Food","Primary","idli"
"Jul 24, 2025 7:12 PM","(-) Expense","16.00","Transportation","Primary","bus"
"Jul 25, 2025 8:22 AM","(-) Expense","26.00","Food","Primary","filter coffee"
"Jul 25, 2025 8:50 AM","(-) Expense","41.50","Transportation","Metro","metro"
"Jul 25, 2025 1:05 PM","(-) Expense","158.00","Food","Primary","thali"
"Jul 25, 2025 7:13 PM","(-) Expense","47.50","Transportation","Metro","metro"
"Jul 26, 2025 7:00 AM","(-) Expense","56.00","Sport","Primary","sports drink"
"Jul 26, 2025 8:23 AM","(-) Expense","34.00","Food","Primary","filter coffee"
"Jul 26, 2025 1:03 PM","(-) Expense","101.00","Food","Primary","office cafeteria"
"Jul 26, 2025 4:41 PM","(-) Expense","13.00","Food","Cash","tea"
"Jul 26, 2025 6:23 PM","(-) Expense","2267.00","Entertainment","Primary","concert ticket"
"Jul 27, 2025 8:19 AM","(-) Expense","11.00","Food","Primary","cutting chai"
"Jul 27, 2025 1:08 PM","(-) Expense","275.00","Food","Primary","biryani"
"Jul 27, 2025 2:02 PM","(-) Expense","61.00","Education","Primary","printouts"
"Jul 27, 2025 4:38 PM","(-) Expense","57.00","Food","Primary","fruit salad"
"Jul 27, 2025 9:00 PM","(-) Expense","675.00","Food","Primary","outside dinner"
"Jul 28, 2025 8:19 AM","(-) Expense","28.50","Food","Primary","filter coffee"
"Jul 28, 2025 8:51 AM","(-) Expense","39.00","Transportation","Metro","metro"
"Jul 28, 2025 1:02 PM","(-) Expense","166.00","Food","Primary","thali"
"Jul 28, 2025 9:00 PM","(-) Expense","298.00","Food","Primary","pizza"
"Jul 29, 2025 7:00 AM","(-) Expense","222.00","Sport","Primary","badminton court"
"Jul 29, 2025 8:23 AM","(-) Expense","11.00","Food","Primary","cutting chai"
"Jul 29, 2025 8:47 AM","(-) Expense","37.00","Transportation","Metro","metro"
"Jul 29, 2025 1:06 PM","(-) Expense","108.00","Food","Primary","office cafeteria"
"Jul 29, 2025 4:40 PM","(-) Expense","26.00","Food","Primary","vada pav"
"Jul 29, 2025 7:11 PM","(-) Expense","38.00","Transportation","Metro","metro"
"Jul 29, 2025 9:00 PM","(-) Expense","172.00","Food","Primary","lunch"
"Jul 30, 2025 8:21 AM","(-) Expense","30.00","Food","Primary","filter coffee"
"Jul 30, 2025 8:47 AM","(-) Expense","42.00","Transportation","Metro","metro"
"Jul 30, 2025 1:05 PM","(-) Expense","83.00","Food","Primary","dosa"
"Jul 30, 2025 4:42 PM","(-) Expense","25.00","Food","Cash","water bottle"
"Jul 30, 2025 7:13 PM","(-) Expense","50.00","Transportation","Metro","metro"
"Jul 30, 2025 9:02 PM","(-) Expense","112.00","Food","Primary","lunch"
"Jul 31, 2025 7:02 AM","(-) Expense","133.00","Sport","Primary","gym day pass"
"Jul 31, 2025 8:19 AM","(-) Expense","10.50","Food","Cash","cutting chai"
"Jul 31, 2025 1:08 PM","(-) Expense","80.00","Food","Primary","dosa"
"Jul 31, 2025 4:42 PM","(-) Expense","56.00","Food","Primary","dosa"
"Jul 31, 2025 7:27 PM","(-) Expense","436.00","gift","Primary","diwali gift"
"Aug 01, 2025 8:19 AM","(-) Expense","10.00","Food","Cash","cutting chai"
"Aug 01, 2025 8:48 AM","(-) Expense","52.00","Transportation","Metro","metro"
"Aug 01, 2025 9:15 AM","(+) Income","55987.20","Salary","Primary","monthly salary"
"Aug 01, 2025 9:40 AM","(*) Transfer","9251.50","-","Primary->Savings","monthly save"
"Aug 01, 2025 1:02 PM","(-) Expense","102.00","Food","Primary","office cafeteria"
"Aug 01, 2025 4:43 PM","(-) Expense","20.00","Food","Primary","water bottle"
"Aug 01, 2025 7:07 PM","(-) Expense","54.00","Transportation","Metro","metro"
"Aug 02, 2025 7:00 AM","(-) Expense","174.00","Sport","Primary","gym day pass"
"Aug 02, 2025 8:20 AM","(-) Expense","13.50","Food","Primary","tea"
"Aug 02, 2025 10:02 AM","(-) Expense","12197.00","Home","Primary","rent share"
"Aug 02, 2025 11:09 AM","(-) Expense","313.00","Ration","Primary","chicken"
"Aug 02, 2025 11:09 AM","(-) Expense","709.50","Ration","Primary","grocery restock"
"Aug 02, 2025 11:23 AM","(-) Expense","103.00","Ration","Primary","milk and curd"
"Aug 02, 2025 11:28 AM","(-) Expense","293.00","Ration","Primary","chicken"
"Aug 02, 2025 11:36 AM","(-) Expense","258.00","Ration","Primary","chicken"
"Aug 02, 2025 1:02 PM","(-) Expense","124.00","Food","Primary","lunch"
"Aug 02, 2025 4:38 PM","(-) Expense","97.00","Food","Cash","ice cream"
"Aug 02, 2025 6:21 PM","(-) Expense","378.00","Entertainment","Primary","movie"
"Aug 03, 2025 8:23 AM","(-) Expense","10.00","Food","Cash","cutting chai"
"Aug 03, 2025 11:03 AM","(-) Expense","196.50","Ration","Primary","weekly veggies"
"Aug 03, 2025 11:23 AM","(-) Expense","311.00","Ration","Primary","chicken"
"Aug 03, 2025 11:23 AM","(-) Expense","62.00","Ration","Primary","eggs pack"
"Aug 03, 2025 11:28 AM","(-) Expense","74.00","Ration","Primary","bread and butter"
"Aug 03, 2025 1:05 PM","(-) Expense","82.00","Food","Primary","lunch"
"Aug 03, 2025 4:40 PM","(-) Expense","21.00","Food","Primary","vada pav"
"Aug 03, 2025 8:09 PM","(-) Expense","227.00","Social","Primary","festival sweets"
"Aug 04, 2025 8:22 AM","(-) Expense","13.00","Food","Primary","tea"
"Aug 04, 2025 8:52 AM","(-) Expense","31.50","Transportation","Primary","bus"
"Aug 04, 2025 1:08 PM","(-) Expense","109.00","Food","Primary","office cafeteria"
"Aug 04, 2025 4:38 PM","(-) Expense","30.00","Food","Cash","egg puff"
"Aug 04, 2025 7:08 PM","(-) Expense","17.00","Transportation","Primary","bus"
"Aug 04, 2025 7:32 PM","(-) Expense","1093.00","gift","Primary","diwali gift"
"Aug 05, 2025 8:21 AM","(-) Expense","10.00","Food","Primary","tea"
"Aug 05, 2025 8:47 AM","(-) Expense","40.00","Transportation","Metro","metro"
"Aug 05, 2025 11:22 AM","(-) Expense","514.00","Bills","Primary","wifi"
"Aug 05, 2025 1:08 PM","(-) Expense","60.00","Food","Primary","idli"
"Aug 05, 2025 7:12 PM","(-) Expense","47.00","Transportation","Metro","metro"
"Aug 06, 2025 8:17 AM","(-) Expense","11.50","Food","Primary","cutting chai"
"Aug 06, 2025 8:48 AM","(-) Expense","50.50","Transportation","Primary","metro"
"Aug 06, 2025 1:08 PM","(-) Expense","57.00","Food","Primary","dosa"
"Aug 06, 2025 7:12 PM","(-) Expense","59.00","Transportation","Primary","metro"
"Aug 06, 2025 9:02 PM","(-) Expense","179.00","Food","Primary","biryani"
"Aug 07, 2025 8:20 AM","(-) Expense","13.00","Food","Primary","tea"
"Aug 07, 2025 1:08 PM","(-) Expense","137.00","Food","Primary","thali"
"Aug 07, 2025 2:00 PM","(-) Expense","1895.00","Education","Primary","exam fee"
"Aug 07, 2025 4:43 PM","(-) Expense","30.00","Food","Primary","poha"
"Aug 07, 2025 9:00 PM","(-) Expense","218.00","Food","Primary","thali"
"Aug 08, 2025 8:20 AM","(-) Expense","14.00","Food","Primary","tea"
"Aug 08, 2025 8:53 AM","(-) Expense","50.00","Transportation","Metro","metro"
"Aug 08, 2025 12:07 PM","(-) Expense","1198.00","Bills","Primary","electricity"
"Aug 08, 2025 1:05 PM","(-) Expense","66.00","Food","Primary","idli"
"Aug 08, 2025 4:03 PM","(-) Expense","167.00","Shopping","Primary","stationery"
"Aug 08, 2025 4:38 PM","(-) Expense","56.00","Food","Primary","fruit salad"
"Aug 09, 2025 7:00 AM","(-) Expense","132.00","Sport","Primary","gym day pass"
"Aug 09, 2025 8:21 AM","(-) Expense","11.00","Food","Primary","cutting chai"
"Aug 09, 2025 11:09 AM","(-) Expense","561.00","Ration","Primary","grocery restock"
"Aug 09, 2025 11:10 AM","(-) Expense","67.50","Ration","Primary","bread and butter"
"Aug 09, 2025 11:21 AM","(-) Expense","308.00","Ration","Primary","chicken"
"Aug 09, 2025 11:23 AM","(-) Expense","412.50","Ration","Primary","grocery restock"
"Aug 09, 2025 11:31 AM","(-) Expense","118.00","Ration","Primary","fruits"
"Aug 09, 2025 1:05 PM","(-) Expense","219.00","Food","Primary","thali"
"Aug 09, 2025 4:41 PM","(-) Expense","50.50","Food","Primary","juice"
"Aug 09, 2025 6:21 PM","(-) Expense","2427.50","Entertainment","Primary","concert ticket"
"Aug 09, 2025 9:01 PM","(-) Expense","226.00","Food","Primary","biryani"
"Aug 10, 2025 8:17 AM","(-) Expense","10.00","Food","Primary","cutting chai"
"Aug 10, 2025 1:06 PM","(-) Expense","242.00","Food","Primary","dinner"
"Aug 10, 2025 3:33 PM","(-) Expense","1351.00","Health","Primary","lab test"
"Aug 10, 2025 8:12 PM","(-) Expense","726.00","Social","Primary","friend birthday gift"
"Aug 10, 2025 9:00 PM","(-) Expense","407.00","Food","Primary","weekend brunch"
"Aug 11, 2025 8:20 AM","(-) Expense","13.00","Food","Primary","tea"
"Aug 11, 2025 8:47 AM","(-) Expense","30.50","Transportation","Metro","metro"
"Aug 11, 2025 1:07 PM","(-) Expense","61.00","Food","Primary","idli"
"Aug 11, 2025 7:07 PM","(-) Expense","53.50","Transportation","Metro","metro"
"Aug 12, 2025 7:00 AM","(-) Expense","77.00","Sport","Primary","sports drink"
"Aug 12, 2025 8:22 AM","(-) Expense","34.00","Food","Primary","filter coffee"
"Aug 12, 2025 8:49 AM","(-) Expense","16.00","Transportation","Primary","bus"
"Aug 12, 2025 1:07 PM","(-) Expense","124.50","Food","Primary","thali"
"Aug 12, 2025 4:42 PM","(-) Expense","31.00","Food","Primary","idli"
"Aug 12, 2025 6:33 PM","(-) Expense","337.00","Telephone","Primary","prepaid top-up"
"Aug 13, 2025 8:52 AM","(-) Expense","18.00","Transportation","Primary","bus"
"Aug 13, 2025 1:03 PM","(-) Expense","72.00","Food","Primary","office cafeteria"
"Aug 13, 2025 4:41 PM","(-) Expense","39.50","Food","Primary","idli"
"Aug 13, 2025 7:10 PM","(-) Expense","34.50","Transportation","Primary","bus"
"Aug 14, 2025 7:00 AM","(-) Expense","77.00","Sport","Primary","sports drink"
"Aug 14, 2025 8:21 AM","(-) Expense","11.50","Food","Primary","cutting chai"
"Aug 14, 2025 8:53 AM","(-) Expense","37.50","Transportation","Primary","metro"
"Aug 14, 2025 1:03 PM","(-) Expense","62.00","Food","Primary","idli"
"Aug 14, 2025 4:38 PM","(-) Expense","29.00","Food","Primary","samosa"
"Aug 14, 2025 7:12 PM","(-) Expense","31.00","Transportation","Primary","metro"
"Aug 15, 2025 8:19 AM","(-) Expense","11.00","Food","Primary","tea"
"Aug 15, 2025 8:49 AM","(-) Expense","60.00","Transportation","Metro","metro"
"Aug 15, 2025 1:03 PM","(-) Expense","153.00","Food","Primary","lunch"
"Aug 15, 2025 7:11 PM","(-) Expense","42.00","Transportation","Metro","metro"
"Aug 15, 2025 8:02 PM","(*) Transfer","4450.00","-","Primary->Credit","credit card payment"
"Aug 16, 2025 8:18 AM","(-) Expense","13.00","Food","Cash","tea"
"Aug 16, 2025 1:05 PM","(-) Expense","153.50","Food","Primary","dinner"
"Aug 16, 2025 6:21 PM","(-) Expense","291.00","Entertainment","Primary","movie"
"Aug 16, 2025 8:09 PM","(-) Expense","173.00","Social","Primary","festival sweets"
"Aug 16, 2025 9:03 PM","(-) Expense","147.50","Food","Primary","burger"
"Aug 17, 2025 8:19 AM","(-) Expense","12.00","Food","Primary","tea"
"Aug 17, 2025 11:07 AM","(-) Expense","76.00","Ration","Primary","eggs pack"
"Aug 17, 2025 11:13 AM","(-) Expense","288.00","Ration","Primary","chicken"
"Aug 17, 2025 4:42 PM","(-) Expense","30.50","Food","Cash","poha"
"Aug 17, 2025 6:17 PM","(-) Expense","278.00","Entertainment","Primary","cafe hangout"
"Aug 17, 2025 9:00 PM","(-) Expense","166.00","Food","Primary","thali"
"Aug 18, 2025 8:11 AM","(*) Transfer","450.00","-","Primary->Metro","metro card top-up"
"Aug 18, 2025 8:21 AM","(-) Expense","12.00","Food","Primary","tea"
"Aug 18, 2025 8:47 AM","(-) Expense","48.00","Transportation","Metro","metro"
"Aug 18, 2025 1:05 PM","(-) Expense","47.00","Food","Primary","idli"
"Aug 18, 2025 7:11 PM","(-) Expense","33.50","Transportation","Metro","metro"
"Aug 19, 2025 7:02 AM","(-) Expense","80.00","Sport","Primary","swimming"
"Aug 19, 2025 8:22 AM","(-) Expense","11.00","Food","Primary","tea"
"Aug 19, 2025 8:49 AM","(-) Expense","31.00","Transportation","Metro","metro"
"Aug 19, 2025 1:04 PM","(-) Expense","63.00","Food","Primary","idli"
"Aug 19, 2025 4:41 PM","(-) Expense","11.00","Food","Cash","biscuit"
"Aug 19, 2025 7:13 PM","(-) Expense","48.00","Transportation","Metro","metro"
"Aug 19, 2025 9:02 PM","(-) Expense","183.50","Food","Primary","biryani"
"Aug 20, 2025 8:18 AM","(-) Expense","30.00","Food","Cash","filter coffee"
"Aug 20, 2025 8:51 AM","(-) Expense","17.50","Transportation","Primary","bus"
"Aug 20, 2025 1:03 PM","(-) Expense","66.00","Food","Primary","idli"
"Aug 20, 2025 5:46 PM","(*) Transfer","1968.00","-","Primary->Cash","atm cash"
"Aug 20, 2025 9:02 PM","(-) Expense","125.00","Food","Primary","thali"
"Aug 21, 2025 8:20 AM","(-) Expense","14.00","Food","Primary","tea"
"Aug 21, 2025 8:52 AM","(-) Expense","41.00","Transportation","Metro","metro"
"Aug 21, 2025 1:04 PM","(-) Expense","149.00","Food","Primary","lunch"
"Aug 21, 2025 4:37 PM","(-) Expense","14.00","Food","Cash","tea"
"Aug 21, 2025 7:09 PM","(-) Expense","51.50","Transportation","Metro","metro"
"Aug 22, 2025 8:51 AM","(-) Expense","23.00","Transportation","Primary","bus"
"Aug 22, 2025 1:04 PM","(-) Expense","94.00","Food","Primary","office cafeteria"
"Aug 22, 2025 7:12 PM","(-) Expense","31.00","Transportation","Primary","bus"
"Aug 23, 2025 7:00 AM","(-) Expense","53.00","Sport","Primary","swimming"
"Aug 23, 2025 8:20 AM","(-) Expense","10.00","Food","Primary","cutting chai"
"Aug 23, 2025 4:39 PM","(-) Expense","28.00","Food","Cash","vada pav"
"Aug 23, 2025 6:23 PM","(-) Expense","368.00","Entertainment","Primary","movie"
"Aug 23, 2025 9:00 PM","(-) Expense","174.00","Food","Primary","thali"
"Aug 24, 2025 11:04 AM","(-) Expense","95.00","Ration","Primary","eggs pack"
"Aug 24, 2025 11:04 AM","(-) Expense","106.00","Ration","Primary","fruits"
"Aug 24, 2025 11:27 AM","(-) Expense","290.00","Ration","Primary","weekly veggies"
"Aug 24, 2025 11:28 AM","(-) Expense","227.00","Ration","Primary","chicken"
"Aug 24, 2025 11:34 AM","(-) Expense","85.00","Ration","Primary","bread and butter"
"Aug 24, 2025 1:07 PM","(-) Expense","97.00","Food","Primary","office cafeteria"
"Aug 24, 2025 6:23 PM","(-) Expense","346.00","Entertainment","Primary","movie"
"Aug 25, 2025 8:20 AM","(-) Expense","12.00","Food","Primary","tea"
"Aug 25, 2025 8:47 AM","(-) Expense","54.00","Transportation","Metro","metro"
"Aug 25, 2025 1:02 PM","(-) Expense","44.00","Food","Primary","idli"
"Aug 25, 2025 7:13 PM","(-) Expense","43.00","Transportation","Metro","metro"
"Aug 26, 2025 7:00 AM","(-) Expense","47.00","Sport","Primary","sports drink"
"Aug 26, 2025 8:53 AM","(-) Expense","35.00","Transportation","Primary","bus"
"Aug 26, 2025 4:00 PM","(-) Expense","1708.00","Shopping","Primary","earphones"
"Aug 26, 2025 7:12 PM","(-) Expense","28.00","Transportation","Primary","bus"
"Aug 27, 2025 8:21 AM","(-) Expense","14.00","Food","Primary","tea"
"Aug 27, 2025 1:08 PM","(-) Expense","100.00","Food","Primary","lunch"
"Aug 27, 2025 3:30 PM","(-) Expense","673.00","Health","Primary","doctor consult"
"Aug 27, 2025 4:40 PM","(-) Expense","19.00","Food","Primary","biscuit"
"Aug 27, 2025 9:01 PM","(-) Expense","612.00","Food","Primary","outside dinner"
"Aug 28, 2025 8:22 AM","(-) Expense","15.00","Food","Primary","tea"
"Aug 28, 2025 8:47 AM","(-) Expense","40.00","Transportation","Metro","metro"
"Aug 28, 2025 1:06 PM","(-) Expense","76.00","Food","Primary","office cafeteria"
"Aug 28, 2025 4:38 PM","(-) Expense","29.00","Food","Cash","egg puff"
"Aug 28, 2025 7:07 PM","(-) Expense","53.00","Transportation","Metro","metro"
"Aug 28, 2025 9:00 PM","(-) Expense","189.50","Food","Primary","thali"
"Aug 29, 2025 8:20 AM","(-) Expense","33.00","Food","Primary","filter coffee"
"Aug 29, 2025 8:48 AM","(-) Expense","59.00","Transportation","Metro","metro"
"Aug 29, 2025 1:04 PM","(-) Expense","56.00","Food","Primary","idli"
"Aug 29, 2025 2:00 PM","(-) Expense","1027.00","Education","Primary","online course"
"Aug 29, 2025 7:07 PM","(-) Expense","45.50","Transportation","Metro","metro"
"Aug 30, 2025 7:01 AM","(-) Expense","282.00","Sport","Primary","badminton court"
"Aug 30, 2025 8:17 AM","(-) Expense","23.00","Food","Cash","filter coffee"
"Aug 30, 2025 8:11 PM","(-) Expense","363.00","Social","Primary","team lunch share"
"Aug 30, 2025 9:02 PM","(-) Expense","230.00","Food","Primary","dinner"
"Aug 31, 2025 8:20 AM","(-) Expense","15.00","Food","Primary","tea"
"Aug 31, 2025 8:11 PM","(-) Expense","2723.00","Social","Primary","wedding gift"
"Aug 31, 2025 9:03 PM","(-) Expense","139.00","Food","Primary","office cafeteria"
"Sep 01, 2025 8:22 AM","(-) Expense","11.00","Food","Cash","cutting chai"
"Sep 01, 2025 8:51 AM","(-) Expense","51.00","Transportation","Metro","metro"
"Sep 01, 2025 9:16 AM","(+) Income","55987.20","Salary","Primary","monthly salary"
"Sep 01, 2025 9:41 AM","(*) Transfer","10501.00","-","Primary->Savings","monthly save"
"Sep 01, 2025 1:03 PM","(-) Expense","124.50","Food","Primary","office cafeteria"
"Sep 01, 2025 7:13 PM","(-) Expense","45.50","Transportation","Metro","metro"
"Sep 01, 2025 9:00 PM","(-) Expense","258.50","Food","Primary","biryani"
"Sep 02, 2025 8:18 AM","(-) Expense","14.00","Food","Primary","tea"
"Sep 02, 2025 8:48 AM","(-) Expense","51.00","Transportation","Metro","metro"
"Sep 02, 2025 10:08 AM","(-) Expense","11234.00","Home","Primary","rent share"
"Sep 02, 2025 1:02 PM","(-) Expense","89.00","Food","Primary","office cafeteria"
"Sep 02, 2025 4:37 PM","(-) Expense","38.00","Food","Primary","vada pav"
"Sep 02, 2025 7:13 PM","(-) Expense","44.00","Transportation","Metro","metro"
"Sep 03, 2025 8:11 AM","(*) Transfer","339.00","-","Primary->Metro","metro card top-up"
"Sep 03, 2025 8:53 AM","(-) Expense","44.00","Transportation","Metro","metro"
"Sep 03, 2025 1:05 PM","(-) Expense","112.00","Food","Primary","lunch"
"Sep 03, 2025 7:13 PM","(-) Expense","58.00","Transportation","Metro","metro"
"Sep 03, 2025 9:00 PM","(-) Expense","484.00","Food","Primary","weekend brunch"
"Sep 04, 2025 8:18 AM","(-) Expense","11.50","Food","Cash","cutting chai"
"Sep 04, 2025 8:53 AM","(-) Expense","57.00","Transportation","Metro","metro"
"Sep 04, 2025 1:04 PM","(-) Expense","49.00","Food","Primary","idli"
"Sep 04, 2025 7:10 PM","(-) Expense","53.00","Transportation","Metro","metro"
"Sep 04, 2025 9:00 PM","(-) Expense","185.00","Food","Primary","biryani"
"Sep 05, 2025 8:17 AM","(-) Expense","22.00","Food","Primary","filter coffee"
"Sep 05, 2025 8:50 AM","(-) Expense","55.00","Transportation","Primary","metro"
"Sep 05, 2025 11:23 AM","(-) Expense","609.00","Bills","Primary","wifi"
"Sep 05, 2025 1:06 PM","(-) Expense","78.50","Food","Primary","dosa"
"Sep 05, 2025 4:39 PM","(-) Expense","47.00","Food","Primary","idli"
"Sep 05, 2025 7:09 PM","(-) Expense","33.00","Transportation","Primary","metro"
"Sep 06, 2025 8:19 AM","(-) Expense","12.00","Food","Primary","tea"
"Sep 06, 2025 11:06 AM","(-) Expense","109.50","Ration","Primary","milk and curd"
"Sep 06, 2025 11:15 AM","(-) Expense","296.00","Ration","Primary","rice and dal"
"Sep 06, 2025 11:17 AM","(-) Expense","270.00","Ration","Primary","rice and dal"
"Sep 06, 2025 11:40 AM","(-) Expense","204.00","Ration","Primary","rice and dal"
"Sep 06, 2025 1:02 PM","(-) Expense","195.00","Food","Primary","dinner"
"Sep 06, 2025 4:40 PM","(-) Expense","24.00","Food","Primary","water bottle"
"Sep 06, 2025 6:20 PM","(-) Expense","306.00","Entertainment","Primary","movie"
"Sep 07, 2025 8:22 AM","(-) Expense","28.00","Food","Cash","filter coffee"
"Sep 07, 2025 1:06 PM","(-) Expense","123.50","Food","Primary","lunch"
"Sep 07, 2025 6:19 PM","(-) Expense","324.00","Entertainment","Primary","game purchase"
"Sep 07, 2025 9:02 PM","(-) Expense","109.00","Food","Primary","office cafeteria"
"Sep 08, 2025 8:23 AM","(-) Expense","20.00","Food","Primary","filter coffee"
"Sep 08, 2025 8:50 AM","(-) Expense","46.00","Transportation","Primary","metro"
"Sep 08, 2025 12:13 PM","(-) Expense","1097.00","Bills","Primary","electricity"
"Sep 08, 2025 1:02 PM","(-) Expense","64.00","Food","Primary","idli"
"Sep 08, 2025 4:41 PM","(-) Expense","72.00","Food","Cash","fruit salad"
"Sep 08, 2025 7:13 PM","(-) Expense","57.00","Transportation","Primary","metro"
"Sep 09, 2025 7:03 AM","(-) Expense","102.50","Sport","Primary","swimming"
"Sep 09, 2025 8:51 AM","(-) Expense","45.00","Transportation","Metro","metro"
"Sep 09, 2025 1:06 PM","(-) Expense","41.50","Food","Primary","idli"
"Sep 09, 2025 7:10 PM","(-) Expense","54.00","Transportation","Metro","metro"
"Sep 10, 2025 8:21 AM","(-) Expense","11.00","Food","Primary","cutting chai"
"Sep 10, 2025 8:52 AM","(-) Expense","37.00","Transportation","Metro","metro"
"Sep 10, 2025 2:03 PM","(-) Expense","44.50","Education","Primary","printouts"
"Sep 10, 2025 4:40 PM","(-) Expense","47.00","Food","Primary","juice"
"Sep 10, 2025 7:08 PM","(-) Expense","35.00","Transportation","Metro","metro"
"Sep 11, 2025 7:03 AM","(-) Expense","87.50","Sport","Primary","swimming"
"Sep 11, 2025 8:19 AM","(-) Expense","12.00","Food","Primary","cutting chai"
"Sep 11, 2025 8:53 AM","(-) Expense","29.00","Transportation","Primary","bus"
"Sep 11, 2025 1:04 PM","(-) Expense","156.50","Food","Primary","lunch"
"Sep 11, 2025 4:42 PM","(-) Expense","109.00","Food","Primary","ice cream"
"Sep 12, 2025 8:49 AM","(-) Expense","35.50","Transportation","Metro","metro"
"Sep 12, 2025 1:05 PM","(-) Expense","74.00","Food","Primary","dosa"
"Sep 12, 2025 3:32 PM","(-) Expense","476.00","Health","Primary","vitamins"
"Sep 12, 2025 6:33 PM","(-) Expense","348.50","Telephone","Primary","prepaid top-up"
"Sep 12, 2025 7:13 PM","(-) Expense","32.00","Transportation","Metro","metro"
"Sep 13, 2025 7:00 AM","(-) Expense","60.00","Sport","Primary","swimming"
"Sep 13, 2025 8:20 AM","(-) Expense","10.50","Food","Primary","tea"
"Sep 13, 2025 11:03 AM","(-) Expense","841.50","Ration","Primary","grocery restock"
"Sep 13, 2025 11:13 AM","(-) Expense","310.00","Ration","Primary","rice and dal"
"Sep 13, 2025 11:18 AM","(-) Expense","833.00","Ration","Primary","grocery restock"
"Sep 13, 2025 4:42 PM","(-) Expense","19.00","Food","Cash","samosa"
"Sep 13, 2025 8:08 PM","(-) Expense","1776.50","Social","Primary","wedding gift"
"Sep 14, 2025 8:23 AM","(-) Expense","33.00","Food","Primary","filter coffee"
"Sep 14, 2025 1:04 PM","(-) Expense","129.00","Food","Primary","office cafeteria"
"Sep 14, 2025 4:43 PM","(-) Expense","34.00","Food","Primary","idli"
"Sep 15, 2025 8:19 AM","(-) Expense","21.00","Food","Primary","filter coffee"
"Sep 15, 2025 8:48 AM","(-) Expense","31.00","Transportation","Metro","metro"
"Sep 15, 2025 1:08 PM","(-) Expense","113.00","Food","Primary","lunch"
"Sep 15, 2025 7:12 PM","(-) Expense","48.00","Transportation","Metro","metro"
"Sep 15, 2025 8:05 PM","(*) Transfer","5528.00","-","Primary->Credit","credit card payment"
"Sep 15, 2025 9:02 PM","(-) Expense","184.00","Food","Primary","biryani"
"Sep 16, 2025 8:50 AM","(-) Expense","35.00","Transportation","Primary","bus"
"Sep 16, 2025 1:08 PM","(-) Expense","157.00","Food","Primary","lunch"
"Sep 16, 2025 4:42 PM","(-) Expense","11.00","Food","Cash","biscuit"
"Sep 17, 2025 8:17 AM","(-) Expense","28.00","Food","Primary","filter coffee"
"Sep 17, 2025 8:50 AM","(-) Expense","50.00","Transportation","Primary","metro"
"Sep 17, 2025 1:06 PM","(-) Expense","131.00","Food","Primary","lunch"
"Sep 17, 2025 4:37 PM","(-) Expense","38.00","Food","Primary","juice"
"Sep 17, 2025 7:09 PM","(-) Expense","48.00","Transportation","Primary","metro"
"Sep 18, 2025 7:00 AM","(-) Expense","105.00","Sport","Primary","swimming"
"Sep 18, 2025 8:08 AM","(*) Transfer","311.00","-","Primary->Metro","metro card top-up"
"Sep 18, 2025 8:22 AM","(-) Expense","29.00","Food","Cash","filter coffee"
"Sep 18, 2025 8:47 AM","(-) Expense","48.00","Transportation","Metro","metro"
"Sep 18, 2025 1:07 PM","(-) Expense","47.00","Food","Primary","idli"
"Sep 18, 2025 4:37 PM","(-) Expense","11.00","Food","Cash","cutting chai"
"Sep 18, 2025 7:10 PM","(-) Expense","52.50","Transportation","Metro","metro"
"Sep 18, 2025 9:00 PM","(-) Expense","83.00","Food","Primary","burger"
"Sep 19, 2025 8:19 AM","(-) Expense","21.50","Food","Primary","filter coffee"
"Sep 19, 2025 8:52 AM","(-) Expense","45.00","Transportation","Metro","metro"
"Sep 19, 2025 1:05 PM","(-) Expense","49.50","Food","Primary","idli"
"Sep 19, 2025 4:37 PM","(-) Expense","18.00","Food","Primary","samosa"
"Sep 19, 2025 7:13 PM","(-) Expense","47.00","Transportation","Metro","metro"
"Sep 19, 2025 9:00 PM","(-) Expense","80.00","Food","Primary","office cafeteria"
"Sep 20, 2025 8:20 AM","(-) Expense","13.00","Food","Primary","tea"
"Sep 20, 2025 5:46 PM","(*) Transfer","2871.50","-","Primary->Cash","atm cash"
"Sep 20, 2025 9:00 PM","(-) Expense","582.00","Food","Primary","outside dinner"
"Sep 21, 2025 8:21 AM","(-) Expense","10.50","Food","Cash","cutting chai"
"Sep 21, 2025 1:06 PM","(-) Expense","249.00","Food","Primary","biryani"
"Sep 21, 2025 4:43 PM","(-) Expense","20.00","Food","Cash","water bottle"
"Sep 21, 2025 8:12 PM","(-) Expense","301.50","Social","Primary","team lunch share"
"Sep 22, 2025 8:22 AM","(-) Expense","15.00","Food","Primary","tea"
"Sep 22, 2025 8:48 AM","(-) Expense","37.50","Transportation","Metro","metro"
"Sep 22, 2025 1:04 PM","(-) Expense","116.00","Food","Primary","thali"
"Sep 22, 2025 4:37 PM","(-) Expense","24.00","Food","Cash","vada pav"
"Sep 22, 2025 7:10 PM","(-) Expense","32.00","Transportation","Metro","metro"
"Sep 23, 2025 7:02 AM","(-) Expense","216.00","Sport","Primary","badminton court"
"Sep 23, 2025 8:19 AM","(-) Expense","11.00","Food","Primary","cutting chai"
"Sep 23, 2025 8:49 AM","(-) Expense","38.00","Transportation","Primary","metro"
"Sep 23, 2025 1:05 PM","(-) Expense","126.50","Food","Primary","office cafeteria"
"Sep 23, 2025 7:11 PM","(-) Expense","49.00","Transportation","Primary","metro"
"Sep 24, 2025 8:23 AM","(-) Expense","14.50","Food","Cash","tea"
"Sep 24, 2025 8:52 AM","(-) Expense","45.00","Transportation","Metro","metro"
"Sep 24, 2025 1:07 PM","(-) Expense","75.00","Food","Primary","office cafeteria"
"Sep 24, 2025 4:40 PM","(-) Expense","35.00","Food","Primary","juice"
"Sep 24, 2025 7:11 PM","(-) Expense","43.00","Transportation","Metro","metro"
"Sep 25, 2025 8:18 AM","(-) Expense","10.50","Food","Primary","tea"
"Sep 25, 2025 8:48 AM","(-) Expense","55.00","Transportation","Metro","metro"
"Sep 25, 2025 1:08 PM","(-) Expense","48.00","Food","Primary","idli"
"Sep 25, 2025 4:39 PM","(-) Expense","12.00","Food","Primary","cutting chai"
"Sep 25, 2025 7:12 PM","(-) Expense","44.00","Transportation","Metro","metro"
"Sep 25, 2025 9:00 PM","(-) Expense","274.00","Food","Primary","pizza"
"Sep 26, 2025 8:23 AM","(-) Expense","11.00","Food","Primary","cutting chai"
"Sep 26, 2025 8:50 AM","(-) Expense","49.50","Transportation","Metro","metro"
"Sep 26, 2025 1:07 PM","(-) Expense","69.50","Food","Primary","idli"
"Sep 26, 2025 4:37 PM","(-) Expense","14.00","Food","Primary","biscuit"
"Sep 27, 2025 7:00 AM","(-) Expense","134.00","Sport","Primary","swimming"
"Sep 27, 2025 8:18 AM","(-) Expense","28.00","Food","Primary","filter coffee"
"Sep 27, 2025 1:05 PM","(-) Expense","591.00","Food","Primary","outside dinner"
"Sep 27, 2025 4:41 PM","(-) Expense","22.00","Food","Cash","biscuit"
"Sep 27, 2025 6:23 PM","(-) Expense","382.00","Entertainment","Primary","movie"
"Sep 28, 2025 8:18 AM","(-) Expense","11.50","Food","Primary","tea"
"Sep 29, 2025 8:19 AM","(-) Expense","10.00","Food","Cash","cutting chai"
"Sep 29, 2025 8:47 AM","(-) Expense","59.00","Transportation","Metro","metro"
"Sep 29, 2025 1:05 PM","(-) Expense","40.00","Food","Primary","idli"
"Sep 29, 2025 7:07 PM","(-) Expense","56.00","Transportation","Metro","metro"
"Sep 30, 2025 7:01 AM","(-) Expense","195.00","Sport","Primary","gym day pass"
"Sep 30, 2025 8:22 AM","(-) Expense","15.00","Food","Primary","tea"
"Sep 30, 2025 8:48 AM","(-) Expense","48.00","Transportation","Metro","metro"
"Sep 30, 2025 1:05 PM","(-) Expense","152.00","Food","Primary","lunch"
"Sep 30, 2025 4:39 PM","(-) Expense","27.00","Food","Primary","water bottle"
"Sep 30, 2025 7:07 PM","(-) Expense","43.00","Transportation","Metro","metro"
"Oct 01, 2025 8:22 AM","(-) Expense","10.00","Food","Primary","cutting chai"
"Oct 01, 2025 8:51 AM","(-) Expense","29.00","Transportation","Primary","bus"
"Oct 01, 2025 9:13 AM","(+) Income","55987.20","Salary","Primary","monthly salary"
"Oct 01, 2025 9:38 AM","(*) Transfer","8555.00","-","Primary->Savings","monthly save"
"Oct 01, 2025 9:52 AM","(*) Transfer","4813.00","-","Savings->Emergency","emergency fund"
"Oct 01, 2025 4:40 PM","(-) Expense","11.00","Food","Primary","cutting chai"
"Oct 01, 2025 7:12 PM","(-) Expense","16.00","Transportation","Primary","bus"
"Oct 02, 2025 7:00 AM","(-) Expense","225.00","Sport","Primary","badminton court"
"Oct 02, 2025 8:20 AM","(-) Expense","13.00","Food","Primary","tea"
"Oct 02, 2025 10:02 AM","(-) Expense","11919.00","Home","Primary","rent share"
"Oct 02, 2025 1:06 PM","(-) Expense","156.00","Food","Primary","lunch"
"Oct 02, 2025 4:37 PM","(-) Expense","12.00","Food","Cash","cutting chai"
"Oct 02, 2025 9:01 PM","(-) Expense","319.00","Food","Primary","pizza"
"Oct 03, 2025 8:11 AM","(*) Transfer","388.50","-","Primary->Metro","metro card top-up"
"Oct 03, 2025 8:17 AM","(-) Expense","11.50","Food","Cash","cutting chai"
"Oct 03, 2025 1:03 PM","(-) Expense","125.00","Food","Primary","office cafeteria"
"Oct 03, 2025 4:39 PM","(-) Expense","110.00","Food","Cash","ice cream"
"Oct 04, 2025 7:02 AM","(-) Expense","241.00","Sport","Primary","badminton court"
"Oct 04, 2025 8:20 AM","(-) Expense","10.00","Food","Primary","tea"
"Oct 04, 2025 11:07 AM","(-) Expense","101.50","Ration","Primary","milk and curd"
"Oct 04, 2025 11:21 AM","(-) Expense","103.50","Ration","Primary","milk and curd"
"Oct 04, 2025 11:26 AM","(-) Expense","168.50","Ration","Primary","fruits"
"Oct 04, 2025 11:31 AM","(-) Expense","97.00","Ration","Primary","eggs pack"
"Oct 04, 2025 1:07 PM","(-) Expense","257.00","Food","Primary","biryani"
"Oct 05, 2025 8:20 AM","(-) Expense","11.00","Food","Primary","cutting chai"
"Oct 05, 2025 11:18 AM","(-) Expense","615.00","Bills","Primary","wifi"
"Oct 05, 2025 4:41 PM","(-) Expense","37.00","Food","Primary","egg puff"
"Oct 05, 2025 6:19 PM","(-) Expense","414.00","Entertainment","Primary","game purchase"
"Oct 05, 2025 9:01 PM","(-) Expense","170.00","Food","Primary","thali"
"Oct 06, 2025 8:21 AM","(-) Expense","11.00","Food","Primary","cutting chai"
"Oct 06, 2025 8:53 AM","(-) Expense","21.50","Transportation","Primary","bus"
"Oct 06, 2025 1:07 PM","(-) Expense","120.00","Food","Primary","office cafeteria"
"Oct 06, 2025 3:01 PM","(+) Income","678.00","Sale","Primary","sold old gadgets"
"Oct 06, 2025 7:09 PM","(-) Expense","21.50","Transportation","Primary","bus"
"Oct 07, 2025 7:00 AM","(-) Expense","332.50","Sport","Primary","badminton court"
"Oct 07, 2025 8:53 AM","(-) Expense","42.00","Transportation","Metro","metro"
"Oct 07, 2025 1:04 PM","(-) Expense","131.00","Food","Primary","lunch"
"Oct 07, 2025 7:10 PM","(-) Expense","42.00","Transportation","Metro","metro"
"Oct 08, 2025 8:19 AM","(-) Expense","10.00","Food","Primary","cutting chai"
"Oct 08, 2025 8:50 AM","(-) Expense","19.00","Transportation","Primary","bus"
"Oct 08, 2025 12:10 PM","(-) Expense","804.00","Bills","Primary","electricity"
"Oct 08, 2025 1:02 PM","(-) Expense","83.00","Food","Primary","dosa"
"Oct 08, 2025 7:13 PM","(-) Expense","18.00","Transportation","Primary","bus"
"Oct 09, 2025 8:19 AM","(-) Expense","11.00","Food","Primary","cutting chai"
"Oct 09, 2025 8:52 AM","(-) Expense","48.50","Transportation","Metro","metro"
"Oct 09, 2025 1:08 PM","(-) Expense","58.00","Food","Primary","idli"
"Oct 09, 2025 7:10 PM","(-) Expense","30.00","Transportation","Metro","metro"
"Oct 09, 2025 9:02 PM","(-) Expense","397.50","Food","Primary","weekend brunch"
"Oct 10, 2025 8:19 AM","(-) Expense","31.00","Food","Primary","filter coffee"
"Oct 10, 2025 8:53 AM","(-) Expense","40.00","Transportation","Metro","metro"
"Oct 10, 2025 1:05 PM","(-) Expense","140.00","Food","Primary","lunch"
"Oct 10, 2025 4:42 PM","(-) Expense","51.00","Food","Primary","fruit salad"
"Oct 10, 2025 7:11 PM","(-) Expense","47.00","Transportation","Metro","metro"
"Oct 11, 2025 7:00 AM","(-) Expense","113.00","Sport","Primary","gym day pass"
"Oct 11, 2025 8:23 AM","(-) Expense","14.00","Food","Primary","tea"
"Oct 11, 2025 11:03 AM","(-) Expense","59.00","Ration","Primary","bread and butter"
"Oct 11, 2025 11:13 AM","(-) Expense","60.00","Ration","Primary","milk and curd"
"Oct 11, 2025 11:38 AM","(-) Expense","399.00","Ration","Primary","weekly veggies"
"Oct 11, 2025 1:04 PM","(-) Expense","140.00","Food","Primary","office cafeteria"
"Oct 11, 2025 4:39 PM","(-) Expense","37.50","Food","Primary","vada pav"
"Oct 12, 2025 8:17 AM","(-) Expense","10.50","Food","Primary","cutting chai"
"Oct 12, 2025 6:30 PM","(-) Expense","287.50","Telephone","Primary","prepaid top-up"
"Oct 12, 2025 8:13 PM","(-) Expense","257.00","Social","Primary","festival sweets"
"Oct 13, 2025 8:20 AM","(-) Expense","14.00","Food","Primary","tea"
"Oct 13, 2025 8:51 AM","(-) Expense","52.00","Transportation","Metro","metro"
"Oct 13, 2025 1:08 PM","(-) Expense","118.00","Food","Primary","office cafeteria"
"Oct 13, 2025 7:11 PM","(-) Expense","32.50","Transportation","Metro","metro"
"Oct 13, 2025 9:03 PM","(-) Expense","156.50","Food","Primary","dinner"
"Oct 14, 2025 8:19 AM","(-) Expense","29.00","Food","Primary","filter coffee"
"Oct 14, 2025 1:04 PM","(-) Expense","111.00","Food","Primary","office cafeteria"
"Oct 14, 2025 4:37 PM","(-) Expense","28.00","Food","Primary","filter coffee"
"Oct 15, 2025 8:18 AM","(-) Expense","12.00","Food","Primary","tea"
"Oct 15, 2025 8:53 AM","(-) Expense","17.00","Transportation","Primary","bus"
"Oct 15, 2025 1:02 PM","(-) Expense","127.00","Food","Primary","office cafeteria"
"Oct 15, 2025 3:31 PM","(-) Expense","234.00","Health","Primary","pharmacy"
"Oct 15, 2025 4:38 PM","(-) Expense","26.50","Food","Primary","vada pav"
"Oct 15, 2025 7:10 PM","(-) Expense","34.00","Transportation","Primary","bus"
"Oct 15, 2025 8:02 PM","(*) Transfer","4236.50","-","Primary->Credit","credit card payment"
"Oct 15, 2025 9:00 PM","(-) Expense","385.50","Food","Primary","weekend brunch"
"Oct 16, 2025 7:03 AM","(-) Expense","280.00","Sport","Primary","badminton court"
"Oct 16, 2025 8:21 AM","(-) Expense","24.00","Food","Cash","filter coffee"
"Oct 16, 2025 8:50 AM","(-) Expense","48.00","Transportation","Metro","metro"
"Oct 16, 2025 1:04 PM","(-) Expense","123.50","Food","Primary","lunch"
"Oct 16, 2025 4:42 PM","(-) Expense","11.00","Food","Primary","tea"
"Oct 16, 2025 7:12 PM","(-) Expense","48.50","Transportation","Metro","metro"
"Oct 16, 2025 9:03 PM","(-) Expense","117.00","Food","Primary","office cafeteria"
"Oct 17, 2025 8:19 AM","(-) Expense","14.00","Food","Primary","tea"
"Oct 17, 2025 1:07 PM","(-) Expense","40.00","Food","Primary","idli"
"Oct 17, 2025 4:37 PM","(-) Expense","51.00","Food","Primary","juice"
"Oct 17, 2025 9:02 PM","(-) Expense","206.00","Food","Primary","thali"
"Oct 18, 2025 7:00 AM","(-) Expense","72.00","Sport","Primary","sports drink"
"Oct 18, 2025 8:17 AM","(-) Expense","29.00","Food","Primary","filter coffee"
"Oct 18, 2025 1:08 PM","(-) Expense","231.00","Food","Primary","dinner"
"Oct 18, 2025 4:38 PM","(-) Expense","11.00","Food","Primary","tea"
"Oct 18, 2025 6:18 PM","(-) Expense","2114.00","Entertainment","Primary","concert ticket"
"Oct 18, 2025 8:08 PM","(-) Expense","271.00","Social","Primary","festival sweets"
"Oct 19, 2025 1:08 PM","(-) Expense","118.00","Food","Primary","office cafeteria"
"Oct 19, 2025 4:42 PM","(-) Expense","10.00","Food","Primary","cutting chai"
"Oct 19, 2025 9:00 PM","(-) Expense","376.00","Food","Primary","outside dinner"
"Oct 20, 2025 8:21 AM","(-) Expense","12.00","Food","Primary","tea"
"Oct 20, 2025 8:52 AM","(-) Expense","40.00","Transportation","Metro","metro"
"Oct 20, 2025 1:08 PM","(-) Expense","108.00","Food","Primary","office cafeteria"
"Oct 20, 2025 4:40 PM","(-) Expense","28.00","Food","Primary","vada pav"
"Oct 20, 2025 5:45 PM","(*) Transfer","1163.00","-","Primary->Cash","atm cash"
"Oct 21, 2025 8:21 AM","(-) Expense","12.00","Food","Primary","cutting chai"
"Oct 21, 2025 8:52 AM","(-) Expense","49.00","Transportation","Primary","metro"
"Oct 21, 2025 1:04 PM","(-) Expense","67.50","Food","Primary","idli"
"Oct 21, 2025 4:01 PM","(-) Expense","536.00","Shopping","Primary","household item"
"Oct 21, 2025 7:08 PM","(-) Expense","34.00","Transportation","Primary","metro"
"Oct 22, 2025 8:23 AM","(-) Expense","25.00","Food","Primary","filter coffee"
"Oct 22, 2025 8:51 AM","(-) Expense","31.00","Transportation","Primary","bus"
"Oct 22, 2025 1:08 PM","(-) Expense","138.00","Food","Primary","thali"
"Oct 22, 2025 4:40 PM","(-) Expense","15.00","Food","Cash","tea"
"Oct 23, 2025 8:19 AM","(-) Expense","11.00","Food","Primary","cutting chai"
"Oct 23, 2025 1:06 PM","(-) Expense","71.00","Food","Primary","office cafeteria"
"Oct 23, 2025 4:00 PM","(-) Expense","158.50","Shopping","Primary","stationery"
"Oct 24, 2025 8:20 AM","(-) Expense","20.50","Food","Primary","filter coffee"
"Oct 24, 2025 8:50 AM","(-) Expense","24.00","Transportation","Primary","bus"
"Oct 24, 2025 1:05 PM","(-) Expense","83.00","Food","Primary","office cafeteria"
"Oct 24, 2025 4:43 PM","(-) Expense","28.00","Food","Primary","water bottle"
"Oct 24, 2025 7:12 PM","(-) Expense","19.00","Transportation","Primary","bus"
"Oct 24, 2025 9:03 PM","(-) Expense","310.00","Food","Primary","weekend brunch"
"Oct 25, 2025 7:01 AM","(-) Expense","79.00","Sport","Primary","sports drink"
"Oct 25, 2025 1:03 PM","(-) Expense","129.00","Food","Primary","dinner"
"Oct 25, 2025 4:38 PM","(-) Expense","49.00","Food","Cash","fruit salad"
"Oct 25, 2025 6:20 PM","(-) Expense","353.00","Entertainment","Primary","movie"
"Oct 25, 2025 8:11 PM","(-) Expense","2761.00","Social","Primary","wedding gift"
"Oct 25, 2025 9:03 PM","(-) Expense","120.00","Food","Primary","lunch"
"Oct 26, 2025 8:23 AM","(-) Expense","28.00","Food","Primary","filter coffee"
"Oct 26, 2025 1:03 PM","(-) Expense","226.50","Food","Primary","pizza"
"Oct 26, 2025 6:19 PM","(-) Expense","1395.00","Entertainment","Primary","concert ticket"
"Oct 26, 2025 8:09 PM","(-) Expense","349.00","Social","Primary","friend birthday gift"
"Oct 27, 2025 8:20 AM","(-) Expense","11.00","Food","Primary","cutting chai"
"Oct 27, 2025 8:48 AM","(-) Expense","34.00","Transportation","Primary","metro"
"Oct 27, 2025 1:06 PM","(-) Expense","132.00","Food","Primary","thali"
"Oct 27, 2025 4:43 PM","(-) Expense","19.00","Food","Primary","biscuit"
"Oct 27, 2025 7:10 PM","(-) Expense","31.00","Transportation","Primary","metro"
"Oct 28, 2025 7:00 AM","(-) Expense","52.00","Sport","Primary","sports drink"
"Oct 28, 2025 8:23 AM","(-) Expense","26.00","Food","Primary","filter coffee"
"Oct 28, 2025 8:49 AM","(-) Expense","46.00","Transportation","Metro","metro"
"Oct 28, 2025 1:02 PM","(-) Expense","106.00","Food","Primary","lunch"
"Oct 28, 2025 4:39 PM","(-) Expense","35.00","Food","Primary","poha"
"Oct 28, 2025 7:13 PM","(-) Expense","44.00","Transportation","Metro","metro"
"Oct 28, 2025 9:02 PM","(-) Expense","205.50","Food","Primary","dinner"
"Oct 29, 2025 8:20 AM","(-) Expense","25.00","Food","Cash","filter coffee"
"Oct 29, 2025 8:48 AM","(-) Expense","23.00","Transportation","Primary","bus"
"Oct 29, 2025 1:02 PM","(-) Expense","54.50","Food","Primary","idli"
"Oct 29, 2025 4:41 PM","(-) Expense","29.50","Food","Cash","water bottle"
"Oct 29, 2025 7:09 PM","(-) Expense","18.00","Transportation","Primary","bus"
"Oct 30, 2025 7:00 AM","(-) Expense","247.50","Sport","Primary","badminton court"
"Oct 30, 2025 8:23 AM","(-) Expense","11.00","Food","Primary","tea"
"Oct 30, 2025 8:50 AM","(-) Expense","32.00","Transportation","Metro","metro"
"Oct 30, 2025 1:04 PM","(-) Expense","84.00","Food","Primary","lunch"
"Oct 30, 2025 2:01 PM","(-) Expense","59.00","Education","Primary","printouts"
"Oct 30, 2025 4:43 PM","(-) Expense","25.00","Food","Cash","biscuit"
"Oct 30, 2025 7:11 PM","(-) Expense","48.00","Transportation","Metro","metro"
"Oct 30, 2025 9:01 PM","(-) Expense","133.00","Food","Primary","thali"
"Oct 31, 2025 8:19 AM","(-) Expense","12.00","Food","Primary","cutting chai"
"Oct 31, 2025 8:47 AM","(-) Expense","46.00","Transportation","Metro","metro"
"Oct 31, 2025 1:08 PM","(-) Expense","157.00","Food","Primary","lunch"
"Oct 31, 2025 4:40 PM","(-) Expense","73.00","Food","Cash","fruit salad"
"Oct 31, 2025 7:13 PM","(-) Expense","49.50","Transportation","Metro","metro"
"Oct 31, 2025 9:01 PM","(-) Expense","213.00","Food","Primary","thali"
"Nov 01, 2025 8:19 AM","(-) Expense","11.00","Food","Primary","tea"
"Nov 01, 2025 9:18 AM","(+) Income","55987.20","Salary","Primary","monthly salary"
"Nov 01, 2025 9:43 AM","(*) Transfer","14468.00","-","Primary->Savings","monthly save"
"Nov 01, 2025 11:36 AM","(-) Expense","51.00","Ration","Primary","bread and butter"
"Nov 01, 2025 11:40 AM","(-) Expense","62.50","Ration","Primary","eggs pack"
"Nov 01, 2025 1:08 PM","(-) Expense","276.00","Food","Primary","pizza"
"Nov 01, 2025 3:30 PM","(-) Expense","304.00","Health","Primary","pharmacy"
"Nov 01, 2025 4:41 PM","(-) Expense","12.00","Food","Primary","cutting chai"
"Nov 01, 2025 6:17 PM","(-) Expense","306.50","Entertainment","Primary","cafe hangout"
"Nov 01, 2025 9:03 PM","(-) Expense","151.00","Food","Primary","burger"
"Nov 02, 2025 10:03 AM","(-) Expense","10915.00","Home","Primary","rent share"
"Nov 02, 2025 1:02 PM","(-) Expense","112.00","Food","Primary","office cafeteria"
"Nov 02, 2025 6:22 PM","(-) Expense","283.00","Entertainment","Primary","movie"
"Nov 02, 2025 8:13 PM","(-) Expense","476.00","Social","Primary","friend birthday gift"
"Nov 03, 2025 8:12 AM","(*) Transfer","220.00","-","Primary->Metro","metro card top-up"
"Nov 03, 2025 8:51 AM","(-) Expense","43.00","Transportation","Primary","metro"
"Nov 03, 2025 1:06 PM","(-) Expense","133.00","Food","Primary","thali"
"Nov 03, 2025 7:09 PM","(-) Expense","34.00","Transportation","Primary","metro"
"Nov 04, 2025 7:00 AM","(-) Expense","90.00","Sport","Primary","swimming"
"Nov 04, 2025 8:18 AM","(-) Expense","26.00","Food","Primary","filter coffee"
"Nov 04, 2025 8:47 AM","(-) Expense","44.50","Transportation","Metro","metro"
"Nov 04, 2025 1:04 PM","(-) Expense","112.00","Food","Primary","thali"
"Nov 04, 2025 4:42 PM","(-) Expense","23.00","Food","Primary","water bottle"
"Nov 04, 2025 7:10 PM","(-) Expense","38.00","Transportation","Metro","metro"
"Nov 05, 2025 8:51 AM","(-) Expense","15.00","Transportation","Primary","bus"
"Nov 05, 2025 11:21 AM","(-) Expense","566.00","Bills","Primary","wifi"
"Nov 05, 2025 1:03 PM","(-) Expense","141.00","Food","Primary","thali"
"Nov 05, 2025 4:38 PM","(-) Expense","33.50","Food","Primary","poha"
"Nov 05, 2025 7:13 PM","(-) Expense","28.50","Transportation","Primary","bus"
"Nov 06, 2025 8:17 AM","(-) Expense","14.00","Food","Primary","tea"
"Nov 06, 2025 8:47 AM","(-) Expense","28.00","Transportation","Primary","bus"
"Nov 06, 2025 1:04 PM","(-) Expense","153.00","Food","Primary","lunch"
"Nov 06, 2025 4:38 PM","(-) Expense","66.00","Food","Primary","ice cream"
"Nov 06, 2025 7:13 PM","(-) Expense","24.00","Transportation","Primary","bus"
"Nov 06, 2025 9:00 PM","(-) Expense","334.00","Food","Primary","pizza"
"Nov 07, 2025 8:17 AM","(-) Expense","21.00","Food","Primary","filter coffee"
"Nov 07, 2025 8:53 AM","(-) Expense","17.00","Transportation","Primary","bus"
"Nov 07, 2025 1:02 PM","(-) Expense","84.00","Food","Primary","dosa"
"Nov 07, 2025 7:13 PM","(-) Expense","16.00","Transportation","Primary","bus"
"Nov 08, 2025 7:00 AM","(-) Expense","74.00","Sport","Primary","sports drink"
"Nov 08, 2025 8:23 AM","(-) Expense","11.00","Food","Primary","cutting chai"
"Nov 08, 2025 11:06 AM","(-) Expense","63.00","Ration","Primary","bread and butter"
"Nov 08, 2025 11:14 AM","(-) Expense","241.00","Ration","Primary","chicken"
"Nov 08, 2025 11:29 AM","(-) Expense","405.00","Ration","Primary","weekly veggies"
"Nov 08, 2025 11:35 AM","(-) Expense","277.00","Ration","Primary","chicken"
"Nov 08, 2025 12:07 PM","(-) Expense","1093.00","Bills","Primary","electricity"
"Nov 08, 2025 1:05 PM","(-) Expense","160.00","Food","Primary","burger"
"Nov 08, 2025 4:38 PM","(-) Expense","59.00","Food","Cash","juice"
"Nov 09, 2025 8:17 AM","(-) Expense","14.50","Food","Cash","tea"
"Nov 09, 2025 11:06 AM","(-) Expense","178.00","Ration","Primary","fruits"
"Nov 09, 2025 11:27 AM","(-) Expense","88.00","Ration","Primary","milk and curd"
"Nov 09, 2025 11:35 AM","(-) Expense","379.00","Ration","Primary","chicken"
"Nov 09, 2025 1:08 PM","(-) Expense","125.00","Food","Primary","thali"
"Nov 09, 2025 4:41 PM","(-) Expense","82.00","Food","Primary","ice cream"
"Nov 09, 2025 9:03 PM","(-) Expense","277.00","Food","Primary","biryani"
"Nov 10, 2025 8:52 AM","(-) Expense","46.00","Transportation","Primary","metro"
"Nov 10, 2025 1:04 PM","(-) Expense","95.00","Food","Primary","office cafeteria"
"Nov 10, 2025 4:42 PM","(-) Expense","27.00","Food","Primary","water bottle"
"Nov 10, 2025 7:13 PM","(-) Expense","37.00","Transportation","Primary","metro"
"Nov 10, 2025 9:01 PM","(-) Expense","124.50","Food","Primary","burger"
"Nov 11, 2025 8:17 AM","(-) Expense","24.00","Food","Primary","filter coffee"
"Nov 11, 2025 8:50 AM","(-) Expense","25.50","Transportation","Primary","bus"
"Nov 11, 2025 1:02 PM","(-) Expense","114.00","Food","Primary","lunch"
"Nov 11, 2025 4:41 PM","(-) Expense","54.00","Food","Cash","juice"
"Nov 11, 2025 7:07 PM","(-) Expense","32.00","Transportation","Primary","bus"
"Nov 12, 2025 8:18 AM","(-) Expense","24.00","Food","Primary","filter coffee"
"Nov 12, 2025 8:48 AM","(-) Expense","32.00","Transportation","Metro","metro"
"Nov 12, 2025 1:04 PM","(-) Expense","144.00","Food","Primary","thali"
"Nov 12, 2025 4:38 PM","(-) Expense","24.00","Food","Primary","filter coffee"
"Nov 12, 2025 6:28 PM","(-) Expense","269.00","Telephone","Primary","prepaid top-up"
"Nov 12, 2025 7:07 PM","(-) Expense","45.00","Transportation","Metro","metro"
"Nov 13, 2025 8:21 AM","(-) Expense","14.50","Food","Primary","tea"
"Nov 13, 2025 8:50 AM","(-) Expense","28.00","Transportation","Primary","bus"
"Nov 13, 2025 1:08 PM","(-) Expense","118.00","Food","Primary","office cafeteria"
"Nov 13, 2025 4:42 PM","(-) Expense","42.00","Food","Cash","fruit salad"
"Nov 13, 2025 7:08 PM","(-) Expense","21.00","Transportation","Primary","bus"
"Nov 13, 2025 9:01 PM","(-) Expense","146.00","Food","Primary","dinner"
"Nov 14, 2025 8:48 AM","(-) Expense","25.00","Transportation","Primary","bus"
"Nov 14, 2025 1:03 PM","(-) Expense","136.00","Food","Primary","thali"
"Nov 14, 2025 3:32 PM","(-) Expense","1161.50","Health","Primary","lab test"
"Nov 14, 2025 4:38 PM","(-) Expense","11.00","Food","Cash","tea"
"Nov 14, 2025 7:07 PM","(-) Expense","25.50","Transportation","Primary","bus"
"Nov 15, 2025 7:01 AM","(-) Expense","155.50","Sport","Primary","gym day pass"
"Nov 15, 2025 1:02 PM","(-) Expense","435.00","Food","Primary","outside dinner"
"Nov 15, 2025 4:41 PM","(-) Expense","28.00","Food","Cash","water bottle"
"Nov 15, 2025 8:08 PM","(*) Transfer","4574.50","-","Primary->Credit","credit card payment"
"Nov 15, 2025 9:01 PM","(-) Expense","418.00","Food","Primary","outside dinner"
"Nov 16, 2025 8:19 AM","(-) Expense","13.00","Food","Primary","tea"
"Nov 16, 2025 1:03 PM","(-) Expense","152.00","Food","Primary","burger"
"Nov 16, 2025 4:37 PM","(-) Expense","35.00","Food","Primary","poha"
"Nov 16, 2025 8:10 PM","(-) Expense","320.00","Social","Primary","team lunch share"
"Nov 17, 2025 8:23 AM","(-) Expense","32.00","Food","Primary","filter coffee"
"Nov 17, 2025 8:47 AM","(-) Expense","56.50","Transportation","Metro","metro"
"Nov 17, 2025 7:12 PM","(-) Expense","46.50","Transportation","Metro","metro"
"Nov 17, 2025 9:02 PM","(-) Expense","213.00","Food","Primary","biryani"
"Nov 18, 2025 8:07 AM","(*) Transfer","355.00","-","Primary->Metro","metro card top-up"
"Nov 18, 2025 8:47 AM","(-) Expense","59.00","Transportation","Metro","metro"
"Nov 18, 2025 1:07 PM","(-) Expense","50.00","Food","Primary","dosa"
"Nov 18, 2025 4:40 PM","(-) Expense","30.00","Food","Primary","idli"
"Nov 18, 2025 7:12 PM","(-) Expense","45.00","Transportation","Metro","metro"
"Nov 19, 2025 8:20 AM","(-) Expense","24.00","Food","Primary","filter coffee"
"Nov 19, 2025 1:07 PM","(-) Expense","178.00","Food","Primary","thali"
"Nov 20, 2025 7:01 AM","(-) Expense","160.00","Sport","Primary","gym day pass"
"Nov 20, 2025 8:18 AM","(-) Expense","11.00","Food","Cash","cutting chai"
"Nov 20, 2025 8:52 AM","(-) Expense","40.00","Transportation","Metro","metro"
"Nov 20, 2025 1:04 PM","(-) Expense","47.00","Food","Primary","idli"
"Nov 20, 2025 5:46 PM","(*) Transfer","1900.00","-","Primary->Cash","atm cash"
"Nov 20, 2025 7:10 PM","(-) Expense","30.00","Transportation","Metro","metro"
"Nov 20, 2025 9:00 PM","(-) Expense","310.00","Food","Primary","weekend brunch"
"Nov 21, 2025 8:20 AM","(-) Expense","27.00","Food","Primary","filter coffee"
"Nov 21, 2025 8:53 AM","(-) Expense","50.00","Transportation","Metro","metro"
"Nov 21, 2025 1:02 PM","(-) Expense","159.00","Food","Primary","lunch"
"Nov 21, 2025 4:37 PM","(-) Expense","41.00","Food","Primary","poha"
"Nov 21, 2025 7:07 PM","(-) Expense","49.50","Transportation","Metro","metro"
"Nov 22, 2025 7:00 AM","(-) Expense","192.00","Sport","Primary","gym day pass"
"Nov 22, 2025 8:17 AM","(-) Expense","11.00","Food","Cash","cutting chai"
"Nov 22, 2025 6:19 PM","(-) Expense","1318.00","Entertainment","Primary","game purchase"
"Nov 23, 2025 8:17 AM","(-) Expense","12.00","Food","Cash","tea"
"Nov 23, 2025 9:03 PM","(-) Expense","86.00","Food","Primary","lunch"
"Nov 24, 2025 8:18 AM","(-) Expense","15.00","Food","Primary","tea"
"Nov 24, 2025 8:49 AM","(-) Expense","50.00","Transportation","Primary","metro"
"Nov 24, 2025 1:05 PM","(-) Expense","84.50","Food","Primary","dosa"
"Nov 24, 2025 4:38 PM","(-) Expense","23.00","Food","Cash","biscuit"
"Nov 24, 2025 7:08 PM","(-) Expense","56.00","Transportation","Primary","metro"
"Nov 25, 2025 7:00 AM","(-) Expense","166.00","Sport","Primary","gym day pass"
"Nov 25, 2025 8:17 AM","(-) Expense","11.00","Food","Primary","cutting chai"
"Nov 25, 2025 8:48 AM","(-) Expense","51.00","Transportation","Metro","metro"
"Nov 25, 2025 1:06 PM","(-) Expense","74.50","Food","Primary","dosa"
"Nov 25, 2025 4:40 PM","(-) Expense","20.00","Food","Primary","samosa"
"Nov 25, 2025 7:12 PM","(-) Expense","33.00","Transportation","Metro","metro"
"Nov 26, 2025 8:20 AM","(-) Expense","12.00","Food","Primary","tea"
"Nov 26, 2025 1:06 PM","(-) Expense","120.00","Food","Primary","office cafeteria"
"Nov 26, 2025 4:38 PM","(-) Expense","16.00","Food","Cash","biscuit"
"Nov 26, 2025 9:02 PM","(-) Expense","197.00","Food","Primary","thali"
"Nov 27, 2025 8:48 AM","(-) Expense","59.00","Transportation","Metro","metro"
"Nov 27, 2025 1:06 PM","(-) Expense","121.00","Food","Primary","office cafeteria"
"Nov 27, 2025 4:41 PM","(-) Expense","11.00","Food","Primary","biscuit"
"Nov 27, 2025 7:12 PM","(-) Expense","55.00","Transportation","Metro","metro"
"Nov 28, 2025 8:20 AM","(-) Expense","12.00","Food","Primary","cutting chai"
"Nov 28, 2025 1:04 PM","(-) Expense","158.00","Food","Primary","thali"
"Nov 28, 2025 4:43 PM","(-) Expense","35.00","Food","Primary","filter coffee"
"Nov 28, 2025 9:03 PM","(-) Expense","75.50","Food","Primary","office cafeteria"
"Nov 29, 2025 7:02 AM","(-) Expense","157.00","Sport","Primary","gym day pass"
"Nov 29, 2025 8:23 AM","(-) Expense","11.00","Food","Primary","tea"
"Nov 29, 2025 1:06 PM","(-) Expense","99.00","Food","Primary","burger"
"Nov 29, 2025 6:18 PM","(-) Expense","1245.00","Entertainment","Primary","game purchase"
"Nov 29, 2025 9:00 PM","(-) Expense","318.50","Food","Primary","weekend brunch"
"Nov 30, 2025 8:23 AM","(-) Expense","11.50","Food","Primary","cutting chai"
"Nov 30, 2025 1:08 PM","(-) Expense","106.00","Food","Primary","burger"
"Nov 30, 2025 4:38 PM","(-) Expense","72.00","Food","Primary","fruit salad"
"Dec 01, 2025 8:19 AM","(-) Expense","29.00","Food","Primary","filter coffee"
"Dec 01, 2025 8:52 AM","(-) Expense","58.00","Transportation","Primary","metro"
"Dec 01, 2025 9:16 AM","(+) Income","55987.20","Salary","Primary","monthly salary"
"Dec 01, 2025 9:40 AM","(*) Transfer","8172.00","-","Primary->Savings","monthly save"
"Dec 01, 2025 1:02 PM","(-) Expense","113.00","Food","Primary","office cafeteria"
"Dec 01, 2025 4:00 PM","(-) Expense","562.00","Shopping","Primary","t-shirt"
"Dec 01, 2025 4:40 PM","(-) Expense","23.00","Food","Primary","vada pav"
"Dec 01, 2025 5:00 PM","(-) Expense","1517.00","Clothing","Primary","ethnic wear"
"Dec 01, 2025 7:11 PM","(-) Expense","41.00","Transportation","Primary","metro"
"Dec 02, 2025 7:03 AM","(-) Expense","101.00","Sport","Primary","gym day pass"
"Dec 02, 2025 8:20 AM","(-) Expense","12.00","Food","Primary","cutting chai"
"Dec 02, 2025 8:53 AM","(-) Expense","43.00","Transportation","Primary","metro"
"Dec 02, 2025 10:07 AM","(-) Expense","11138.50","Home","Primary","rent share"
"Dec 02, 2025 1:05 PM","(-) Expense","40.50","Food","Primary","idli"
"Dec 02, 2025 4:40 PM","(-) Expense","49.00","Food","Primary","idli"
"Dec 02, 2025 7:07 PM","(-) Expense","41.00","Transportation","Primary","metro"
"Dec 02, 2025 9:01 PM","(-) Expense","273.00","Food","Primary","pizza"
"Dec 03, 2025 8:12 AM","(*) Transfer","368.00","-","Primary->Metro","metro card top-up"
"Dec 03, 2025 8:17 AM","(-) Expense","14.00","Food","Primary","tea"
"Dec 03, 2025 8:52 AM","(-) Expense","41.00","Transportation","Metro","metro"
"Dec 03, 2025 1:06 PM","(-) Expense","128.00","Food","Primary","thali"
"Dec 03, 2025 4:37 PM","(-) Expense","13.00","Food","Primary","tea"
"Dec 03, 2025 9:00 PM","(-) Expense","457.00","Food","Primary","weekend brunch"
"Dec 04, 2025 7:02 AM","(-) Expense","77.00","Sport","Primary","swimming"
"Dec 04, 2025 8:19 AM","(-) Expense","11.00","Food","Primary","cutting chai"
"Dec 04, 2025 8:47 AM","(-) Expense","16.00","Transportation","Primary","bus"
"Dec 04, 2025 1:03 PM","(-) Expense","111.00","Food","Primary","office cafeteria"
"Dec 04, 2025 4:38 PM","(-) Expense","32.00","Food","Cash","poha"
"Dec 04, 2025 7:11 PM","(-) Expense","30.50","Transportation","Primary","bus"
"Dec 05, 2025 8:20 AM","(-) Expense","11.00","Food","Cash","cutting chai"
"Dec 05, 2025 8:51 AM","(-) Expense","23.00","Transportation","Primary","bus"
"Dec 05, 2025 11:21 AM","(-) Expense","541.50","Bills","Primary","wifi"
"Dec 05, 2025 1:04 PM","(-) Expense","173.00","Food","Primary","thali"
"Dec 05, 2025 4:40 PM","(-) Expense","26.00","Food","Cash","filter coffee"
"Dec 05, 2025 7:09 PM","(-) Expense","15.00","Transportation","Primary","bus"
"Dec 06, 2025 8:23 AM","(-) Expense","11.00","Food","Primary","cutting chai"
"Dec 06, 2025 11:08 AM","(-) Expense","335.00","Ration","Primary","chicken"
"Dec 06, 2025 11:08 AM","(-) Expense","365.00","Ration","Primary","rice and dal"
"Dec 06, 2025 11:12 AM","(-) Expense","120.00","Ration","Primary","fruits"
"Dec 06, 2025 11:21 AM","(-) Expense","381.00","Ration","Primary","weekly veggies"
"Dec 06, 2025 11:30 AM","(-) Expense","552.00","Ration","Primary","grocery restock"
"Dec 06, 2025 1:02 PM","(-) Expense","165.00","Food","Primary","biryani"
"Dec 06, 2025 6:22 PM","(-) Expense","413.00","Entertainment","Primary","movie"
"Dec 07, 2025 9:03 PM","(-) Expense","98.00","Food","Primary","burger"
"Dec 08, 2025 8:21 AM","(-) Expense","12.50","Food","Primary","tea"
"Dec 08, 2025 8:53 AM","(-) Expense","33.00","Transportation","Primary","bus"
"Dec 08, 2025 12:09 PM","(-) Expense","1242.00","Bills","Primary","electricity"
"Dec 08, 2025 1:07 PM","(-) Expense","161.00","Food","Primary","thali"
"Dec 08, 2025 4:37 PM","(-) Expense","10.50","Food","Primary","cutting chai"
"Dec 09, 2025 7:03 AM","(-) Expense","175.50","Sport","Primary","gym day pass"
"Dec 09, 2025 8:19 AM","(-) Expense","14.00","Food","Cash","tea"
"Dec 09, 2025 1:04 PM","(-) Expense","161.00","Food","Primary","thali"
"Dec 09, 2025 4:37 PM","(-) Expense","72.00","Food","Primary","dosa"
"Dec 10, 2025 8:18 AM","(-) Expense","11.00","Food","Primary","tea"
"Dec 10, 2025 8:52 AM","(-) Expense","44.00","Transportation","Metro","metro"
"Dec 10, 2025 1:02 PM","(-) Expense","62.00","Food","Primary","idli"
"Dec 10, 2025 7:08 PM","(-) Expense","30.00","Transportation","Metro","metro"
"Dec 11, 2025 8:23 AM","(-) Expense","33.00","Food","Primary","filter coffee"
"Dec 11, 2025 8:52 AM","(-) Expense","26.00","Transportation","Primary","bus"
"Dec 11, 2025 1:08 PM","(-) Expense","75.00","Food","Primary","dosa"
"Dec 11, 2025 7:13 PM","(-) Expense","18.00","Transportation","Primary","bus"
"Dec 12, 2025 8:21 AM","(-) Expense","11.50","Food","Primary","cutting chai"
"Dec 12, 2025 8:53 AM","(-) Expense","21.00","Transportation","Primary","bus"
"Dec 12, 2025 1:04 PM","(-) Expense","109.00","Food","Primary","thali"
"Dec 12, 2025 4:43 PM","(-) Expense","13.00","Food","Cash","biscuit"
"Dec 12, 2025 6:32 PM","(-) Expense","200.00","Telephone","Primary","prepaid top-up"
"Dec 13, 2025 7:00 AM","(-) Expense","60.00","Sport","Primary","sports drink"
"Dec 13, 2025 8:19 AM","(-) Expense","11.00","Food","Primary","cutting chai"
"Dec 13, 2025 11:21 AM","(-) Expense","733.00","Ration","Primary","grocery restock"
"Dec 13, 2025 11:21 AM","(-) Expense","209.50","Ration","Primary","rice and dal"
"Dec 13, 2025 11:24 AM","(-) Expense","91.50","Ration","Primary","milk and curd"
"Dec 13, 2025 1:04 PM","(-) Expense","682.00","Food","Primary","outside dinner"
"Dec 13, 2025 8:12 PM","(-) Expense","2340.50","Social","Primary","wedding gift"
"Dec 14, 2025 8:21 AM","(-) Expense","11.00","Food","Cash","cutting chai"
"Dec 14, 2025 11:11 AM","(-) Expense","98.00","Ration","Primary","eggs pack"
"Dec 14, 2025 11:18 AM","(-) Expense","245.00","Ration","Primary","chicken"
"Dec 14, 2025 1:03 PM","(-) Expense","120.00","Food","Primary","office cafeteria"
"Dec 14, 2025 4:38 PM","(-) Expense","28.00","Food","Cash","vada pav"
"Dec 15, 2025 8:17 AM","(-) Expense","11.00","Food","Primary","cutting chai"
"Dec 15, 2025 8:52 AM","(-) Expense","24.00","Transportation","Primary","bus"
"Dec 15, 2025 1:05 PM","(-) Expense","89.00","Food","Primary","lunch"
"Dec 15, 2025 4:39 PM","(-) Expense","29.00","Food","Primary","samosa"
"Dec 15, 2025 8:03 PM","(*) Transfer","4607.00","-","Primary->Credit","credit card payment"
"Dec 16, 2025 7:00 AM","(-) Expense","274.00","Sport","Primary","badminton court"
"Dec 16, 2025 8:23 AM","(-) Expense","32.00","Food","Primary","filter coffee"
"Dec 16, 2025 8:52 AM","(-) Expense","23.00","Transportation","Primary","bus"
"Dec 16, 2025 1:04 PM","(-) Expense","111.00","Food","Primary","lunch"
"Dec 16, 2025 7:08 PM","(-) Expense","33.00","Transportation","Primary","bus"
"Dec 17, 2025 8:22 AM","(-) Expense","10.50","Food","Primary","cutting chai"
"Dec 17, 2025 8:53 AM","(-) Expense","55.00","Transportation","Metro","metro"
"Dec 17, 2025 1:07 PM","(-) Expense","115.00","Food","Primary","office cafeteria"
"Dec 17, 2025 7:09 PM","(-) Expense","47.00","Transportation","Metro","metro"
"Dec 18, 2025 7:03 AM","(-) Expense","119.00","Sport","Primary","swimming"
"Dec 18, 2025 8:08 AM","(*) Transfer","245.00","-","Primary->Metro","metro card top-up"
"Dec 18, 2025 8:20 AM","(-) Expense","21.50","Food","Primary","filter coffee"
"Dec 18, 2025 8:50 AM","(-) Expense","40.50","Transportation","Primary","metro"
"Dec 18, 2025 1:02 PM","(-) Expense","73.00","Food","Primary","office cafeteria"
"Dec 18, 2025 4:41 PM","(-) Expense","15.00","Food","Primary","samosa"
"Dec 18, 2025 9:00 PM","(-) Expense","138.00","Food","Primary","thali"
"Dec 19, 2025 8:18 AM","(-) Expense","10.00","Food","Primary","tea"
"Dec 19, 2025 8:47 AM","(-) Expense","32.50","Transportation","Primary","bus"
"Dec 19, 2025 1:03 PM","(-) Expense","136.00","Food","Primary","thali"
"Dec 19, 2025 4:39 PM","(-) Expense","32.00","Food","Primary","egg puff"
"Dec 19, 2025 7:08 PM","(-) Expense","25.00","Transportation","Primary","bus"
"Dec 20, 2025 7:03 AM","(-) Expense","68.00","Sport","Primary","sports drink"
"Dec 20, 2025 11:00 AM","(+) Income","7175.00","Awards","Primary","year-end bonus"
"Dec 20, 2025 1:02 PM","(-) Expense","661.00","Food","Primary","outside dinner"
"Dec 20, 2025 5:47 PM","(*) Transfer","2485.00","-","Primary->Cash","atm cash"
"Dec 20, 2025 9:00 PM","(-) Expense","385.00","Food","Primary","pizza"
"Dec 21, 2025 8:19 AM","(-) Expense","10.00","Food","Primary","cutting chai"
"Dec 21, 2025 1:05 PM","(-) Expense","191.00","Food","Primary","biryani"
"Dec 21, 2025 9:00 PM","(-) Expense","94.00","Food","Primary","burger"
"Dec 22, 2025 8:22 AM","(-) Expense","12.00","Food","Cash","cutting chai"
"Dec 22, 2025 8:53 AM","(-) Expense","42.00","Transportation","Metro","metro"
"Dec 22, 2025 1:07 PM","(-) Expense","62.00","Food","Primary","idli"
"Dec 22, 2025 4:37 PM","(-) Expense","34.00","Food","Primary","vada pav"
"Dec 23, 2025 7:00 AM","(-) Expense","77.00","Sport","Primary","sports drink"
"Dec 23, 2025 8:19 AM","(-) Expense","11.00","Food","Primary","tea"
"Dec 23, 2025 8:52 AM","(-) Expense","29.00","Transportation","Primary","bus"
"Dec 23, 2025 3:30 PM","(-) Expense","1647.00","Health","Primary","lab test"
"Dec 23, 2025 7:07 PM","(-) Expense","17.00","Transportation","Primary","bus"
"Dec 24, 2025 8:21 AM","(-) Expense","13.00","Food","Cash","tea"
"Dec 24, 2025 8:52 AM","(-) Expense","18.00","Transportation","Primary","bus"
"Dec 24, 2025 1:02 PM","(-) Expense","52.00","Food","Primary","dosa"
"Dec 24, 2025 4:00 PM","(-) Expense","586.00","Shopping","Primary","t-shirt"
"Dec 24, 2025 7:12 PM","(-) Expense","16.00","Transportation","Primary","bus"
"Dec 25, 2025 7:02 AM","(-) Expense","67.00","Sport","Primary","sports drink"
"Dec 25, 2025 8:17 AM","(-) Expense","10.00","Food","Cash","cutting chai"
"Dec 25, 2025 8:49 AM","(-) Expense","33.00","Transportation","Primary","bus"
"Dec 25, 2025 1:07 PM","(-) Expense","118.00","Food","Primary","thali"
"Dec 25, 2025 4:42 PM","(-) Expense","119.00","Food","Cash","ice cream"
"Dec 25, 2025 7:12 PM","(-) Expense","24.00","Transportation","Primary","bus"
"Dec 26, 2025 8:23 AM","(-) Expense","32.00","Food","Cash","filter coffee"
"Dec 26, 2025 8:53 AM","(-) Expense","54.50","Transportation","Metro","metro"
"Dec 26, 2025 1:07 PM","(-) Expense","57.00","Food","Primary","idli"
"Dec 27, 2025 7:00 AM","(-) Expense","123.00","Sport","Primary","swimming"
"Dec 27, 2025 8:22 AM","(-) Expense","21.00","Food","Primary","filter coffee"
"Dec 27, 2025 1:06 PM","(-) Expense","131.00","Food","Primary","burger"
"Dec 27, 2025 3:28 PM","(-) Expense","819.00","Health","Primary","lab test"
"Dec 27, 2025 9:00 PM","(-) Expense","175.50","Food","Primary","lunch"
"Dec 28, 2025 8:21 AM","(-) Expense","12.00","Food","Primary","tea"
"Dec 28, 2025 1:04 PM","(-) Expense","464.00","Food","Primary","outside dinner"
"Dec 28, 2025 4:00 PM","(-) Expense","721.50","Shopping","Primary","earphones"
"Dec 28, 2025 4:42 PM","(-) Expense","40.00","Food","Cash","egg puff"
"Dec 28, 2025 6:22 PM","(-) Expense","324.00","Entertainment","Primary","cafe hangout"
"Dec 28, 2025 9:00 PM","(-) Expense","128.00","Food","Primary","office cafeteria"
"Dec 29, 2025 8:23 AM","(-) Expense","22.00","Food","Primary","filter coffee"
"Dec 29, 2025 8:53 AM","(-) Expense","26.00","Transportation","Primary","bus"
"Dec 29, 2025 1:06 PM","(-) Expense","158.00","Food","Primary","thali"
"Dec 29, 2025 4:39 PM","(-) Expense","11.00","Food","Primary","tea"
"Dec 29, 2025 7:07 PM","(-) Expense","32.00","Transportation","Primary","bus"
"Dec 29, 2025 9:00 PM","(-) Expense","573.00","Food","Primary","outside dinner"
"Dec 30, 2025 8:18 AM","(-) Expense","12.00","Food","Primary","tea"
"Dec 30, 2025 8:51 AM","(-) Expense","53.00","Transportation","Primary","metro"
"Dec 30, 2025 1:04 PM","(-) Expense","49.00","Food","Primary","idli"
"Dec 30, 2025 2:01 PM","(-) Expense","46.00","Education","Primary","printouts"
"Dec 30, 2025 4:43 PM","(-) Expense","34.00","Food","Cash","poha"
"Dec 30, 2025 9:02 PM","(-) Expense","240.50","Food","Primary","dinner"
"Dec 31, 2025 8:17 AM","(-) Expense","10.50","Food","Primary","tea"
"Dec 31, 2025 8:49 AM","(-) Expense","50.00","Transportation","Metro","metro"
"Dec 31, 2025 1:05 PM","(-) Expense","144.00","Food","Primary","thali"
"Dec 31, 2025 7:12 PM","(-) Expense","47.00","Transportation","Metro","metro"
"Jan 01, 2026 7:01 AM","(-) Expense","140.00","Sport","Primary","swimming"
"Jan 01, 2026 8:18 AM","(-) Expense","10.00","Food","Primary","cutting chai"
"Jan 01, 2026 8:52 AM","(-) Expense","54.50","Transportation","Metro","metro"
"Jan 01, 2026 9:16 AM","(+) Income","55987.20","Salary","Primary","monthly salary"
"Jan 01, 2026 9:38 AM","(*) Transfer","8212.00","-","Primary->Savings","monthly save"
"Jan 01, 2026 9:52 AM","(*) Transfer","3136.00","-","Savings->Emergency","emergency fund"
"Jan 01, 2026 1:05 PM","(-) Expense","115.00","Food","Primary","thali"
"Jan 01, 2026 7:10 PM","(-) Expense","53.00","Transportation","Metro","metro"
"Jan 01, 2026 9:00 PM","(-) Expense","174.00","Food","Primary","thali"
"Jan 02, 2026 8:19 AM","(-) Expense","21.00","Food","Primary","filter coffee"
"Jan 02, 2026 8:48 AM","(-) Expense","47.00","Transportation","Metro","metro"
"Jan 02, 2026 10:04 AM","(-) Expense","11284.00","Home","Primary","rent share"
"Jan 02, 2026 1:04 PM","(-) Expense","147.00","Food","Primary","lunch"
"Jan 02, 2026 4:41 PM","(-) Expense","25.00","Food","Primary","water bottle"
"Jan 02, 2026 7:12 PM","(-) Expense","50.00","Transportation","Metro","metro"
"Jan 03, 2026 7:00 AM","(-) Expense","294.00","Sport","Primary","badminton court"
"Jan 03, 2026 8:21 AM","(-) Expense","11.00","Food","Cash","cutting chai"
"Jan 03, 2026 11:00 AM","(-) Expense","71.00","Ration","Primary","milk and curd"
"Jan 03, 2026 11:13 AM","(-) Expense","181.50","Ration","Primary","weekly veggies"
"Jan 03, 2026 11:19 AM","(-) Expense","358.50","Ration","Primary","rice and dal"
"Jan 03, 2026 11:28 AM","(-) Expense","121.00","Ration","Primary","fruits"
"Jan 03, 2026 11:29 AM","(-) Expense","513.00","Ration","Primary","grocery restock"
"Jan 03, 2026 1:03 PM","(-) Expense","212.00","Food","Primary","dinner"
"Jan 03, 2026 4:40 PM","(-) Expense","71.00","Food","Cash","dosa"
"Jan 03, 2026 6:23 PM","(-) Expense","2167.00","Entertainment","Primary","concert ticket"
"Jan 03, 2026 9:01 PM","(-) Expense","347.00","Food","Primary","weekend brunch"
"Jan 04, 2026 8:18 AM","(-) Expense","14.00","Food","Primary","tea"
"Jan 04, 2026 1:04 PM","(-) Expense","626.50","Food","Primary","outside dinner"
"Jan 04, 2026 6:19 PM","(-) Expense","1389.00","Entertainment","Primary","game purchase"
"Jan 04, 2026 9:03 PM","(-) Expense","138.00","Food","Primary","dinner"
"Jan 05, 2026 8:21 AM","(-) Expense","12.00","Food","Primary","tea"
"Jan 05, 2026 8:51 AM","(-) Expense","48.00","Transportation","Metro","metro"
"Jan 05, 2026 11:17 AM","(-) Expense","530.00","Bills","Primary","wifi"
"Jan 05, 2026 1:04 PM","(-) Expense","157.00","Food","Primary","lunch"
"Jan 06, 2026 7:01 AM","(-) Expense","101.00","Sport","Primary","swimming"
"Jan 06, 2026 8:19 AM","(-) Expense","25.00","Food","Primary","filter coffee"
"Jan 06, 2026 8:53 AM","(-) Expense","41.00","Transportation","Metro","metro"
"Jan 06, 2026 1:03 PM","(-) Expense","134.00","Food","Primary","thali"
"Jan 06, 2026 4:41 PM","(-) Expense","48.00","Food","Cash","juice"
"Jan 06, 2026 7:09 PM","(-) Expense","54.00","Transportation","Metro","metro"
"Jan 07, 2026 8:21 AM","(-) Expense","12.00","Food","Cash","cutting chai"
"Jan 07, 2026 8:49 AM","(-) Expense","50.00","Transportation","Primary","metro"
"Jan 07, 2026 1:05 PM","(-) Expense","45.00","Food","Primary","idli"
"Jan 07, 2026 4:40 PM","(-) Expense","37.00","Food","Primary","idli"
"Jan 07, 2026 7:13 PM","(-) Expense","35.00","Transportation","Primary","metro"
"Jan 08, 2026 7:02 AM","(-) Expense","71.00","Sport","Primary","sports drink"
"Jan 08, 2026 8:51 AM","(-) Expense","54.00","Transportation","Metro","metro"
"Jan 08, 2026 12:09 PM","(-) Expense","620.00","Bills","Primary","electricity"
"Jan 08, 2026 1:06 PM","(-) Expense","98.00","Food","Primary","lunch"
"Jan 08, 2026 4:38 PM","(-) Expense","45.00","Food","Cash","idli"
"Jan 08, 2026 7:11 PM","(-) Expense","47.50","Transportation","Metro","metro"
"Jan 09, 2026 8:19 AM","(-) Expense","27.50","Food","Primary","filter coffee"
"Jan 09, 2026 8:47 AM","(-) Expense","50.00","Transportation","Primary","metro"
"Jan 09, 2026 1:06 PM","(-) Expense","138.00","Food","Primary","lunch"
"Jan 09, 2026 4:38 PM","(-) Expense","14.00","Food","Primary","tea"
"Jan 09, 2026 7:10 PM","(-) Expense","49.00","Transportation","Primary","metro"
"Jan 09, 2026 9:03 PM","(-) Expense","137.00","Food","Primary","thali"
"Jan 10, 2026 7:00 AM","(-) Expense","193.00","Sport","Primary","gym day pass"
"Jan 10, 2026 8:17 AM","(-) Expense","11.00","Food","Primary","tea"
"Jan 10, 2026 11:05 AM","(-) Expense","108.00","Ration","Primary","milk and curd"
"Jan 10, 2026 11:11 AM","(-) Expense","115.00","Ration","Primary","milk and curd"
"Jan 10, 2026 11:19 AM","(-) Expense","80.00","Ration","Primary","eggs pack"
"Jan 10, 2026 11:19 AM","(-) Expense","326.00","Ration","Primary","rice and dal"
"Jan 10, 2026 6:21 PM","(-) Expense","2104.00","Entertainment","Primary","concert ticket"
"Jan 10, 2026 9:00 PM","(-) Expense","172.00","Food","Primary","dinner"
"Jan 11, 2026 8:21 AM","(-) Expense","10.00","Food","Primary","tea"
"Jan 11, 2026 11:08 AM","(-) Expense","94.00","Ration","Primary","fruits"
"Jan 11, 2026 11:37 AM","(-) Expense","101.00","Ration","Primary","milk and curd"
"Jan 11, 2026 1:03 PM","(-) Expense","124.00","Food","Primary","thali"
"Jan 11, 2026 3:27 PM","(-) Expense","668.00","Health","Primary","doctor consult"
"Jan 12, 2026 8:22 AM","(-) Expense","14.50","Food","Primary","tea"
"Jan 12, 2026 1:07 PM","(-) Expense","103.00","Food","Primary","office cafeteria"
"Jan 12, 2026 6:33 PM","(-) Expense","285.00","Telephone","Primary","prepaid top-up"
"Jan 13, 2026 8:23 AM","(-) Expense","11.00","Food","Primary","tea"
"Jan 13, 2026 8:47 AM","(-) Expense","20.00","Transportation","Primary","bus"
"Jan 13, 2026 1:04 PM","(-) Expense","112.00","Food","Primary","office cafeteria"
"Jan 13, 2026 4:43 PM","(-) Expense","25.50","Food","Cash","filter coffee"
"Jan 13, 2026 7:09 PM","(-) Expense","16.00","Transportation","Primary","bus"
"Jan 13, 2026 9:02 PM","(-) Expense","105.00","Food","Primary","office cafeteria"
"Jan 14, 2026 8:23 AM","(-) Expense","14.00","Food","Primary","tea"
"Jan 14, 2026 8:50 AM","(-) Expense","52.00","Transportation","Metro","metro"
"Jan 14, 2026 1:05 PM","(-) Expense","61.00","Food","Primary","idli"
"Jan 14, 2026 7:11 PM","(-) Expense","37.00","Transportation","Metro","metro"
"Jan 15, 2026 7:00 AM","(-) Expense","97.00","Sport","Primary","swimming"
"Jan 15, 2026 8:48 AM","(-) Expense","36.00","Transportation","Metro","metro"
"Jan 15, 2026 1:04 PM","(-) Expense","49.00","Food","Primary","idli"
"Jan 15, 2026 3:28 PM","(-) Expense","770.50","Health","Primary","lab test"
"Jan 15, 2026 7:07 PM","(-) Expense","50.00","Transportation","Metro","metro"
"Jan 15, 2026 8:08 PM","(*) Transfer","3159.00","-","Primary->Credit","credit card payment"
"Jan 16, 2026 8:17 AM","(-) Expense","23.00","Food","Primary","filter coffee"
"Jan 16, 2026 8:53 AM","(-) Expense","15.00","Transportation","Primary","bus"
"Jan 16, 2026 1:06 PM","(-) Expense","86.00","Food","Primary","dosa"
"Jan 16, 2026 3:30 PM","(-) Expense","502.00","Health","Primary","doctor consult"
"Jan 16, 2026 4:41 PM","(-) Expense","84.00","Food","Primary","dosa"
"Jan 16, 2026 7:13 PM","(-) Expense","18.50","Transportation","Primary","bus"
"Jan 17, 2026 7:00 AM","(-) Expense","360.00","Sport","Primary","badminton court"
"Jan 17, 2026 8:23 AM","(-) Expense","21.00","Food","Cash","filter coffee"
"Jan 17, 2026 1:04 PM","(-) Expense","336.00","Food","Primary","weekend brunch"
"Jan 17, 2026 4:37 PM","(-) Expense","55.00","Food","Cash","dosa"
"Jan 17, 2026 6:22 PM","(-) Expense","278.00","Entertainment","Primary","movie"
"Jan 18, 2026 8:18 AM","(-) Expense","12.00","Food","Primary","tea"
"Jan 18, 2026 4:42 PM","(-) Expense","22.50","Food","Primary","water bottle"
"Jan 18, 2026 9:01 PM","(-) Expense","177.00","Food","Primary","burger"
"Jan 19, 2026 8:19 AM","(-) Expense","24.00","Food","Primary","filter coffee"
"Jan 19, 2026 8:50 AM","(-) Expense","41.00","Transportation","Metro","metro"
"Jan 19, 2026 1:03 PM","(-) Expense","100.00","Food","Primary","office cafeteria"
"Jan 19, 2026 4:40 PM","(-) Expense","37.00","Food","Cash","egg puff"
"Jan 19, 2026 7:07 PM","(-) Expense","42.00","Transportation","Metro","metro"
"Jan 19, 2026 9:02 PM","(-) Expense","205.50","Food","Primary","thali"
"Jan 20, 2026 8:23 AM","(-) Expense","29.00","Food","Cash","filter coffee"
"Jan 20, 2026 8:50 AM","(-) Expense","53.50","Transportation","Metro","metro"
"Jan 20, 2026 1:08 PM","(-) Expense","171.50","Food","Primary","thali"
"Jan 20, 2026 4:43 PM","(-) Expense","23.00","Food","Cash","samosa"
"Jan 20, 2026 5:42 PM","(*) Transfer","2885.00","-","Primary->Cash","atm cash"
"Jan 20, 2026 7:07 PM","(-) Expense","41.00","Transportation","Metro","metro"
"Jan 21, 2026 8:23 AM","(-) Expense","10.50","Food","Cash","cutting chai"
"Jan 21, 2026 8:50 AM","(-) Expense","52.00","Transportation","Primary","metro"
"Jan 21, 2026 1:08 PM","(-) Expense","135.00","Food","Primary","thali"
"Jan 21, 2026 4:37 PM","(-) Expense","10.50","Food","Primary","tea"
"Jan 21, 2026 7:12 PM","(-) Expense","55.00","Transportation","Primary","metro"
"Jan 22, 2026 7:02 AM","(-) Expense","331.00","Sport","Primary","badminton court"
"Jan 22, 2026 8:18 AM","(-) Expense","25.00","Food","Primary","filter coffee"
"Jan 22, 2026 8:53 AM","(-) Expense","34.00","Transportation","Metro","metro"
"Jan 22, 2026 7:11 PM","(-) Expense","42.00","Transportation","Metro","metro"
"Jan 22, 2026 9:00 PM","(-) Expense","366.50","Food","Primary","weekend brunch"
"Jan 23, 2026 8:23 AM","(-) Expense","24.00","Food","Cash","filter coffee"
"Jan 23, 2026 8:49 AM","(-) Expense","49.50","Transportation","Metro","metro"
"Jan 23, 2026 1:07 PM","(-) Expense","83.00","Food","Primary","office cafeteria"
"Jan 23, 2026 4:42 PM","(-) Expense","35.00","Food","Primary","poha"
"Jan 24, 2026 8:19 AM","(-) Expense","13.00","Food","Primary","tea"
"Jan 24, 2026 12:02 PM","(+) Income","310.00","Refunds","Primary","cashback"
"Jan 25, 2026 8:20 AM","(-) Expense","31.00","Food","Primary","filter coffee"
"Jan 25, 2026 1:03 PM","(-) Expense","324.00","Food","Primary","outside dinner"
"Jan 25, 2026 4:38 PM","(-) Expense","26.00","Food","Primary","samosa"
"Jan 25, 2026 6:22 PM","(-) Expense","317.50","Entertainment","Primary","cafe hangout"
"Jan 25, 2026 9:01 PM","(-) Expense","643.00","Food","Primary","outside dinner"
"Jan 26, 2026 8:17 AM","(-) Expense","11.00","Food","Primary","tea"
"Jan 26, 2026 8:51 AM","(-) Expense","59.50","Transportation","Primary","metro"
"Jan 26, 2026 1:05 PM","(-) Expense","62.00","Food","Primary","idli"
"Jan 26, 2026 4:43 PM","(-) Expense","22.00","Food","Primary","water bottle"
"Jan 26, 2026 7:11 PM","(-) Expense","59.00","Transportation","Primary","metro"
"Jan 27, 2026 8:22 AM","(-) Expense","12.50","Food","Cash","tea"
"Jan 27, 2026 8:53 AM","(-) Expense","36.00","Transportation","Metro","metro"
"Jan 27, 2026 1:08 PM","(-) Expense","64.00","Food","Primary","idli"
"Jan 27, 2026 4:43 PM","(-) Expense","42.50","Food","Cash","poha"
"Jan 27, 2026 7:12 PM","(-) Expense","43.00","Transportation","Metro","metro"
"Jan 28, 2026 8:18 AM","(-) Expense","29.00","Food","Primary","filter coffee"
"Jan 28, 2026 8:52 AM","(-) Expense","32.50","Transportation","Primary","bus"
"Jan 28, 2026 1:02 PM","(-) Expense","162.00","Food","Primary","thali"
"Jan 28, 2026 4:41 PM","(-) Expense","34.00","Food","Cash","poha"
"Jan 28, 2026 7:10 PM","(-) Expense","18.00","Transportation","Primary","bus"
"Jan 29, 2026 8:18 AM","(-) Expense","14.00","Food","Cash","tea"
"Jan 29, 2026 1:04 PM","(-) Expense","127.00","Food","Primary","office cafeteria"
"Jan 29, 2026 3:28 PM","(-) Expense","1002.00","Health","Primary","lab test"
"Jan 29, 2026 4:43 PM","(-) Expense","20.50","Food","Primary","water bottle"
"Jan 30, 2026 8:23 AM","(-) Expense","11.00","Food","Cash","cutting chai"
"Jan 30, 2026 8:53 AM","(-) Expense","57.00","Transportation","Primary","metro"
"Jan 30, 2026 1:05 PM","(-) Expense","47.00","Food","Primary","idli"
"Jan 30, 2026 4:39 PM","(-) Expense","35.00","Food","Primary","egg puff"
"Jan 30, 2026 7:13 PM","(-) Expense","48.00","Transportation","Primary","metro"
"Jan 31, 2026 7:00 AM","(-) Expense","331.00","Sport","Primary","badminton court"
"Jan 31, 2026 8:23 AM","(-) Expense","11.00","Food","Cash","tea"
"Jan 31, 2026 8:07 PM","(-) Expense","1534.00","Social","Primary","wedding gift"
"Feb 01, 2026 8:21 AM","(-) Expense","11.00","Food","Primary","cutting chai"
"Feb 01, 2026 9:14 AM","(+) Income","55987.20","Salary","Primary","monthly salary"
"Feb 01, 2026 9:37 AM","(*) Transfer","10790.50","-","Primary->Savings","monthly save"
"Feb 01, 2026 1:02 PM","(-) Expense","398.00","Food","Primary","weekend brunch"
"Feb 01, 2026 6:19 PM","(-) Expense","242.50","Entertainment","Primary","cafe hangout"
"Feb 01, 2026 9:00 PM","(-) Expense","215.00","Food","Primary","thali"
"Feb 02, 2026 8:23 AM","(-) Expense","11.00","Food","Cash","cutting chai"
"Feb 02, 2026 10:07 AM","(-) Expense","10393.00","Home","Primary","rent share"
"Feb 02, 2026 1:06 PM","(-) Expense","65.00","Food","Primary","dosa"
"Feb 02, 2026 9:00 PM","(-) Expense","554.00","Food","Primary","outside dinner"
"Feb 03, 2026 8:12 AM","(*) Transfer","263.00","-","Primary->Metro","metro card top-up"
"Feb 03, 2026 8:21 AM","(-) Expense","12.00","Food","Cash","tea"
"Feb 03, 2026 8:53 AM","(-) Expense","22.00","Transportation","Primary","bus"
"Feb 03, 2026 1:05 PM","(-) Expense","75.50","Food","Primary","dosa"
"Feb 03, 2026 4:38 PM","(-) Expense","45.00","Food","Primary","poha"
"Feb 03, 2026 7:07 PM","(-) Expense","18.00","Transportation","Primary","bus"
"Feb 04, 2026 8:19 AM","(-) Expense","10.00","Food","Primary","cutting chai"
"Feb 04, 2026 8:51 AM","(-) Expense","49.00","Transportation","Metro","metro"
"Feb 04, 2026 1:06 PM","(-) Expense","60.00","Food","Primary","dosa"
"Feb 04, 2026 7:09 PM","(-) Expense","35.00","Transportation","Metro","metro"
"Feb 04, 2026 9:01 PM","(-) Expense","439.00","Food","Primary","outside dinner"
"Feb 05, 2026 7:00 AM","(-) Expense","160.00","Sport","Primary","gym day pass"
"Feb 05, 2026 8:50 AM","(-) Expense","54.00","Transportation","Primary","metro"
"Feb 05, 2026 11:18 AM","(-) Expense","508.00","Bills","Primary","wifi"
"Feb 05, 2026 1:03 PM","(-) Expense","61.50","Food","Primary","idli"
"Feb 05, 2026 4:38 PM","(-) Expense","23.00","Food","Cash","water bottle"
"Feb 05, 2026 7:12 PM","(-) Expense","49.00","Transportation","Primary","metro"
"Feb 05, 2026 9:00 PM","(-) Expense","187.00","Food","Primary","thali"
"Feb 06, 2026 8:20 AM","(-) Expense","32.00","Food","Primary","filter coffee"
"Feb 06, 2026 8:50 AM","(-) Expense","50.00","Transportation","Metro","metro"
"Feb 06, 2026 1:07 PM","(-) Expense","51.00","Food","Primary","dosa"
"Feb 06, 2026 4:39 PM","(-) Expense","86.50","Food","Primary","dosa"
"Feb 06, 2026 7:09 PM","(-) Expense","42.00","Transportation","Metro","metro"
"Feb 07, 2026 11:19 AM","(-) Expense","309.00","Ration","Primary","chicken"
"Feb 07, 2026 11:27 AM","(-) Expense","261.00","Ration","Primary","rice and dal"
"Feb 07, 2026 11:28 AM","(-) Expense","54.00","Ration","Primary","bread and butter"
"Feb 07, 2026 11:33 AM","(-) Expense","61.00","Ration","Primary","eggs pack"
"Feb 07, 2026 4:43 PM","(-) Expense","33.00","Food","Cash","poha"
"Feb 07, 2026 6:21 PM","(-) Expense","230.00","Entertainment","Primary","cafe hangout"
"Feb 07, 2026 8:12 PM","(-) Expense","231.00","Social","Primary","team lunch share"
"Feb 07, 2026 9:00 PM","(-) Expense","597.50","Food","Primary","outside dinner"
"Feb 08, 2026 8:21 AM","(-) Expense","12.00","Food","Primary","tea"
"Feb 08, 2026 11:24 AM","(-) Expense","365.00","Ration","Primary","chicken"
"Feb 08, 2026 11:24 AM","(-) Expense","278.00","Ration","Primary","rice and dal"
"Feb 08, 2026 12:12 PM","(-) Expense","732.50","Bills","Primary","electricity"
"Feb 08, 2026 4:42 PM","(-) Expense","25.00","Food","Cash","filter coffee"
"Feb 08, 2026 6:20 PM","(-) Expense","215.00","Entertainment","Primary","cafe hangout"
"Feb 09, 2026 8:23 AM","(-) Expense","13.00","Food","Primary","tea"
"Feb 09, 2026 1:07 PM","(-) Expense","55.00","Food","Primary","idli"
"Feb 09, 2026 4:42 PM","(-) Expense","10.50","Food","Cash","biscuit"
"Feb 10, 2026 7:00 AM","(-) Expense","191.00","Sport","Primary","gym day pass"
"Feb 10, 2026 8:19 AM","(-) Expense","13.50","Food","Primary","tea"
"Feb 10, 2026 8:53 AM","(-) Expense","49.50","Transportation","Metro","metro"
"Feb 10, 2026 1:02 PM","(-) Expense","69.00","Food","Primary","idli"
"Feb 10, 2026 4:40 PM","(-) Expense","14.00","Food","Cash","tea"
"Feb 10, 2026 7:07 PM","(-) Expense","41.50","Transportation","Metro","metro"
"Feb 11, 2026 8:20 AM","(-) Expense","10.00","Food","Primary","cutting chai"
"Feb 11, 2026 8:51 AM","(-) Expense","30.00","Transportation","Metro","metro"
"Feb 11, 2026 1:07 PM","(-) Expense","80.00","Food","Primary","office cafeteria"
"Feb 12, 2026 7:00 AM","(-) Expense","55.00","Sport","Primary","sports drink"
"Feb 12, 2026 8:18 AM","(-) Expense","11.00","Food","Cash","tea"
"Feb 12, 2026 1:02 PM","(-) Expense","153.50","Food","Primary","thali"
"Feb 12, 2026 5:00 PM","(-) Expense","1357.00","Clothing","Primary","shoes"
"Feb 12, 2026 6:30 PM","(-) Expense","215.50","Telephone","Primary","prepaid top-up"
"Feb 13, 2026 8:47 AM","(-) Expense","55.00","Transportation","Metro","metro"
"Feb 13, 2026 1:02 PM","(-) Expense","124.00","Food","Primary","lunch"
"Feb 13, 2026 7:07 PM","(-) Expense","41.00","Transportation","Metro","metro"
"Feb 14, 2026 8:18 AM","(-) Expense","12.00","Food","Cash","tea"
"Feb 14, 2026 11:07 AM","(-) Expense","238.00","Ration","Primary","chicken"
"Feb 14, 2026 11:38 AM","(-) Expense","147.00","Ration","Primary","fruits"
"Feb 15, 2026 8:18 AM","(-) Expense","14.00","Food","Cash","tea"
"Feb 15, 2026 4:40 PM","(-) Expense","32.00","Food","Primary","filter coffee"
"Feb 15, 2026 6:23 PM","(-) Expense","161.00","Entertainment","Primary","cafe hangout"
"Feb 15, 2026 8:06 PM","(*) Transfer","3290.00","-","Primary->Credit","credit card payment"
"Feb 15, 2026 8:07 PM","(-) Expense","1513.50","Social","Primary","wedding gift"
"Feb 16, 2026 8:23 AM","(-) Expense","11.50","Food","Primary","cutting chai"
"Feb 16, 2026 1:07 PM","(-) Expense","127.00","Food","Primary","office cafeteria"
"Feb 16, 2026 4:41 PM","(-) Expense","13.00","Food","Primary","biscuit"
"Feb 17, 2026 7:00 AM","(-) Expense","196.50","Sport","Primary","gym day pass"
"Feb 17, 2026 8:20 AM","(-) Expense","34.00","Food","Primary","filter coffee"
"Feb 17, 2026 8:48 AM","(-) Expense","21.00","Transportation","Primary","bus"
"Feb 17, 2026 1:06 PM","(-) Expense","145.00","Food","Primary","lunch"
"Feb 17, 2026 4:39 PM","(-) Expense","80.00","Food","Primary","ice cream"
"Feb 17, 2026 7:11 PM","(-) Expense","21.00","Transportation","Primary","bus"
"Feb 17, 2026 9:02 PM","(-) Expense","242.50","Food","Primary","biryani"
"Feb 18, 2026 8:12 AM","(*) Transfer","362.00","-","Primary->Metro","metro card top-up"
"Feb 18, 2026 8:18 AM","(-) Expense","24.00","Food","Primary","filter coffee"
"Feb 18, 2026 8:53 AM","(-) Expense","54.00","Transportation","Primary","metro"
"Feb 18, 2026 1:08 PM","(-) Expense","61.00","Food","Primary","idli"
"Feb 18, 2026 4:43 PM","(-) Expense","48.50","Food","Cash","idli"
"Feb 18, 2026 7:10 PM","(-) Expense","47.00","Transportation","Primary","metro"
"Feb 19, 2026 7:00 AM","(-) Expense","53.00","Sport","Primary","sports drink"
"Feb 19, 2026 8:23 AM","(-) Expense","11.00","Food","Primary","cutting chai"
"Feb 19, 2026 8:47 AM","(-) Expense","39.00","Transportation","Metro","metro"
"Feb 19, 2026 1:04 PM","(-) Expense","82.00","Food","Primary","office cafeteria"
"Feb 19, 2026 7:08 PM","(-) Expense","30.00","Transportation","Metro","metro"
"Feb 20, 2026 8:18 AM","(-) Expense","31.00","Food","Primary","filter coffee"
"Feb 20, 2026 8:47 AM","(-) Expense","46.00","Transportation","Metro","metro"
"Feb 20, 2026 1:06 PM","(-) Expense","47.00","Food","Primary","idli"
"Feb 20, 2026 5:42 PM","(*) Transfer","2766.50","-","Primary->Cash","atm cash"
"Feb 20, 2026 9:03 PM","(-) Expense","370.50","Food","Primary","weekend brunch"
"Feb 21, 2026 7:00 AM","(-) Expense","395.00","Sport","Primary","badminton court"
"Feb 21, 2026 8:21 AM","(-) Expense","14.50","Food","Primary","tea"
"Feb 21, 2026 1:02 PM","(-) Expense","561.50","Food","Primary","outside dinner"
"Feb 22, 2026 11:10 AM","(-) Expense","76.00","Ration","Primary","eggs pack"
"Feb 22, 2026 11:15 AM","(-) Expense","168.00","Ration","Primary","fruits"
"Feb 22, 2026 11:18 AM","(-) Expense","416.00","Ration","Primary","weekly veggies"
"Feb 22, 2026 11:30 AM","(-) Expense","101.00","Ration","Primary","milk and curd"
"Feb 22, 2026 1:05 PM","(-) Expense","132.00","Food","Primary","dinner"
"Feb 22, 2026 4:38 PM","(-) Expense","28.00","Food","Primary","egg puff"
"Feb 22, 2026 8:10 PM","(-) Expense","199.00","Social","Primary","festival sweets"
"Feb 23, 2026 8:22 AM","(-) Expense","22.00","Food","Cash","filter coffee"
"Feb 23, 2026 8:53 AM","(-) Expense","35.50","Transportation","Metro","metro"
"Feb 23, 2026 1:05 PM","(-) Expense","78.00","Food","Primary","office cafeteria"
"Feb 23, 2026 4:39 PM","(-) Expense","97.00","Food","Cash","ice cream"
"Feb 23, 2026 7:11 PM","(-) Expense","35.00","Transportation","Metro","metro"
"Feb 24, 2026 7:00 AM","(-) Expense","70.00","Sport","Primary","sports drink"
"Feb 24, 2026 8:19 AM","(-) Expense","11.00","Food","Primary","cutting chai"
"Feb 24, 2026 8:51 AM","(-) Expense","50.00","Transportation","Metro","metro"
"Feb 24, 2026 1:04 PM","(-) Expense","117.00","Food","Primary","office cafeteria"
"Feb 24, 2026 4:43 PM","(-) Expense","75.00","Food","Cash","dosa"
"Feb 24, 2026 7:07 PM","(-) Expense","47.00","Transportation","Metro","metro"
"Feb 24, 2026 9:03 PM","(-) Expense","114.00","Food","Primary","office cafeteria"
"Feb 25, 2026 8:22 AM","(-) Expense","35.00","Food","Cash","filter coffee"
"Feb 25, 2026 8:51 AM","(-) Expense","27.00","Transportation","Primary","bus"
"Feb 25, 2026 1:04 PM","(-) Expense","58.00","Food","Primary","idli"
"Feb 25, 2026 7:10 PM","(-) Expense","23.50","Transportation","Primary","bus"
"Feb 25, 2026 9:00 PM","(-) Expense","128.00","Food","Primary","dinner"
"Feb 26, 2026 7:03 AM","(-) Expense","136.00","Sport","Primary","swimming"
"Feb 26, 2026 8:21 AM","(-) Expense","10.00","Food","Primary","cutting chai"
"Feb 26, 2026 8:50 AM","(-) Expense","29.00","Transportation","Primary","bus"
"Feb 26, 2026 1:05 PM","(-) Expense","101.00","Food","Primary","thali"
"Feb 26, 2026 4:38 PM","(-) Expense","21.50","Food","Primary","water bottle"
"Feb 26, 2026 7:07 PM","(-) Expense","19.00","Transportation","Primary","bus"
"Feb 26, 2026 9:03 PM","(-) Expense","203.00","Food","Primary","dinner"
"Feb 27, 2026 8:17 AM","(-) Expense","14.50","Food","Cash","tea"
"Feb 27, 2026 8:50 AM","(-) Expense","51.00","Transportation","Primary","metro"
"Feb 27, 2026 1:06 PM","(-) Expense","128.00","Food","Primary","thali"
"Feb 27, 2026 4:42 PM","(-) Expense","29.00","Food","Cash","samosa"
"Feb 27, 2026 7:10 PM","(-) Expense","48.00","Transportation","Primary","metro"
"Feb 28, 2026 7:00 AM","(-) Expense","169.00","Sport","Primary","gym day pass"
"Feb 28, 2026 8:19 AM","(-) Expense","11.00","Food","Cash","tea"
"Feb 28, 2026 1:05 PM","(-) Expense","109.00","Food","Primary","office cafeteria"
"Feb 28, 2026 9:02 PM","(-) Expense","590.00","Food","Primary","outside dinner"
"Mar 01, 2026 8:22 AM","(-) Expense","26.00","Food","Cash","filter coffee"
"Mar 01, 2026 9:13 AM","(+) Income","55987.20","Salary","Primary","monthly salary"
"Mar 01, 2026 9:37 AM","(*) Transfer","11497.50","-","Primary->Savings","monthly save"
"Mar 01, 2026 11:00 AM","(-) Expense","198.00","Ration","Primary","weekly veggies"
"Mar 01, 2026 11:34 AM","(-) Expense","241.00","Ration","Primary","chicken"
"Mar 01, 2026 11:34 AM","(-) Expense","277.00","Ration","Primary","weekly veggies"
"Mar 01, 2026 11:35 AM","(-) Expense","73.00","Ration","Primary","bread and butter"
"Mar 01, 2026 11:37 AM","(-) Expense","311.00","Ration","Primary","weekly veggies"
"Mar 01, 2026 1:05 PM","(-) Expense","123.00","Food","Primary","burger"
"Mar 01, 2026 4:38 PM","(-) Expense","15.00","Food","Cash","biscuit"
"Mar 01, 2026 6:21 PM","(-) Expense","1459.00","Entertainment","Primary","game purchase"
"Mar 01, 2026 8:10 PM","(-) Expense","393.00","Social","Primary","team lunch share"
"Mar 02, 2026 8:22 AM","(-) Expense","29.00","Food","Primary","filter coffee"
"Mar 02, 2026 8:47 AM","(-) Expense","47.00","Transportation","Metro","metro"
"Mar 02, 2026 10:05 AM","(-) Expense","10243.00","Home","Primary","rent share"
"Mar 02, 2026 1:05 PM","(-) Expense","68.00","Food","Primary","dosa"
"Mar 02, 2026 4:41 PM","(-) Expense","13.00","Food","Primary","tea"
"Mar 02, 2026 7:12 PM","(-) Expense","58.00","Transportation","Metro","metro"
"Mar 03, 2026 8:10 AM","(*) Transfer","494.50","-","Primary->Metro","metro card top-up"
"Mar 03, 2026 8:47 AM","(-) Expense","28.50","Transportation","Primary","bus"
"Mar 03, 2026 1:05 PM","(-) Expense","40.00","Food","Primary","idli"
"Mar 03, 2026 4:41 PM","(-) Expense","33.00","Food","Primary","juice"
"Mar 03, 2026 7:12 PM","(-) Expense","24.00","Transportation","Primary","bus"
"Mar 03, 2026 9:02 PM","(-) Expense","226.00","Food","Primary","dinner"
"Mar 04, 2026 8:21 AM","(-) Expense","12.00","Food","Primary","tea"
"Mar 04, 2026 8:51 AM","(-) Expense","22.50","Transportation","Primary","bus"
"Mar 04, 2026 1:04 PM","(-) Expense","83.00","Food","Primary","dosa"
"Mar 05, 2026 7:00 AM","(-) Expense","75.00","Sport","Primary","sports drink"
"Mar 05, 2026 8:52 AM","(-) Expense","22.00","Transportation","Primary","bus"
"Mar 05, 2026 11:22 AM","(-) Expense","626.50","Bills","Primary","wifi"
"Mar 05, 2026 1:07 PM","(-) Expense","42.00","Food","Primary","idli"
"Mar 05, 2026 7:10 PM","(-) Expense","27.50","Transportation","Primary","bus"
"Mar 06, 2026 8:22 AM","(-) Expense","28.00","Food","Primary","filter coffee"
"Mar 06, 2026 8:49 AM","(-) Expense","58.00","Transportation","Metro","metro"
"Mar 06, 2026 1:06 PM","(-) Expense","40.00","Food","Primary","idli"
"Mar 06, 2026 4:41 PM","(-) Expense","24.00","Food","Cash","water bottle"
"Mar 06, 2026 7:09 PM","(-) Expense","45.50","Transportation","Metro","metro"
"Mar 07, 2026 7:01 AM","(-) Expense","246.00","Sport","Primary","badminton court"
"Mar 07, 2026 8:18 AM","(-) Expense","21.00","Food","Cash","filter coffee"
"Mar 07, 2026 11:11 AM","(-) Expense","431.00","Ration","Primary","rice and dal"
"Mar 07, 2026 11:13 AM","(-) Expense","568.00","Ration","Primary","grocery restock"
"Mar 07, 2026 11:19 AM","(-) Expense","377.50","Ration","Primary","chicken"
"Mar 07, 2026 11:29 AM","(-) Expense","226.00","Ration","Primary","chicken"
"Mar 07, 2026 11:29 AM","(-) Expense","101.00","Ration","Primary","eggs pack"
"Mar 07, 2026 1:02 PM","(-) Expense","380.00","Food","Primary","pizza"
"Mar 07, 2026 4:39 PM","(-) Expense","28.00","Food","Cash","water bottle"
"Mar 07, 2026 6:23 PM","(-) Expense","1278.00","Entertainment","Primary","game purchase"
"Mar 07, 2026 8:12 PM","(-) Expense","272.00","Social","Primary","team lunch share"
"Mar 08, 2026 8:23 AM","(-) Expense","14.00","Food","Primary","tea"
"Mar 08, 2026 11:00 AM","(-) Expense","342.00","Ration","Primary","chicken"
"Mar 08, 2026 11:27 AM","(-) Expense","333.00","Ration","Primary","weekly veggies"
"Mar 08, 2026 11:33 AM","(-) Expense","273.50","Ration","Primary","chicken"
"Mar 08, 2026 12:10 PM","(-) Expense","981.00","Bills","Primary","electricity"
"Mar 08, 2026 1:04 PM","(-) Expense","101.00","Food","Primary","office cafeteria"
"Mar 08, 2026 4:41 PM","(-) Expense","39.00","Food","Cash","poha"
"Mar 09, 2026 8:19 AM","(-) Expense","29.00","Food","Primary","filter coffee"
"Mar 09, 2026 3:30 PM","(-) Expense","265.00","Health","Primary","pharmacy"
"Mar 09, 2026 4:38 PM","(-) Expense","29.00","Food","Primary","water bottle"
"Mar 10, 2026 8:20 AM","(-) Expense","28.00","Food","Cash","filter coffee"
"Mar 10, 2026 8:50 AM","(-) Expense","26.00","Transportation","Primary","bus"
"Mar 10, 2026 1:04 PM","(-) Expense","101.00","Food","Primary","office cafeteria"
"Mar 10, 2026 4:43 PM","(-) Expense","63.00","Food","Primary","dosa"
"Mar 11, 2026 8:23 AM","(-) Expense","12.00","Food","Primary","tea"
"Mar 11, 2026 8:52 AM","(-) Expense","43.00","Transportation","Metro","metro"
"Mar 11, 2026 1:06 PM","(-) Expense","76.50","Food","Primary","dosa"
"Mar 11, 2026 2:00 PM","(-) Expense","45.00","Education","Primary","printouts"
"Mar 11, 2026 3:32 PM","(-) Expense","413.00","Health","Primary","doctor consult"
"Mar 11, 2026 7:09 PM","(-) Expense","53.50","Transportation","Metro","metro"
"Mar 12, 2026 7:03 AM","(-) Expense","118.00","Sport","Primary","gym day pass"
"Mar 12, 2026 8:50 AM","(-) Expense","19.00","Transportation","Primary","bus"
"Mar 12, 2026 12:00 PM","(+) Income","108.00","Refunds","Primary","cashback"
"Mar 12, 2026 4:03 PM","(-) Expense","887.00","Shopping","Primary","t-shirt"
"Mar 12, 2026 4:38 PM","(-) Expense","10.00","Food","Primary","tea"
"Mar 12, 2026 6:32 PM","(-) Expense","207.00","Telephone","Primary","prepaid top-up"
"Mar 12, 2026 7:08 PM","(-) Expense","33.00","Transportation","Primary","bus"
"Mar 13, 2026 8:22 AM","(-) Expense","14.50","Food","Primary","tea"
"Mar 13, 2026 8:53 AM","(-) Expense","33.00","Transportation","Metro","metro"
"Mar 13, 2026 1:03 PM","(-) Expense","67.00","Food","Primary","idli"
"Mar 13, 2026 7:07 PM","(-) Expense","53.00","Transportation","Metro","metro"
"Mar 14, 2026 8:17 AM","(-) Expense","12.00","Food","Primary","tea"
"Mar 14, 2026 11:18 AM","(-) Expense","169.00","Ration","Primary","fruits"
"Mar 14, 2026 11:20 AM","(-) Expense","96.00","Ration","Primary","milk and curd"
"Mar 14, 2026 11:22 AM","(-) Expense","92.00","Ration","Primary","eggs pack"
"Mar 14, 2026 11:36 AM","(-) Expense","103.50","Ration","Primary","milk and curd"
"Mar 14, 2026 1:08 PM","(-) Expense","202.00","Food","Primary","dinner"
"Mar 14, 2026 6:00 PM","(-) Expense","314.00","Social","Primary","holi colors and snacks"
"Mar 14, 2026 6:17 PM","(-) Expense","1288.50","Entertainment","Primary","game purchase"
"Mar 14, 2026 9:03 PM","(-) Expense","167.00","Food","Primary","biryani"
"Mar 15, 2026 8:19 AM","(-) Expense","29.00","Food","Primary","filter coffee"
"Mar 15, 2026 4:41 PM","(-) Expense","40.00","Food","Primary","idli"
"Mar 15, 2026 6:02 PM","(-) Expense","135.00","Social","Primary","holi colors and snacks"
"Mar 15, 2026 8:04 PM","(*) Transfer","3160.50","-","Primary->Credit","credit card payment"
"Mar 16, 2026 8:23 AM","(-) Expense","32.00","Food","Primary","filter coffee"
"Mar 16, 2026 8:47 AM","(-) Expense","48.00","Transportation","Metro","metro"
"Mar 16, 2026 1:06 PM","(-) Expense","167.00","Food","Primary","thali"
"Mar 17, 2026 7:03 AM","(-) Expense","149.00","Sport","Primary","swimming"
"Mar 17, 2026 8:19 AM","(-) Expense","25.00","Food","Cash","filter coffee"
"Mar 17, 2026 1:05 PM","(-) Expense","53.00","Food","Primary","idli"
"Mar 18, 2026 8:12 AM","(*) Transfer","261.00","-","Primary->Metro","metro card top-up"
"Mar 18, 2026 8:49 AM","(-) Expense","54.00","Transportation","Metro","metro"
"Mar 18, 2026 1:05 PM","(-) Expense","164.00","Food","Primary","thali"
"Mar 18, 2026 4:42 PM","(-) Expense","28.00","Food","Primary","egg puff"
"Mar 18, 2026 7:09 PM","(-) Expense","39.00","Transportation","Metro","metro"
"Mar 19, 2026 8:17 AM","(-) Expense","11.00","Food","Primary","cutting chai"
"Mar 19, 2026 8:47 AM","(-) Expense","39.00","Transportation","Metro","metro"
"Mar 19, 2026 1:06 PM","(-) Expense","47.00","Food","Primary","idli"
"Mar 19, 2026 4:43 PM","(-) Expense","15.00","Food","Cash","tea"
"Mar 19, 2026 7:09 PM","(-) Expense","49.00","Transportation","Metro","metro"
"Mar 19, 2026 9:00 PM","(-) Expense","132.50","Food","Primary","burger"
"Mar 20, 2026 8:18 AM","(-) Expense","12.00","Food","Cash","tea"
"Mar 20, 2026 8:52 AM","(-) Expense","36.00","Transportation","Metro","metro"
"Mar 20, 2026 1:06 PM","(-) Expense","104.00","Food","Primary","office cafeteria"
"Mar 20, 2026 4:37 PM","(-) Expense","47.00","Food","Primary","juice"
"Mar 20, 2026 5:46 PM","(*) Transfer","1394.00","-","Primary->Cash","atm cash"
"Mar 20, 2026 7:08 PM","(-) Expense","42.00","Transportation","Metro","metro"
"Mar 21, 2026 8:21 AM","(-) Expense","11.00","Food","Primary","tea"
"Mar 21, 2026 1:03 PM","(-) Expense","247.00","Food","Primary","biryani"
"Mar 21, 2026 4:38 PM","(-) Expense","26.00","Food","Cash","samosa"
"Mar 21, 2026 9:02 PM","(-) Expense","389.50","Food","Primary","weekend brunch"
"Mar 22, 2026 8:21 AM","(-) Expense","23.00","Food","Primary","filter coffee"
"Mar 22, 2026 1:04 PM","(-) Expense","213.00","Food","Primary","thali"
"Mar 22, 2026 9:00 PM","(-) Expense","223.00","Food","Primary","pizza"
"Mar 23, 2026 8:19 AM","(-) Expense","12.00","Food","Primary","cutting chai"
"Mar 23, 2026 8:51 AM","(-) Expense","41.50","Transportation","Primary","metro"
"Mar 23, 2026 1:03 PM","(-) Expense","110.00","Food","Primary","office cafeteria"
"Mar 23, 2026 7:11 PM","(-) Expense","44.00","Transportation","Primary","metro"
"Mar 24, 2026 7:03 AM","(-) Expense","360.00","Sport","Primary","badminton court"
"Mar 24, 2026 8:20 AM","(-) Expense","30.00","Food","Cash","filter coffee"
"Mar 24, 2026 8:49 AM","(-) Expense","29.00","Transportation","Primary","bus"
"Mar 24, 2026 1:02 PM","(-) Expense","125.50","Food","Primary","office cafeteria"
"Mar 24, 2026 4:00 PM","(-) Expense","180.00","Shopping","Primary","household item"
"Mar 24, 2026 4:42 PM","(-) Expense","82.00","Food","Primary","dosa"
"Mar 25, 2026 8:48 AM","(-) Expense","18.00","Transportation","Primary","bus"
"Mar 25, 2026 1:03 PM","(-) Expense","103.00","Food","Primary","thali"
"Mar 25, 2026 4:41 PM","(-) Expense","43.00","Food","Primary","juice"
"Mar 25, 2026 7:09 PM","(-) Expense","34.00","Transportation","Primary","bus"
"Mar 26, 2026 7:03 AM","(-) Expense","128.00","Sport","Primary","gym day pass"
"Mar 26, 2026 8:17 AM","(-) Expense","24.00","Food","Primary","filter coffee"
"Mar 26, 2026 8:47 AM","(-) Expense","26.00","Transportation","Primary","bus"
"Mar 26, 2026 1:07 PM","(-) Expense","104.00","Food","Primary","office cafeteria"
"Mar 26, 2026 4:02 PM","(-) Expense","1701.00","Shopping","Primary","earphones"
"Mar 26, 2026 4:40 PM","(-) Expense","78.00","Food","Primary","dosa"
"Mar 27, 2026 8:23 AM","(-) Expense","30.00","Food","Primary","filter coffee"
"Mar 27, 2026 8:49 AM","(-) Expense","27.00","Transportation","Primary","bus"
"Mar 27, 2026 1:02 PM","(-) Expense","68.50","Food","Primary","idli"
"Mar 27, 2026 4:43 PM","(-) Expense","28.00","Food","Primary","egg puff"
"Mar 27, 2026 7:10 PM","(-) Expense","15.00","Transportation","Primary","bus"
"Mar 28, 2026 7:00 AM","(-) Expense","141.00","Sport","Primary","gym day pass"
"Mar 28, 2026 8:21 AM","(-) Expense","13.00","Food","Cash","tea"
"Mar 28, 2026 4:37 PM","(-) Expense","34.00","Food","Primary","poha"
"Mar 28, 2026 6:18 PM","(-) Expense","255.00","Entertainment","Primary","movie"
"Mar 28, 2026 9:00 PM","(-) Expense","161.00","Food","Primary","biryani"
"Mar 29, 2026 8:22 AM","(-) Expense","11.00","Food","Primary","tea"
"Mar 29, 2026 11:26 AM","(-) Expense","172.50","Ration","Primary","fruits"
"Mar 29, 2026 11:30 AM","(-) Expense","111.00","Ration","Primary","milk and curd"
"Mar 29, 2026 1:03 PM","(-) Expense","125.00","Food","Primary","lunch"
"Mar 29, 2026 4:42 PM","(-) Expense","47.00","Food","Primary","idli"
"Mar 29, 2026 8:08 PM","(-) Expense","241.00","Social","Primary","team lunch share"
"Mar 30, 2026 8:17 AM","(-) Expense","12.00","Food","Primary","cutting chai"
"Mar 30, 2026 8:51 AM","(-) Expense","37.00","Transportation","Primary","metro"
"Mar 30, 2026 1:05 PM","(-) Expense","160.00","Food","Primary","thali"
"Mar 30, 2026 7:11 PM","(-) Expense","36.00","Transportation","Primary","metro"
"Mar 31, 2026 8:17 AM","(-) Expense","32.00","Food","Primary","filter coffee"
"Mar 31, 2026 8:53 AM","(-) Expense","39.00","Transportation","Metro","metro"
"Mar 31, 2026 1:02 PM","(-) Expense","89.00","Food","Primary","office cafeteria"
"Mar 31, 2026 4:38 PM","(-) Expense","22.00","Food","Cash","samosa"
"Apr 01, 2026 8:21 AM","(-) Expense","10.50","Food","Primary","cutting chai"
"Apr 01, 2026 8:52 AM","(-) Expense","50.50","Transportation","Primary","metro"
"Apr 01, 2026 9:18 AM","(+) Income","55987.20","Salary","Primary","monthly salary"
"Apr 01, 2026 9:42 AM","(*) Transfer","11237.00","-","Primary->Savings","monthly save"
"Apr 01, 2026 9:54 AM","(*) Transfer","3323.00","-","Savings->Emergency","emergency fund"
"Apr 01, 2026 1:05 PM","(-) Expense","110.00","Food","Primary","lunch"
"Apr 01, 2026 4:37 PM","(-) Expense","17.50","Food","Primary","biscuit"
"Apr 01, 2026 7:12 PM","(-) Expense","51.00","Transportation","Primary","metro"
"Apr 02, 2026 8:17 AM","(-) Expense","12.00","Food","Primary","tea"
"Apr 02, 2026 8:52 AM","(-) Expense","25.00","Transportation","Primary","bus"
"Apr 02, 2026 10:02 AM","(-) Expense","11936.00","Home","Primary","rent share"
"Apr 02, 2026 1:08 PM","(-) Expense","128.00","Food","Primary","thali"
"Apr 02, 2026 4:03 PM","(-) Expense","191.00","Shopping","Primary","stationery"
"Apr 02, 2026 7:09 PM","(-) Expense","29.00","Transportation","Primary","bus"
"Apr 03, 2026 8:12 AM","(*) Transfer","296.00","-","Primary->Metro","metro card top-up"
"Apr 03, 2026 8:53 AM","(-) Expense","34.00","Transportation","Metro","metro"
"Apr 03, 2026 1:02 PM","(-) Expense","125.00","Food","Primary","lunch"
"Apr 03, 2026 3:30 PM","(-) Expense","735.00","Health","Primary","doctor consult"
"Apr 03, 2026 7:13 PM","(-) Expense","46.00","Transportation","Metro","metro"
"Apr 04, 2026 8:20 AM","(-) Expense","13.00","Food","Primary","tea"
"Apr 04, 2026 11:19 AM","(-) Expense","225.00","Ration","Primary","chicken"
"Apr 04, 2026 11:35 AM","(-) Expense","86.00","Ration","Primary","milk and curd"
"Apr 04, 2026 1:08 PM","(-) Expense","401.00","Food","Primary","pizza"
"Apr 04, 2026 4:43 PM","(-) Expense","37.00","Food","Cash","poha"
"Apr 04, 2026 6:21 PM","(-) Expense","733.00","Entertainment","Primary","game purchase"
"Apr 04, 2026 9:00 PM","(-) Expense","424.00","Food","Primary","weekend brunch"
"Apr 05, 2026 11:18 AM","(-) Expense","610.00","Bills","Primary","wifi"
"Apr 06, 2026 8:18 AM","(-) Expense","25.00","Food","Primary","filter coffee"
"Apr 06, 2026 8:50 AM","(-) Expense","37.00","Transportation","Metro","metro"
"Apr 06, 2026 1:03 PM","(-) Expense","65.00","Food","Primary","dosa"
"Apr 07, 2026 7:02 AM","(-) Expense","279.00","Sport","Primary","badminton court"
"Apr 07, 2026 8:23 AM","(-) Expense","10.00","Food","Primary","tea"
"Apr 07, 2026 8:49 AM","(-) Expense","49.00","Transportation","Metro","metro"
"Apr 07, 2026 1:06 PM","(-) Expense","58.00","Food","Primary","dosa"
"Apr 07, 2026 7:13 PM","(-) Expense","50.00","Transportation","Metro","metro"
"Apr 07, 2026 9:00 PM","(-) Expense","196.00","Food","Primary","thali"
"Apr 08, 2026 8:19 AM","(-) Expense","11.00","Food","Primary","cutting chai"
"Apr 08, 2026 8:53 AM","(-) Expense","47.00","Transportation","Metro","metro"
"Apr 08, 2026 12:08 PM","(-) Expense","643.00","Bills","Primary","electricity"
"Apr 08, 2026 1:03 PM","(-) Expense","105.00","Food","Primary","office cafeteria"
"Apr 08, 2026 7:07 PM","(-) Expense","41.00","Transportation","Metro","metro"
"Apr 09, 2026 7:01 AM","(-) Expense","127.00","Sport","Primary","gym day pass"
"Apr 09, 2026 8:19 AM","(-) Expense","11.00","Food","Primary","cutting chai"
"Apr 09, 2026 8:53 AM","(-) Expense","51.00","Transportation","Metro","metro"
"Apr 09, 2026 1:04 PM","(-) Expense","85.00","Food","Primary","office cafeteria"
"Apr 09, 2026 4:39 PM","(-) Expense","25.00","Food","Primary","water bottle"
"Apr 09, 2026 7:08 PM","(-) Expense","53.00","Transportation","Metro","metro"
"Apr 10, 2026 8:17 AM","(-) Expense","12.00","Food","Cash","tea"
"Apr 10, 2026 8:47 AM","(-) Expense","31.00","Transportation","Primary","bus"
"Apr 10, 2026 1:07 PM","(-) Expense","87.00","Food","Primary","dosa"
"Apr 10, 2026 4:42 PM","(-) Expense","43.00","Food","Primary","fruit salad"
"Apr 10, 2026 7:10 PM","(-) Expense","26.00","Transportation","Primary","bus"
"Apr 11, 2026 7:00 AM","(-) Expense","305.50","Sport","Primary","badminton court"
"Apr 11, 2026 8:21 AM","(-) Expense","11.00","Food","Primary","cutting chai"
"Apr 11, 2026 11:04 AM","(-) Expense","103.00","Ration","Primary","milk and curd"
"Apr 11, 2026 11:19 AM","(-) Expense","292.00","Ration","Primary","rice and dal"
"Apr 11, 2026 1:03 PM","(-) Expense","216.00","Food","Primary","thali"
"Apr 11, 2026 6:19 PM","(-) Expense","360.50","Entertainment","Primary","cafe hangout"
"Apr 11, 2026 8:09 PM","(-) Expense","358.00","Social","Primary","team lunch share"
"Apr 12, 2026 8:21 AM","(-) Expense","11.00","Food","Primary","tea"
"Apr 12, 2026 11:03 AM","(-) Expense","94.50","Ration","Primary","milk and curd"
"Apr 12, 2026 11:06 AM","(-) Expense","346.50","Ration","Primary","chicken"
"Apr 12, 2026 11:23 AM","(-) Expense","80.00","Ration","Primary","milk and curd"
"Apr 12, 2026 11:32 AM","(-) Expense","52.00","Ration","Primary","bread and butter"
"Apr 12, 2026 4:00 PM","(-) Expense","546.00","Shopping","Primary","t-shirt"
"Apr 12, 2026 6:29 PM","(-) Expense","358.00","Telephone","Primary","prepaid top-up"
"Apr 12, 2026 9:00 PM","(-) Expense","186.00","Food","Primary","biryani"
"Apr 13, 2026 8:19 AM","(-) Expense","11.00","Food","Primary","tea"
"Apr 13, 2026 8:50 AM","(-) Expense","22.00","Transportation","Primary","bus"
"Apr 13, 2026 1:05 PM","(-) Expense","155.50","Food","Primary","thali"
"Apr 13, 2026 7:09 PM","(-) Expense","35.00","Transportation","Primary","bus"
"Apr 14, 2026 7:00 AM","(-) Expense","185.00","Sport","Primary","gym day pass"
"Apr 14, 2026 8:17 AM","(-) Expense","11.50","Food","Cash","cutting chai"
"Apr 14, 2026 8:48 AM","(-) Expense","44.50","Transportation","Metro","metro"
"Apr 14, 2026 1:08 PM","(-) Expense","101.00","Food","Primary","office cafeteria"
"Apr 14, 2026 7:07 PM","(-) Expense","37.00","Transportation","Metro","metro"
"Apr 15, 2026 8:21 AM","(-) Expense","12.00","Food","Primary","cutting chai"
"Apr 15, 2026 8:49 AM","(-) Expense","27.00","Transportation","Primary","bus"
"Apr 15, 2026 1:07 PM","(-) Expense","93.00","Food","Primary","office cafeteria"
"Apr 15, 2026 4:37 PM","(-) Expense","24.00","Food","Cash","biscuit"
"Apr 15, 2026 7:08 PM","(-) Expense","24.50","Transportation","Primary","bus"
"Apr 15, 2026 8:03 PM","(*) Transfer","3310.00","-","Primary->Credit","credit card payment"
"Apr 16, 2026 8:19 AM","(-) Expense","14.00","Food","Cash","tea"
"Apr 16, 2026 8:48 AM","(-) Expense","46.00","Transportation","Primary","metro"
"Apr 16, 2026 9:00 PM","(-) Expense","173.00","Food","Primary","biryani"
"Apr 17, 2026 8:53 AM","(-) Expense","41.00","Transportation","Metro","metro"
"Apr 17, 2026 1:08 PM","(-) Expense","71.00","Food","Primary","dosa"
"Apr 17, 2026 7:09 PM","(-) Expense","55.00","Transportation","Metro","metro"
"Apr 18, 2026 8:19 AM","(-) Expense","11.00","Food","Primary","tea"
"Apr 18, 2026 1:03 PM","(-) Expense","163.00","Food","Primary","lunch"
"Apr 18, 2026 9:00 PM","(-) Expense","189.00","Food","Primary","thali"
"Apr 19, 2026 1:06 PM","(-) Expense","568.00","Food","Primary","outside dinner"
"Apr 19, 2026 4:40 PM","(-) Expense","100.00","Food","Primary","ice cream"
"Apr 19, 2026 8:10 PM","(-) Expense","312.00","Social","Primary","team lunch share"
"Apr 19, 2026 9:00 PM","(-) Expense","580.00","Food","Primary","outside dinner"
"Apr 20, 2026 8:18 AM","(-) Expense","21.00","Food","Primary","filter coffee"
"Apr 20, 2026 8:47 AM","(-) Expense","48.00","Transportation","Metro","metro"
"Apr 20, 2026 1:07 PM","(-) Expense","42.00","Food","Primary","idli"
"Apr 20, 2026 4:42 PM","(-) Expense","40.00","Food","Cash","ice cream"
"Apr 20, 2026 5:42 PM","(*) Transfer","1548.00","-","Primary->Cash","atm cash"
"Apr 20, 2026 7:12 PM","(-) Expense","32.00","Transportation","Metro","metro"
"Apr 21, 2026 8:20 AM","(-) Expense","31.00","Food","Primary","filter coffee"
"Apr 21, 2026 8:47 AM","(-) Expense","50.50","Transportation","Metro","metro"
"Apr 21, 2026 1:04 PM","(-) Expense","160.00","Food","Primary","thali"
"Apr 21, 2026 4:39 PM","(-) Expense","32.00","Food","Primary","idli"
"Apr 21, 2026 7:11 PM","(-) Expense","50.00","Transportation","Metro","metro"
"Apr 22, 2026 8:20 AM","(-) Expense","12.00","Food","Cash","tea"
"Apr 22, 2026 8:48 AM","(-) Expense","23.00","Transportation","Primary","bus"
"Apr 22, 2026 1:05 PM","(-) Expense","123.00","Food","Primary","office cafeteria"
"Apr 22, 2026 4:38 PM","(-) Expense","21.50","Food","Primary","samosa"
"Apr 22, 2026 7:13 PM","(-) Expense","22.00","Transportation","Primary","bus"
"Apr 23, 2026 7:00 AM","(-) Expense","70.00","Sport","Primary","sports drink"
"Apr 23, 2026 8:21 AM","(-) Expense","10.00","Food","Cash","cutting chai"
"Apr 23, 2026 8:52 AM","(-) Expense","54.50","Transportation","Primary","metro"
"Apr 23, 2026 1:03 PM","(-) Expense","176.00","Food","Primary","thali"
"Apr 23, 2026 7:13 PM","(-) Expense","46.00","Transportation","Primary","metro"
"Apr 24, 2026 8:18 AM","(-) Expense","12.00","Food","Primary","cutting chai"
"Apr 24, 2026 8:53 AM","(-) Expense","34.50","Transportation","Primary","bus"
"Apr 24, 2026 1:08 PM","(-) Expense","50.50","Food","Primary","dosa"
"Apr 24, 2026 4:42 PM","(-) Expense","32.00","Food","Cash","idli"
"Apr 24, 2026 7:07 PM","(-) Expense","15.50","Transportation","Primary","bus"
"Apr 24, 2026 9:00 PM","(-) Expense","111.00","Food","Primary","dinner"
"Apr 25, 2026 7:02 AM","(-) Expense","299.00","Sport","Primary","badminton court"
"Apr 25, 2026 8:18 AM","(-) Expense","10.00","Food","Primary","cutting chai"
"Apr 25, 2026 1:08 PM","(-) Expense","479.00","Food","Primary","weekend brunch"
"Apr 25, 2026 3:32 PM","(-) Expense","174.00","Health","Primary","pharmacy"
"Apr 25, 2026 6:18 PM","(-) Expense","424.00","Entertainment","Primary","game purchase"
"Apr 25, 2026 8:13 PM","(-) Expense","212.50","Social","Primary","friend birthday gift"
"Apr 26, 2026 8:18 AM","(-) Expense","13.00","Food","Primary","tea"
"Apr 26, 2026 1:03 PM","(-) Expense","414.00","Food","Primary","weekend brunch"
"Apr 26, 2026 9:03 PM","(-) Expense","605.50","Food","Primary","outside dinner"
"Apr 27, 2026 8:17 AM","(-) Expense","22.00","Food","Primary","filter coffee"
"Apr 27, 2026 8:48 AM","(-) Expense","52.00","Transportation","Primary","metro"
"Apr 27, 2026 1:02 PM","(-) Expense","147.00","Food","Primary","thali"
"Apr 27, 2026 7:07 PM","(-) Expense","46.00","Transportation","Primary","metro"
"Apr 28, 2026 7:01 AM","(-) Expense","68.00","Sport","Primary","swimming"
"Apr 28, 2026 8:21 AM","(-) Expense","11.50","Food","Cash","cutting chai"
"Apr 28, 2026 8:52 AM","(-) Expense","50.00","Transportation","Metro","metro"
"Apr 28, 2026 1:08 PM","(-) Expense","159.00","Food","Primary","lunch"
"Apr 28, 2026 4:42 PM","(-) Expense","56.00","Food","Cash","dosa"
"Apr 28, 2026 7:09 PM","(-) Expense","43.00","Transportation","Metro","metro"
"Apr 29, 2026 8:22 AM","(-) Expense","10.00","Food","Primary","tea"
"Apr 29, 2026 8:47 AM","(-) Expense","54.00","Transportation","Metro","metro"
"Apr 29, 2026 1:04 PM","(-) Expense","175.00","Food","Primary","thali"
"Apr 29, 2026 4:42 PM","(-) Expense","34.00","Food","Primary","egg puff"
"Apr 29, 2026 7:09 PM","(-) Expense","54.50","Transportation","Metro","metro"
"Apr 30, 2026 7:02 AM","(-) Expense","199.00","Sport","Primary","gym day pass"
"Apr 30, 2026 8:50 AM","(-) Expense","49.00","Transportation","Primary","metro"
"Apr 30, 2026 1:02 PM","(-) Expense","143.00","Food","Primary","lunch"
"Apr 30, 2026 4:39 PM","(-) Expense","40.00","Food","Cash","poha"
"Apr 30, 2026 7:09 PM","(-) Expense","30.50","Transportation","Primary","metro"
"May 01, 2026 8:20 AM","(-) Expense","10.00","Food","Primary","cutting chai"
"May 01, 2026 9:14 AM","(+) Income","55987.20","Salary","Primary","monthly salary"
"May 01, 2026 9:37 AM","(*) Transfer","13766.00","-","Primary->Savings","monthly save"
"May 01, 2026 1:08 PM","(-) Expense","40.00","Food","Primary","idli"
"May 01, 2026 4:37 PM","(-) Expense","68.00","Food","Cash","fruit salad"
"May 02, 2026 7:00 AM","(-) Expense","90.00","Sport","Primary","swimming"
"May 02, 2026 8:18 AM","(-) Expense","11.00","Food","Cash","cutting chai"
"May 02, 2026 10:05 AM","(-) Expense","11643.00","Home","Primary","rent share"
"May 02, 2026 11:00 AM","(-) Expense","828.00","Ration","Primary","grocery restock"
"May 02, 2026 11:00 AM","(-) Expense","328.00","Ration","Primary","rice and dal"
"May 02, 2026 11:13 AM","(-) Expense","60.00","Ration","Primary","bread and butter"
"May 02, 2026 11:27 AM","(-) Expense","125.00","Ration","Primary","fruits"
"May 02, 2026 3:28 PM","(-) Expense","471.00","Health","Primary","vitamins"
"May 02, 2026 4:43 PM","(-) Expense","27.00","Food","Primary","filter coffee"
"May 02, 2026 6:19 PM","(-) Expense","298.50","Entertainment","Primary","cafe hangout"
"May 03, 2026 6:23 PM","(-) Expense","284.00","Entertainment","Primary","movie"
"May 03, 2026 8:12 PM","(-) Expense","283.00","Social","Primary","friend birthday gift"
"May 03, 2026 9:00 PM","(-) Expense","111.50","Food","Primary","burger"
"May 04, 2026 8:18 AM","(-) Expense","11.00","Food","Primary","cutting chai"
"May 04, 2026 1:07 PM","(-) Expense","115.00","Food","Primary","office cafeteria"
"May 05, 2026 7:00 AM","(-) Expense","69.00","Sport","Primary","swimming"
"May 05, 2026 8:17 AM","(-) Expense","28.00","Food","Primary","filter coffee"
"May 05, 2026 8:53 AM","(-) Expense","55.00","Transportation","Metro","metro"
"May 05, 2026 11:21 AM","(-) Expense","714.00","Bills","Primary","wifi"
"May 05, 2026 1:07 PM","(-) Expense","108.00","Food","Primary","office cafeteria"
"May 05, 2026 4:43 PM","(-) Expense","24.00","Food","Primary","samosa"
"May 06, 2026 8:47 AM","(-) Expense","59.00","Transportation","Metro","metro"
"May 06, 2026 1:08 PM","(-) Expense","46.00","Food","Primary","idli"
"May 06, 2026 7:10 PM","(-) Expense","54.00","Transportation","Metro","metro"
"May 07, 2026 8:21 AM","(-) Expense","24.00","Food","Primary","filter coffee"
"May 07, 2026 8:47 AM","(-) Expense","40.00","Transportation","Metro","metro"
"May 07, 2026 1:04 PM","(-) Expense","64.00","Food","Primary","idli"
"May 07, 2026 4:38 PM","(-) Expense","22.00","Food","Primary","biscuit"
"May 07, 2026 7:08 PM","(-) Expense","40.00","Transportation","Metro","metro"
"May 08, 2026 8:47 AM","(-) Expense","55.00","Transportation","Metro","metro"
"May 08, 2026 12:08 PM","(-) Expense","1288.00","Bills","Primary","electricity"
"May 08, 2026 1:05 PM","(-) Expense","102.00","Food","Primary","thali"
"May 08, 2026 4:39 PM","(-) Expense","11.50","Food","Cash","cutting chai"
"May 08, 2026 7:11 PM","(-) Expense","57.00","Transportation","Metro","metro"
"May 09, 2026 7:01 AM","(-) Expense","283.00","Sport","Primary","badminton court"
"May 09, 2026 8:19 AM","(-) Expense","10.00","Food","Primary","cutting chai"
"May 09, 2026 11:11 AM","(-) Expense","103.50","Ration","Primary","milk and curd"
"May 09, 2026 11:20 AM","(-) Expense","764.00","Ration","Primary","grocery restock"
"May 09, 2026 11:30 AM","(-) Expense","65.00","Ration","Primary","eggs pack"
"May 09, 2026 11:38 AM","(-) Expense","181.00","Ration","Primary","fruits"
"May 09, 2026 1:04 PM","(-) Expense","679.00","Food","Primary","outside dinner"
"May 09, 2026 4:01 PM","(-) Expense","882.00","Shopping","Primary","t-shirt"
"May 09, 2026 4:39 PM","(-) Expense","12.50","Food","Primary","biscuit"
"May 10, 2026 8:19 AM","(-) Expense","15.00","Food","Primary","tea"
"May 10, 2026 4:37 PM","(-) Expense","32.00","Food","Cash","idli"
"May 10, 2026 9:00 PM","(-) Expense","155.00","Food","Primary","thali"
"May 11, 2026 8:50 AM","(-) Expense","55.50","Transportation","Primary","metro"
"May 11, 2026 1:03 PM","(-) Expense","173.00","Food","Primary","thali"
"May 11, 2026 7:13 PM","(-) Expense","45.00","Transportation","Primary","metro"
"May 12, 2026 7:00 AM","(-) Expense","118.00","Sport","Primary","gym day pass"
"May 12, 2026 8:17 AM","(-) Expense","12.50","Food","Cash","tea"
"May 12, 2026 8:52 AM","(-) Expense","36.50","Transportation","Primary","metro"
"May 12, 2026 1:03 PM","(-) Expense","170.00","Food","Primary","thali"
"May 12, 2026 6:28 PM","(-) Expense","215.00","Telephone","Primary","prepaid top-up"
"May 12, 2026 7:11 PM","(-) Expense","47.00","Transportation","Primary","metro"
"May 13, 2026 8:23 AM","(-) Expense","14.00","Food","Primary","tea"
"May 13, 2026 1:04 PM","(-) Expense","126.50","Food","Primary","office cafeteria"
"May 13, 2026 3:00 PM","(+) Income","1050.00","Sale","Primary","sold old gadgets"
"May 13, 2026 4:43 PM","(-) Expense","11.00","Food","Primary","tea"
"May 14, 2026 7:00 AM","(-) Expense","45.00","Sport","Primary","sports drink"
"May 14, 2026 8:23 AM","(-) Expense","10.50","Food","Primary","cutting chai"
"May 14, 2026 8:49 AM","(-) Expense","19.00","Transportation","Primary","bus"
"May 14, 2026 12:01 PM","(+) Income","177.00","Refunds","Primary","cashback"
"May 14, 2026 1:02 PM","(-) Expense","119.00","Food","Primary","office cafeteria"
"May 14, 2026 4:00 PM","(-) Expense","407.00","Shopping","Primary","t-shirt"
"May 14, 2026 7:09 PM","(-) Expense","26.50","Transportation","Primary","bus"
"May 15, 2026 8:17 AM","(-) Expense","12.00","Food","Primary","tea"
"May 15, 2026 8:52 AM","(-) Expense","56.00","Transportation","Metro","metro"
"May 15, 2026 1:04 PM","(-) Expense","107.00","Food","Primary","lunch"
"May 15, 2026 7:09 PM","(-) Expense","59.00","Transportation","Metro","metro"
"May 15, 2026 8:03 PM","(*) Transfer","8728.50","-","Primary->Credit","credit card payment"
"May 16, 2026 7:03 AM","(-) Expense","107.00","Sport","Primary","swimming"
"May 16, 2026 8:19 AM","(-) Expense","12.00","Food","Primary","cutting chai"
"May 16, 2026 1:07 PM","(-) Expense","108.50","Food","Primary","office cafeteria"
"May 16, 2026 4:42 PM","(-) Expense","15.00","Food","Primary","tea"
"May 16, 2026 9:00 PM","(-) Expense","146.00","Food","Primary","burger"
"May 17, 2026 8:21 AM","(-) Expense","11.50","Food","Primary","cutting chai"
"May 17, 2026 11:00 AM","(-) Expense","884.00","Ration","Primary","grocery restock"
"May 17, 2026 11:06 AM","(-) Expense","68.00","Ration","Primary","bread and butter"
"May 17, 2026 11:07 AM","(-) Expense","385.00","Ration","Primary","rice and dal"
"May 17, 2026 11:14 AM","(-) Expense","109.00","Ration","Primary","eggs pack"
"May 17, 2026 11:35 AM","(-) Expense","846.00","Ration","Primary","grocery restock"
"May 17, 2026 1:06 PM","(-) Expense","279.00","Food","Primary","pizza"
"May 17, 2026 4:37 PM","(-) Expense","42.00","Food","Primary","fruit salad"
"May 17, 2026 6:17 PM","(-) Expense","223.00","Entertainment","Primary","cafe hangout"
"May 18, 2026 8:12 AM","(*) Transfer","471.00","-","Primary->Metro","metro card top-up"
"May 18, 2026 8:22 AM","(-) Expense","11.00","Food","Primary","tea"
"May 18, 2026 1:03 PM","(-) Expense","109.00","Food","Primary","lunch"
"May 19, 2026 7:00 AM","(-) Expense","66.00","Sport","Primary","sports drink"
"May 19, 2026 8:18 AM","(-) Expense","14.00","Food","Primary","tea"
"May 19, 2026 8:47 AM","(-) Expense","15.00","Transportation","Primary","bus"
"May 19, 2026 1:03 PM","(-) Expense","66.00","Food","Primary","dosa"
"May 19, 2026 7:07 PM","(-) Expense","33.00","Transportation","Primary","bus"
"May 19, 2026 9:00 PM","(-) Expense","75.00","Food","Primary","office cafeteria"
"May 20, 2026 8:47 AM","(-) Expense","42.50","Transportation","Metro","metro"
"May 20, 2026 1:08 PM","(-) Expense","102.00","Food","Primary","lunch"
"May 20, 2026 5:48 PM","(*) Transfer","2440.00","-","Primary->Cash","atm cash"
"May 20, 2026 7:09 PM","(-) Expense","50.00","Transportation","Metro","metro"
"May 21, 2026 7:00 AM","(-) Expense","298.00","Sport","Primary","badminton court"
"May 21, 2026 8:22 AM","(-) Expense","27.00","Food","Cash","filter coffee"
"May 21, 2026 8:50 AM","(-) Expense","29.00","Transportation","Primary","bus"
"May 21, 2026 1:05 PM","(-) Expense","44.00","Food","Primary","idli"
"May 21, 2026 7:12 PM","(-) Expense","21.50","Transportation","Primary","bus"
"May 22, 2026 8:17 AM","(-) Expense","11.00","Food","Primary","cutting chai"
"May 22, 2026 8:53 AM","(-) Expense","56.00","Transportation","Primary","metro"
"May 22, 2026 1:07 PM","(-) Expense","65.00","Food","Primary","idli"
"May 22, 2026 3:31 PM","(-) Expense","277.50","Health","Primary","vitamins"
"May 22, 2026 7:08 PM","(-) Expense","42.00","Transportation","Primary","metro"
"May 23, 2026 7:00 AM","(-) Expense","77.00","Sport","Primary","sports drink"
"May 23, 2026 8:20 AM","(-) Expense","26.00","Food","Primary","filter coffee"
"May 23, 2026 1:06 PM","(-) Expense","76.00","Food","Primary","office cafeteria"
"May 24, 2026 8:21 AM","(-) Expense","30.00","Food","Cash","filter coffee"
"May 24, 2026 11:16 AM","(-) Expense","663.00","Ration","Primary","grocery restock"
"May 24, 2026 11:22 AM","(-) Expense","770.00","Ration","Primary","grocery restock"
"May 24, 2026 11:24 AM","(-) Expense","345.00","Ration","Primary","weekly veggies"
"May 24, 2026 11:27 AM","(-) Expense","221.00","Ration","Primary","weekly veggies"
"May 24, 2026 11:38 AM","(-) Expense","85.00","Ration","Primary","eggs pack"
"May 24, 2026 4:39 PM","(-) Expense","63.00","Food","Cash","dosa"
"May 24, 2026 6:20 PM","(-) Expense","400.00","Entertainment","Primary","movie"
"May 25, 2026 8:21 AM","(-) Expense","12.00","Food","Cash","cutting chai"
"May 25, 2026 8:47 AM","(-) Expense","50.00","Transportation","Metro","metro"
"May 25, 2026 1:05 PM","(-) Expense","63.00","Food","Primary","dosa"
"May 25, 2026 4:41 PM","(-) Expense","11.00","Food","Cash","cutting chai"
"May 25, 2026 7:10 PM","(-) Expense","39.00","Transportation","Metro","metro"
"May 26, 2026 7:00 AM","(-) Expense","144.00","Sport","Primary","swimming"
"May 26, 2026 8:21 AM","(-) Expense","11.00","Food","Cash","cutting chai"
"May 26, 2026 8:49 AM","(-) Expense","34.50","Transportation","Primary","bus"
"May 26, 2026 1:07 PM","(-) Expense","129.00","Food","Primary","office cafeteria"
"May 26, 2026 4:41 PM","(-) Expense","54.00","Food","Primary","fruit salad"
"May 27, 2026 8:19 AM","(-) Expense","30.00","Food","Primary","filter coffee"
"May 27, 2026 1:08 PM","(-) Expense","66.50","Food","Primary","idli"
"May 27, 2026 4:41 PM","(-) Expense","84.50","Food","Primary","dosa"
"May 28, 2026 7:02 AM","(-) Expense","127.00","Sport","Primary","gym day pass"
"May 28, 2026 8:21 AM","(-) Expense","31.00","Food","Primary","filter coffee"
"May 28, 2026 1:08 PM","(-) Expense","71.00","Food","Primary","office cafeteria"
"May 28, 2026 9:00 PM","(-) Expense","216.50","Food","Primary","dinner"
"May 29, 2026 8:18 AM","(-) Expense","29.00","Food","Primary","filter coffee"
"May 29, 2026 8:51 AM","(-) Expense","43.00","Transportation","Metro","metro"
"May 29, 2026 1:02 PM","(-) Expense","119.00","Food","Primary","thali"
"May 29, 2026 4:41 PM","(-) Expense","100.50","Food","Cash","ice cream"
"May 29, 2026 7:08 PM","(-) Expense","46.00","Transportation","Metro","metro"
"May 30, 2026 7:00 AM","(-) Expense","118.00","Sport","Primary","swimming"
"May 30, 2026 8:22 AM","(-) Expense","11.50","Food","Primary","cutting chai"
"May 30, 2026 1:02 PM","(-) Expense","285.00","Food","Primary","weekend brunch"
"May 30, 2026 4:38 PM","(-) Expense","43.50","Food","Cash","fruit salad"
"May 30, 2026 6:23 PM","(-) Expense","2279.00","Entertainment","Primary","concert ticket"
"May 31, 2026 8:17 AM","(-) Expense","24.50","Food","Primary","filter coffee"
"May 31, 2026 1:05 PM","(-) Expense","123.00","Food","Primary","burger"
"Jun 01, 2026 8:20 AM","(-) Expense","11.00","Food","Primary","tea"
"Jun 01, 2026 8:49 AM","(-) Expense","50.00","Transportation","Metro","metro"
"Jun 01, 2026 9:12 AM","(+) Income","55987.20","Salary","Primary","monthly salary"
"Jun 01, 2026 9:43 AM","(*) Transfer","9454.00","-","Primary->Savings","monthly save"
"Jun 01, 2026 1:08 PM","(-) Expense","90.50","Food","Primary","lunch"
"Jun 01, 2026 7:10 PM","(-) Expense","44.00","Transportation","Metro","metro"
"Jun 01, 2026 9:02 PM","(-) Expense","180.00","Food","Primary","thali"
"Jun 02, 2026 7:02 AM","(-) Expense","128.00","Sport","Primary","swimming"
"Jun 02, 2026 8:18 AM","(-) Expense","35.00","Food","Primary","filter coffee"
"Jun 02, 2026 10:04 AM","(-) Expense","12005.00","Home","Primary","rent share"
"Jun 02, 2026 1:06 PM","(-) Expense","107.00","Food","Primary","thali"
"Jun 02, 2026 4:38 PM","(-) Expense","21.00","Food","Cash","samosa"
"Jun 03, 2026 8:10 AM","(*) Transfer","389.00","-","Primary->Metro","metro card top-up"
"Jun 03, 2026 8:49 AM","(-) Expense","43.00","Transportation","Metro","metro"
"Jun 03, 2026 1:07 PM","(-) Expense","139.00","Food","Primary","thali"
"Jun 03, 2026 7:11 PM","(-) Expense","58.00","Transportation","Metro","metro"
"Jun 03, 2026 9:00 PM","(-) Expense","210.00","Food","Primary","pizza"
"Jun 04, 2026 8:19 AM","(-) Expense","24.00","Food","Primary","filter coffee"
"Jun 04, 2026 8:48 AM","(-) Expense","26.00","Transportation","Primary","bus"
"Jun 04, 2026 1:03 PM","(-) Expense","81.00","Food","Primary","office cafeteria"
"Jun 04, 2026 4:43 PM","(-) Expense","59.00","Food","Primary","juice"
"Jun 04, 2026 7:07 PM","(-) Expense","20.00","Transportation","Primary","bus"
"Jun 05, 2026 8:23 AM","(-) Expense","11.50","Food","Primary","cutting chai"
"Jun 05, 2026 8:52 AM","(-) Expense","56.00","Transportation","Metro","metro"
"Jun 05, 2026 11:19 AM","(-) Expense","791.00","Bills","Primary","wifi"
"Jun 05, 2026 1:07 PM","(-) Expense","83.00","Food","Primary","office cafeteria"
"Jun 05, 2026 4:43 PM","(-) Expense","16.00","Food","Cash","biscuit"
"Jun 05, 2026 7:09 PM","(-) Expense","56.00","Transportation","Metro","metro"
"Jun 05, 2026 9:01 PM","(-) Expense","96.00","Food","Primary","lunch"
"Jun 06, 2026 7:03 AM","(-) Expense","99.00","Sport","Primary","swimming"
"Jun 06, 2026 8:20 AM","(-) Expense","11.00","Food","Cash","cutting chai"
"Jun 06, 2026 11:00 AM","(-) Expense","166.00","Ration","Primary","fruits"
"Jun 06, 2026 11:02 AM","(-) Expense","107.00","Ration","Primary","milk and curd"
"Jun 06, 2026 11:21 AM","(-) Expense","70.00","Ration","Primary","eggs pack"
"Jun 06, 2026 1:05 PM","(-) Expense","146.00","Food","Primary","dinner"
"Jun 07, 2026 8:21 AM","(-) Expense","11.00","Food","Cash","cutting chai"
"Jun 07, 2026 1:08 PM","(-) Expense","215.00","Food","Primary","biryani"
"Jun 07, 2026 3:28 PM","(-) Expense","355.00","Health","Primary","vitamins"
"Jun 07, 2026 6:22 PM","(-) Expense","973.00","Entertainment","Primary","game purchase"
"Jun 07, 2026 9:01 PM","(-) Expense","289.00","Food","Primary","weekend brunch"
"Jun 08, 2026 8:21 AM","(-) Expense","14.00","Food","Primary","tea"
"Jun 08, 2026 8:52 AM","(-) Expense","50.00","Transportation","Metro","metro"
"Jun 08, 2026 12:09 PM","(-) Expense","1230.00","Bills","Primary","electricity"
"Jun 08, 2026 1:07 PM","(-) Expense","56.50","Food","Primary","dosa"
"Jun 08, 2026 7:09 PM","(-) Expense","48.00","Transportation","Metro","metro"
"Jun 09, 2026 8:19 AM","(-) Expense","13.00","Food","Primary","tea"
"Jun 09, 2026 8:53 AM","(-) Expense","43.00","Transportation","Primary","metro"
"Jun 09, 2026 1:06 PM","(-) Expense","69.00","Food","Primary","idli"
"Jun 09, 2026 4:37 PM","(-) Expense","26.00","Food","Primary","samosa"
"Jun 09, 2026 7:10 PM","(-) Expense","49.00","Transportation","Primary","metro"
"Jun 10, 2026 8:18 AM","(-) Expense","11.00","Food","Primary","cutting chai"
"Jun 10, 2026 8:47 AM","(-) Expense","40.00","Transportation","Metro","metro"
"Jun 10, 2026 1:05 PM","(-) Expense","128.00","Food","Primary","office cafeteria"
"Jun 10, 2026 7:10 PM","(-) Expense","44.50","Transportation","Metro","metro"
"Jun 11, 2026 7:03 AM","(-) Expense","111.00","Sport","Primary","gym day pass"
"Jun 11, 2026 8:19 AM","(-) Expense","11.00","Food","Primary","tea"
"Jun 11, 2026 8:48 AM","(-) Expense","44.50","Transportation","Metro","metro"
"Jun 11, 2026 1:04 PM","(-) Expense","141.00","Food","Primary","lunch"
"Jun 11, 2026 4:40 PM","(-) Expense","10.00","Food","Primary","cutting chai"
"Jun 11, 2026 7:13 PM","(-) Expense","48.00","Transportation","Metro","metro"
"Jun 12, 2026 8:21 AM","(-) Expense","11.50","Food","Cash","cutting chai"
"Jun 12, 2026 8:50 AM","(-) Expense","32.50","Transportation","Primary","bus"
"Jun 12, 2026 1:04 PM","(-) Expense","121.00","Food","Primary","office cafeteria"
"Jun 12, 2026 4:43 PM","(-) Expense","37.50","Food","Primary","vada pav"
"Jun 12, 2026 6:31 PM","(-) Expense","338.00","Telephone","Primary","prepaid top-up"
"Jun 13, 2026 11:36 AM","(-) Expense","229.00","Ration","Primary","weekly veggies"
"Jun 13, 2026 11:37 AM","(-) Expense","337.50","Ration","Primary","weekly veggies"
"Jun 13, 2026 1:02 PM","(-) Expense","283.00","Food","Primary","weekend brunch"
"Jun 13, 2026 3:33 PM","(-) Expense","380.00","Health","Primary","vitamins"
"Jun 13, 2026 8:08 PM","(-) Expense","178.00","Social","Primary","team lunch share"
"Jun 14, 2026 8:18 AM","(-) Expense","30.00","Food","Cash","filter coffee"
"Jun 14, 2026 1:02 PM","(-) Expense","77.00","Food","Primary","office cafeteria"
"Jun 14, 2026 4:38 PM","(-) Expense","23.00","Food","Cash","samosa"
"Jun 14, 2026 6:20 PM","(-) Expense","311.00","Entertainment","Primary","movie"
"Jun 15, 2026 8:20 AM","(-) Expense","26.50","Food","Primary","filter coffee"
"Jun 15, 2026 8:49 AM","(-) Expense","32.00","Transportation","Metro","metro"
"Jun 15, 2026 1:04 PM","(-) Expense","156.00","Food","Primary","lunch"
"Jun 15, 2026 5:01 PM","(-) Expense","1936.00","Clothing","Primary","shoes"
"Jun 15, 2026 8:04 PM","(*) Transfer","3575.00","-","Primary->Credit","credit card payment"
"Jun 15, 2026 9:00 PM","(-) Expense","612.00","Food","Primary","outside dinner"
"Jun 16, 2026 7:00 AM","(-) Expense","77.00","Sport","Primary","sports drink"
"Jun 16, 2026 8:20 AM","(-) Expense","11.00","Food","Primary","cutting chai"
"Jun 16, 2026 8:47 AM","(-) Expense","53.00","Transportation","Primary","metro"
"Jun 16, 2026 1:07 PM","(-) Expense","172.00","Food","Primary","thali"
"Jun 16, 2026 4:00 PM","(-) Expense","405.00","Shopping","Primary","t-shirt"
"Jun 16, 2026 7:13 PM","(-) Expense","41.00","Transportation","Primary","metro"
"Jun 17, 2026 8:21 AM","(-) Expense","11.00","Food","Cash","cutting chai"
"Jun 17, 2026 8:47 AM","(-) Expense","32.00","Transportation","Metro","metro"
"Jun 17, 2026 1:05 PM","(-) Expense","84.00","Food","Primary","lunch"
"Jun 17, 2026 4:43 PM","(-) Expense","58.00","Food","Primary","fruit salad"
"Jun 17, 2026 7:09 PM","(-) Expense","51.00","Transportation","Metro","metro"
"Jun 18, 2026 7:00 AM","(-) Expense","142.00","Sport","Primary","gym day pass"
"Jun 18, 2026 8:12 AM","(*) Transfer","381.00","-","Primary->Metro","metro card top-up"
"Jun 18, 2026 8:18 AM","(-) Expense","11.00","Food","Cash","cutting chai"
"Jun 18, 2026 8:47 AM","(-) Expense","55.00","Transportation","Primary","metro"
"Jun 18, 2026 1:05 PM","(-) Expense","52.00","Food","Primary","idli"
"Jun 18, 2026 7:09 PM","(-) Expense","47.00","Transportation","Primary","metro"
"Jun 18, 2026 9:02 PM","(-) Expense","83.00","Food","Primary","burger"
"Jun 19, 2026 8:19 AM","(-) Expense","34.00","Food","Primary","filter coffee"
"Jun 19, 2026 8:52 AM","(-) Expense","33.50","Transportation","Metro","metro"
"Jun 19, 2026 1:06 PM","(-) Expense","86.00","Food","Primary","office cafeteria"
"Jun 19, 2026 4:39 PM","(-) Expense","34.00","Food","Primary","vada pav"
"Jun 19, 2026 7:07 PM","(-) Expense","45.00","Transportation","Metro","metro"
"Jun 20, 2026 7:01 AM","(-) Expense","106.00","Sport","Primary","swimming"
"Jun 20, 2026 8:21 AM","(-) Expense","11.00","Food","Cash","cutting chai"
"Jun 20, 2026 5:42 PM","(*) Transfer","1327.00","-","Primary->Cash","atm cash"
"Jun 20, 2026 9:00 PM","(-) Expense","133.00","Food","Primary","burger"
"Jun 21, 2026 8:19 AM","(-) Expense","15.00","Food","Primary","tea"
"Jun 21, 2026 8:10 PM","(-) Expense","454.00","Social","Primary","friend birthday gift"
"Jun 22, 2026 8:23 AM","(-) Expense","26.00","Food","Cash","filter coffee"
"Jun 22, 2026 8:48 AM","(-) Expense","58.00","Transportation","Metro","metro"
"Jun 22, 2026 1:07 PM","(-) Expense","153.00","Food","Primary","lunch"
"Jun 22, 2026 4:43 PM","(-) Expense","19.00","Food","Cash","samosa"
"Jun 22, 2026 7:09 PM","(-) Expense","46.00","Transportation","Metro","metro"
"Jun 23, 2026 7:00 AM","(-) Expense","346.00","Sport","Primary","badminton court"
"Jun 23, 2026 8:19 AM","(-) Expense","10.00","Food","Primary","cutting chai"
"Jun 23, 2026 8:49 AM","(-) Expense","32.00","Transportation","Metro","metro"
"Jun 23, 2026 1:07 PM","(-) Expense","131.00","Food","Primary","thali"
"Jun 23, 2026 7:10 PM","(-) Expense","37.00","Transportation","Metro","metro"
"Jun 24, 2026 8:19 AM","(-) Expense","14.00","Food","Cash","tea"
"Jun 24, 2026 1:03 PM","(-) Expense","84.00","Food","Primary","dosa"
"Jun 25, 2026 8:49 AM","(-) Expense","48.00","Transportation","Metro","metro"
"Jun 25, 2026 1:07 PM","(-) Expense","77.00","Food","Primary","dosa"
"Jun 26, 2026 8:23 AM","(-) Expense","12.00","Food","Cash","cutting chai"
"Jun 26, 2026 8:49 AM","(-) Expense","27.00","Transportation","Primary","bus"
"Jun 26, 2026 1:05 PM","(-) Expense","107.00","Food","Primary","lunch"
"Jun 26, 2026 7:13 PM","(-) Expense","31.00","Transportation","Primary","bus"
"Jun 27, 2026 7:00 AM","(-) Expense","143.00","Sport","Primary","swimming"
"Jun 27, 2026 8:19 AM","(-) Expense","14.00","Food","Cash","tea"
"Jun 27, 2026 4:41 PM","(-) Expense","61.50","Food","Primary","fruit salad"
"Jun 27, 2026 6:19 PM","(-) Expense","387.00","Entertainment","Primary","movie"
"Jun 28, 2026 8:17 AM","(-) Expense","30.00","Food","Cash","filter coffee"
"Jun 28, 2026 1:03 PM","(-) Expense","183.00","Food","Primary","biryani"
"Jun 28, 2026 4:40 PM","(-) Expense","53.50","Food","Primary","ice cream"
"Jun 28, 2026 6:20 PM","(-) Expense","1469.00","Entertainment","Primary","game purchase"
"Jun 28, 2026 9:01 PM","(-) Expense","292.00","Food","Primary","pizza"
"Jun 29, 2026 8:22 AM","(-) Expense","32.00","Food","Primary","filter coffee"
"Jun 29, 2026 8:50 AM","(-) Expense","30.00","Transportation","Metro","metro"
"Jun 29, 2026 1:02 PM","(-) Expense","62.50","Food","Primary","dosa"
"Jun 29, 2026 7:07 PM","(-) Expense","39.00","Transportation","Metro","metro"
"Jun 29, 2026 9:00 PM","(-) Expense","114.00","Food","Primary","lunch"
"Jun 30, 2026 7:03 AM","(-) Expense","113.00","Sport","Primary","gym day pass"
"Jun 30, 2026 8:20 AM","(-) Expense","11.00","Food","Primary","tea"
"Jun 30, 2026 8:47 AM","(-) Expense","33.00","Transportation","Primary","bus"
"Jun 30, 2026 1:03 PM","(-) Expense","60.00","Food","Primary","idli"
"Jun 30, 2026 7:08 PM","(-) Expense","17.00","Transportation","Primary","bus"
"Jul 01, 2026 8:52 AM","(-) Expense","33.00","Transportation","Primary","bus"
"Jul 01, 2026 9:14 AM","(+) Income","55987.20","Salary","Primary","monthly salary"
"Jul 01, 2026 9:38 AM","(*) Transfer","9102.00","-","Primary->Savings","monthly save"
"Jul 01, 2026 9:55 AM","(*) Transfer","4318.50","-","Savings->Emergency","emergency fund"
"Jul 01, 2026 1:05 PM","(-) Expense","172.00","Food","Primary","thali"
"Jul 02, 2026 8:17 AM","(-) Expense","10.00","Food","Primary","cutting chai"
"Jul 02, 2026 8:53 AM","(-) Expense","42.00","Transportation","Primary","metro"
"Jul 02, 2026 10:08 AM","(-) Expense","11861.00","Home","Primary","rent share"
"Jul 02, 2026 1:07 PM","(-) Expense","80.50","Food","Primary","dosa"
"Jul 02, 2026 4:38 PM","(-) Expense","12.00","Food","Cash","cutting chai"
"Jul 03, 2026 8:07 AM","(*) Transfer","368.00","-","Primary->Metro","metro card top-up"
"Jul 03, 2026 8:18 AM","(-) Expense","11.00","Food","Cash","cutting chai"
"Jul 03, 2026 8:49 AM","(-) Expense","19.00","Transportation","Primary","bus"
"Jul 03, 2026 1:05 PM","(-) Expense","61.00","Food","Primary","idli"
"Jul 03, 2026 7:12 PM","(-) Expense","35.00","Transportation","Primary","bus"
"Jul 04, 2026 8:20 AM","(-) Expense","10.00","Food","Primary","tea"
"Jul 04, 2026 11:13 AM","(-) Expense","416.50","Ration","Primary","weekly veggies"
"Jul 04, 2026 11:27 AM","(-) Expense","108.50","Ration","Primary","milk and curd"
"Jul 04, 2026 11:29 AM","(-) Expense","271.50","Ration","Primary","rice and dal"
"Jul 04, 2026 1:03 PM","(-) Expense","362.00","Food","Primary","weekend brunch"
"Jul 04, 2026 8:09 PM","(-) Expense","170.00","Social","Primary","festival sweets"
"Jul 05, 2026 8:22 AM","(-) Expense","15.00","Food","Primary","tea"
"Jul 05, 2026 11:18 AM","(-) Expense","525.00","Bills","Primary","wifi"
"Jul 05, 2026 1:05 PM","(-) Expense","152.50","Food","Primary","burger"
"Jul 05, 2026 4:43 PM","(-) Expense","37.00","Food","Primary","poha"
"Jul 05, 2026 6:19 PM","(-) Expense","696.00","Entertainment","Primary","game purchase"
"Jul 05, 2026 8:11 PM","(-) Expense","398.50","Social","Primary","friend birthday gift"
"Jul 06, 2026 8:23 AM","(-) Expense","21.00","Food","Cash","filter coffee"
"Jul 06, 2026 8:48 AM","(-) Expense","46.50","Transportation","Metro","metro"
"Jul 06, 2026 4:42 PM","(-) Expense","46.00","Food","Cash","idli"
"Jul 06, 2026 7:12 PM","(-) Expense","49.00","Transportation","Metro","metro"
"Jul 07, 2026 7:00 AM","(-) Expense","42.00","Sport","Primary","sports drink"
"Jul 07, 2026 8:21 AM","(-) Expense","27.00","Food","Primary","filter coffee"
"Jul 07, 2026 1:04 PM","(-) Expense","57.00","Food","Primary","idli"
"Jul 08, 2026 8:23 AM","(-) Expense","11.00","Food","Primary","tea"
"Jul 08, 2026 8:51 AM","(-) Expense","35.00","Transportation","Primary","bus"
"Jul 08, 2026 12:12 PM","(-) Expense","1238.00","Bills","Primary","electricity"
"Jul 08, 2026 1:04 PM","(-) Expense","83.00","Food","Primary","dosa"
"Jul 08, 2026 4:42 PM","(-) Expense","40.00","Food","Primary","juice"
"Jul 09, 2026 7:00 AM","(-) Expense","290.00","Sport","Primary","badminton court"
"Jul 09, 2026 8:19 AM","(-) Expense","10.00","Food","Cash","cutting chai"
"Jul 09, 2026 8:53 AM","(-) Expense","48.00","Transportation","Primary","metro"
"Jul 09, 2026 1:06 PM","(-) Expense","69.00","Food","Primary","dosa"
"Jul 09, 2026 7:09 PM","(-) Expense","36.50","Transportation","Primary","metro"
"Jul 10, 2026 8:17 AM","(-) Expense","12.00","Food","Primary","cutting chai"
"Jul 10, 2026 8:52 AM","(-) Expense","16.00","Transportation","Primary","bus"
"Jul 10, 2026 1:02 PM","(-) Expense","47.00","Food","Primary","idli"
"Jul 10, 2026 7:12 PM","(-) Expense","32.00","Transportation","Primary","bus"
"Jul 11, 2026 8:21 AM","(-) Expense","11.00","Food","Cash","cutting chai"
"Jul 11, 2026 11:24 AM","(-) Expense","136.00","Ration","Primary","fruits"
"Jul 11, 2026 11:27 AM","(-) Expense","305.00","Ration","Primary","weekly veggies"
"Jul 11, 2026 11:28 AM","(-) Expense","130.00","Ration","Primary","fruits"
"Jul 11, 2026 11:36 AM","(-) Expense","362.50","Ration","Primary","chicken"
"Jul 11, 2026 1:08 PM","(-) Expense","184.00","Food","Primary","dinner"
"Jul 11, 2026 5:00 PM","(-) Expense","1470.00","Clothing","Primary","ethnic wear"
"Jul 12, 2026 8:17 AM","(-) Expense","28.00","Food","Primary","filter coffee"
"Jul 12, 2026 1:06 PM","(-) Expense","133.00","Food","Primary","thali"
"Jul 12, 2026 6:31 PM","(-) Expense","266.00","Telephone","Primary","prepaid top-up"
"Jul 12, 2026 9:03 PM","(-) Expense","435.00","Food","Primary","weekend brunch"
"Jul 13, 2026 8:18 AM","(-) Expense","10.00","Food","Primary","cutting chai"
"Jul 13, 2026 8:52 AM","(-) Expense","19.00","Transportation","Primary","bus"
"Jul 13, 2026 1:05 PM","(-) Expense","100.00","Food","Primary","lunch"
"Jul 13, 2026 3:30 PM","(-) Expense","845.00","Health","Primary","lab test"
"Jul 13, 2026 7:08 PM","(-) Expense","19.00","Transportation","Primary","bus"
"Jul 13, 2026 9:00 PM","(-) Expense","226.00","Food","Primary","biryani"
"Jul 14, 2026 7:00 AM","(-) Expense","70.00","Sport","Primary","swimming"
"Jul 14, 2026 8:19 AM","(-) Expense","10.00","Food","Primary","cutting chai"
"Jul 14, 2026 8:47 AM","(-) Expense","40.00","Transportation","Metro","metro"
"Jul 14, 2026 1:07 PM","(-) Expense","61.50","Food","Primary","dosa"
"Jul 14, 2026 4:37 PM","(-) Expense","40.00","Food","Cash","fruit salad"
"Jul 14, 2026 7:12 PM","(-) Expense","48.00","Transportation","Metro","metro"
"Jul 15, 2026 8:17 AM","(-) Expense","22.00","Food","Primary","filter coffee"
"Jul 15, 2026 8:53 AM","(-) Expense","54.00","Transportation","Primary","metro"
"Jul 15, 2026 1:07 PM","(-) Expense","89.50","Food","Primary","dosa"
"Jul 15, 2026 7:13 PM","(-) Expense","50.50","Transportation","Primary","metro"
"Jul 15, 2026 8:08 PM","(*) Transfer","4949.00","-","Primary->Credit","credit card payment"
"Jul 16, 2026 7:02 AM","(-) Expense","99.00","Sport","Primary","swimming"
"Jul 16, 2026 8:21 AM","(-) Expense","20.50","Food","Primary","filter coffee"
"Jul 16, 2026 8:50 AM","(-) Expense","23.00","Transportation","Primary","bus"
"Jul 16, 2026 1:03 PM","(-) Expense","95.00","Food","Primary","office cafeteria"
"Jul 16, 2026 7:11 PM","(-) Expense","21.00","Transportation","Primary","bus"
"Jul 17, 2026 8:17 AM","(-) Expense","13.00","Food","Primary","tea"
"Jul 17, 2026 8:48 AM","(-) Expense","32.00","Transportation","Primary","bus"
"Jul 17, 2026 1:08 PM","(-) Expense","144.50","Food","Primary","lunch"
"Jul 17, 2026 4:40 PM","(-) Expense","40.00","Food","Primary","idli"
"Jul 17, 2026 7:10 PM","(-) Expense","24.00","Transportation","Primary","bus"
"Jul 17, 2026 9:00 PM","(-) Expense","95.00","Food","Primary","burger"
"Jul 18, 2026 7:00 AM","(-) Expense","120.50","Sport","Primary","swimming"
"Jul 18, 2026 8:17 AM","(-) Expense","12.00","Food","Primary","cutting chai"
"Jul 18, 2026 1:05 PM","(-) Expense","374.00","Food","Primary","weekend brunch"
"Jul 18, 2026 3:31 PM","(-) Expense","522.00","Health","Primary","doctor consult"
"Jul 18, 2026 4:42 PM","(-) Expense","53.50","Food","Primary","dosa"
"Jul 18, 2026 6:22 PM","(-) Expense","621.50","Entertainment","Primary","game purchase"
"Jul 19, 2026 8:17 AM","(-) Expense","31.00","Food","Primary","filter coffee"
"Jul 19, 2026 11:07 AM","(-) Expense","341.00","Ration","Primary","rice and dal"
"Jul 19, 2026 11:37 AM","(-) Expense","166.50","Ration","Primary","fruits"
"Jul 19, 2026 1:04 PM","(-) Expense","143.00","Food","Primary","burger"
"Jul 20, 2026 8:19 AM","(-) Expense","13.00","Food","Primary","tea"
"Jul 20, 2026 8:51 AM","(-) Expense","16.00","Transportation","Primary","bus"
"Jul 20, 2026 1:06 PM","(-) Expense","126.00","Food","Primary","office cafeteria"
"Jul 20, 2026 4:43 PM","(-) Expense","15.00","Food","Cash","tea"
"Jul 20, 2026 5:42 PM","(*) Transfer","1308.00","-","Primary->Cash","atm cash"
"Jul 20, 2026 7:12 PM","(-) Expense","18.00","Transportation","Primary","bus"
"Jul 21, 2026 8:20 AM","(-) Expense","20.00","Food","Primary","filter coffee"
"Jul 21, 2026 8:50 AM","(-) Expense","53.00","Transportation","Metro","metro"
"Jul 21, 2026 1:02 PM","(-) Expense","50.00","Food","Primary","idli"
"Jul 21, 2026 4:38 PM","(-) Expense","11.00","Food","Primary","biscuit"
"Jul 21, 2026 7:13 PM","(-) Expense","57.00","Transportation","Metro","metro"
"Jul 22, 2026 8:21 AM","(-) Expense","26.00","Food","Primary","filter coffee"
"Jul 22, 2026 8:48 AM","(-) Expense","35.00","Transportation","Primary","bus"
"Jul 22, 2026 1:05 PM","(-) Expense","162.00","Food","Primary","thali"
"Jul 22, 2026 7:08 PM","(-) Expense","23.50","Transportation","Primary","bus"
"Jul 23, 2026 7:00 AM","(-) Expense","61.00","Sport","Primary","swimming"
"Jul 23, 2026 8:17 AM","(-) Expense","10.00","Food","Cash","cutting chai"
"Jul 23, 2026 8:51 AM","(-) Expense","43.00","Transportation","Metro","metro"
"Jul 23, 2026 1:03 PM","(-) Expense","167.50","Food","Primary","thali"
"Jul 23, 2026 4:42 PM","(-) Expense","25.00","Food","Cash","biscuit"
"Jul 23, 2026 7:13 PM","(-) Expense","48.00","Transportation","Metro","metro"
"Jul 23, 2026 9:00 PM","(-) Expense","679.00","Food","Primary","outside dinner"
"Jul 24, 2026 8:21 AM","(-) Expense","13.00","Food","Primary","tea"
"Jul 24, 2026 8:53 AM","(-) Expense","30.00","Transportation","Primary","bus"
"Jul 24, 2026 1:06 PM","(-) Expense","58.50","Food","Primary","idli"
"Jul 24, 2026 4:38 PM","(-) Expense","53.00","Food","Primary","juice"
"Jul 24, 2026 7:11 PM","(-) Expense","20.50","Transportation","Primary","bus"
"Jul 25, 2026 7:01 AM","(-) Expense","120.00","Sport","Primary","gym day pass"
"Jul 25, 2026 8:23 AM","(-) Expense","10.00","Food","Primary","cutting chai"
"Jul 25, 2026 4:38 PM","(-) Expense","47.00","Food","Primary","juice"
"Jul 25, 2026 7:33 PM","(-) Expense","215.00","gift","Primary","return gift"
"Jul 25, 2026 9:00 PM","(-) Expense","323.00","Food","Primary","weekend brunch"
"Jul 26, 2026 8:21 AM","(-) Expense","25.00","Food","Primary","filter coffee"
"Jul 26, 2026 4:40 PM","(-) Expense","81.00","Food","Primary","ice cream"
"Jul 26, 2026 9:00 PM","(-) Expense","268.00","Food","Primary","weekend brunch"
"Jul 27, 2026 8:19 AM","(-) Expense","27.50","Food","Primary","filter coffee"
"Jul 27, 2026 8:48 AM","(-) Expense","48.00","Transportation","Primary","metro"
"Jul 27, 2026 1:05 PM","(-) Expense","76.00","Food","Primary","dosa"
"Jul 27, 2026 4:40 PM","(-) Expense","42.50","Food","Cash","fruit salad"
"Jul 27, 2026 7:10 PM","(-) Expense","42.00","Transportation","Primary","metro"
"Jul 28, 2026 8:23 AM","(-) Expense","24.50","Food","Primary","filter coffee"
"Jul 28, 2026 8:53 AM","(-) Expense","46.50","Transportation","Metro","metro"
"Jul 28, 2026 1:04 PM","(-) Expense","88.00","Food","Primary","dosa"
"Jul 28, 2026 4:39 PM","(-) Expense","31.00","Food","Cash","filter coffee"
"Jul 28, 2026 7:11 PM","(-) Expense","51.00","Transportation","Metro","metro"
"Jul 28, 2026 9:00 PM","(-) Expense","280.00","Food","Primary","pizza"
"Jul 29, 2026 8:47 AM","(-) Expense","57.00","Transportation","Primary","metro"
"Jul 29, 2026 1:02 PM","(-) Expense","47.00","Food","Primary","idli"
"Jul 29, 2026 7:12 PM","(-) Expense","41.00","Transportation","Primary","metro"
"Jul 30, 2026 7:00 AM","(-) Expense","66.50","Sport","Primary","sports drink"
"Jul 30, 2026 8:50 AM","(-) Expense","16.00","Transportation","Primary","bus"
"Jul 30, 2026 1:08 PM","(-) Expense","56.00","Food","Primary","idli"
"Jul 30, 2026 4:41 PM","(-) Expense","31.00","Food","Cash","vada pav"
"Jul 30, 2026 9:02 PM","(-) Expense","246.00","Food","Primary","biryani"
"Jul 31, 2026 8:23 AM","(-) Expense","22.50","Food","Primary","filter coffee"
"Jul 31, 2026 8:47 AM","(-) Expense","19.00","Transportation","Primary","bus"
"Jul 31, 2026 1:05 PM","(-) Expense","102.00","Food","Primary","office cafeteria"
"Jul 31, 2026 7:09 PM","(-) Expense","24.50","Transportation","Primary","bus"
